Waktu Update,Ticker,Broksum,Kategori,Valuasi,PER (x),PBV (x),Harga (Rp),Harga MA20,Support,Resistance,Change (%),Volume,Vol Breakout,RSI (14D),Momentum,MA Signal,MA Cross,MACD,"Trend MA (5,20,50)",Status Bandar,OBV Trend,Status Gap,Tekanan Bandar,Status BB,Risiko,Pola Candle,Posisi Entry,Likuiditas,Posisi VWAP,Kekuatan A/D,Kelas Transaksi,RVOL (Anomali Vol),Fase Siklus Bandar,Karakter Gorengan,Sinyal Cuci Barang,Streak Harian,Auto Trading Plan,Status Open,Risk/Reward Ratio,Status Stochastic,Status Sentimen,Kondisi Supply,Status Fibonacci,Total Score,Rekomendasi,Status Akuisisi,Terakhir Update,Prediksi Machine Learning
11:55,AALI,Token Mati (Perlu Update),Big Cap (Lapis 1),Undervalued (Murah),8.058288,0.62757856,7825.0,8337,7700,8775,-0.3184713375796179,452500,Normal,43,Negatif,Downtrend,Bearish,Bearish MACD,Konsolidasi / Transisi,Normal,Distribusi (Turun),Normal,Seimbang / Adu Mekanik,Bottom Rebound,Tinggi,Normal,Dekat Support (Low Risk),> 1 Miliar,Di Bawah VWAP (Lemah),Distribusi Pro (Guyuran),Ritel Aktif (5M - 50M),Sepi (< 50%),Distribution (Fase Jualan),Normal,Normal,Turun 1 Hari Beruntun,TP: 8189 | CL: 7582,Normal,Sangat Menarik (> 1:3),Oversold (Jenuh Jual - Peluang),Netral / Sepi Berita,Normal / Sedang Transisi,Golden Rebound Fibo 38.2% 🎯,0,WAIT & SEE,TIDAK ADA,2026-09-28 11:55:04,Biasa / Mengikuti Pasar
11:55,ABDA,Transaksi Sepi (Skip Broksum),Mid Cap (Lapis 2),Overvalued (Mahal),26.826609,1.6976762,4920.0,4774,3990,5450,-0.2028397565922921,100,Normal,74,Negatif,Uptrend,Bullish,Bearish MACD,Perfect Uptrend (5>20>50),Normal,Distribusi (Turun),Normal,Tidak Ada Transaksi,Normal,Tinggi,Doji (Ragu-ragu),Rawan Pucuk (High Risk),< 1 Miliar,Persis di VWAP,Distribusi Pro (Guyuran),Gorengan Sepi (< 5M),Sepi (< 50%),Mark-Up (Fase Pesta),Spesialis Tiang Jemuran (Banting Pucuk),Normal,Turun 1 Hari Beruntun,TP: 5038 | CL: 4841,Normal,Tidak Ideal (< 1:1),Netral / Sideways,Netral / Sepi Berita,Normal / Sedang Transisi,Mengambang (Jauh dari Fibo),3,WAIT & SEE,TIDAK ADA,2026-09-28 11:55:04,Biasa / Mengikuti Pasar
11:55,ABMM,Token Mati (Perlu Update),Mid Cap (Lapis 2),Overvalued (Mahal),4.848825,8018.5757,2590.0,2791,2560,2980,-1.520912547528517,1668500,Tembus MA20,36,Negatif,Downtrend,Bearish,Strong Bearish,Konsolidasi / Transisi,Distribusi Kuat,Distribusi (Turun),Normal,Seimbang / Adu Mekanik,Normal,Sedang,Normal,Dekat Support (Low Risk),> 1 Miliar,Di Bawah VWAP (Lemah),Distribusi Pro (Guyuran),Gorengan Sepi (< 5M),Anomali Tinggi (150-300%),Distribution (Fase Jualan),Normal,Normal,Turun 3 Hari Beruntun,TP: 2715 | CL: 2506,Open = High (Tekanan Jual),Sangat Menarik (> 1:3),Oversold (Jenuh Jual - Peluang),Netral / Sepi Berita,Normal / Sedang Transisi,Mendekati Fibo 61.8% (Golden Ratio),1,WAIT & SEE,TIDAK ADA,2026-09-28 11:55:04,Biasa / Mengikuti Pasar
11:55,ACES,Token Mati (Perlu Update),Mid Cap (Lapis 2),Undervalued (Murah),7.6181936,0.9146546,340.0,350,336,360,-0.5847953216374269,4856600,Normal,38,Negatif,Downtrend,Bearish,Strong Bearish,Strong Downtrend (5<20<50),Normal,Distribusi (Turun),Normal,Seimbang / Adu Mekanik,Squeeze,Rendah,Normal,Dekat Support (Low Risk),> 1 Miliar,Persis di VWAP,Distribusi Pro (Guyuran),Gorengan Sepi (< 5M),Sepi (< 50%),Mark-Down (Fase Runtuh),Normal,Normal,Turun 3 Hari Beruntun,TP: 352 | CL: 331,Open = High (Tekanan Jual),Sangat Menarik (> 1:3),Netral / Sideways,Netral / Sepi Berita,Supply Kering (Siap Pump) 🏜️,Golden Rebound Fibo 61.8% (Golden Ratio) 🎯,0,WAIT & SEE,TIDAK ADA,2026-09-28 11:55:04,Biasa / Mengikuti Pasar
11:55,ACST,Transaksi Sepi (Skip Broksum),Mid Cap (Lapis 2),Fair Value (Wajar),0.0,-2.5035467,90.0,102,87,128,-9.090909090909092,2344100,Tembus MA20,44,Negatif,Downtrend,Bearish,Bearish MACD,Konsolidasi / Transisi,Normal,Distribusi (Turun),Gap Down (-8.1%),Dominan Jual (Guyur),Normal,Tinggi,Normal,Area Tengah,< 1 Miliar,Di Bawah VWAP (Lemah),Distribusi Pro (Guyuran),Gorengan Sepi (< 5M),Anomali Tinggi (150-300%),Distribution (Fase Jualan),Solid (Jarang Dibanting),Normal,Turun 2 Hari Beruntun,TP: 102 | CL: 81,Open = High (Tekanan Jual),Sangat Menarik (> 1:3),Oversold (Jenuh Jual - Peluang),Netral / Sepi Berita,Normal / Sedang Transisi,Mendekati Fibo 78.6%,1,WAIT & SEE,TIDAK ADA,2026-09-28 11:55:04,Biasa / Mengikuti Pasar
11:55,ADES,Token Mati (Perlu Update),Big Cap (Lapis 1),Overvalued (Mahal),21.950691,5.935006,35525.0,32308,31025,38000,4.485294117647059,78700,Tembus MA20,69,Positif,Uptrend,Bullish,Strong Bullish,Awal Reversal (5>20),Akumulasi Kuat,Akumulasi (Naik),Normal,Seimbang / Adu Mekanik,Breakout Upper,Sedang,Normal,Rawan Pucuk (High Risk),> 1 Miliar,Di Atas VWAP (Kuat),Akumulasi Pro (Smart Money),Gorengan Sepi (< 5M),Ledakan Ekstrem (> 300%),Accumulation (Kumpul Barang),Normal,Normal,Naik 1 Hari Beruntun,TP: 36700 | CL: 34741,Open = Low (Bullish Kuat),Tidak Ideal (< 1:1),Death Cross (Awal Bearish),Netral / Sepi Berita,Normal / Sedang Transisi,Dekat Support Fibo 50.0%,8,BELI,TIDAK ADA,2026-09-28 11:55:04,Biasa / Mengikuti Pasar
11:55,AISA,Transaksi Sepi (Skip Broksum),Small Cap (Lapis 3),Undervalued (Murah),12.4203825,0.91719383,117.0,119,112,146,0.8620689655172413,4255600,Normal,48,Positif,Downtrend,Bullish,Bearish MACD,Perfect Uptrend (5>20>50),Normal,Distribusi (Turun),Normal,Dominan Beli (Hajar Kanan),Normal,Sedang,Normal,Area Tengah,< 1 Miliar,Di Bawah VWAP (Lemah),Distribusi Pro (Guyuran),Gorengan Sepi (< 5M),Sepi (< 50%),Distribution (Fase Jualan),Spesialis Tiang Jemuran (Banting Pucuk),Jarum Bawah (Sinyal Pantulan Kuat),Naik 1 Hari Beruntun,TP: 129 | CL: 108,Normal,Sangat Menarik (> 1:3),Oversold (Jenuh Jual - Peluang),Netral / Sepi Berita,Normal / Sedang Transisi,Mendekati Fibo 61.8% (Golden Ratio),3,WAIT & SEE,TIDAK ADA,2026-09-28 11:55:04,Biasa / Mengikuti Pasar
11:55,AKKU,Transaksi Sepi (Skip Broksum),Small Cap (Lapis 3),Overvalued (Mahal),353.9823,0.65807873,40.0,38,38,48,-11.11111111111111,22039600,Tembus MA20,56,Negatif,Uptrend,Bullish,Strong Bullish,Perfect Uptrend (5>20>50),Distribusi Kuat,Distribusi (Turun),Gap Down (-4.4%),Dominan Jual (Guyur),Normal,Tinggi,Normal,Area Tengah,< 1 Miliar,Di Bawah VWAP (Lemah),Distribusi Pro (Guyuran),Gorengan Sepi (< 5M),Ledakan Ekstrem (> 300%),Mark-Up (Fase Pesta),Normal,Normal,Turun 1 Hari Beruntun,TP: 41 | CL: 38,Normal,Sangat Menarik (> 1:3),Netral / Sideways,Netral / Sepi Berita,Supply Banjir (Distribusi) 🌊,Mendekati Fibo Bottom / 100%,5,WAIT & SEE,TIDAK ADA,2026-09-28 11:55:04,Biasa / Mengikuti Pasar
11:55,AKPI,Transaksi Sepi (Skip Broksum),Small Cap (Lapis 3),Undervalued (Murah),3.556839,0.1597041,505.0,527,498,570,-0.9803921568627451,76600,Normal,43,Negatif,Downtrend,Bearish,Strong Bearish,Konsolidasi / Transisi,Normal,Akumulasi (Naik),Normal,Seimbang / Adu Mekanik,Bottom Rebound,Sedang,Normal,Dekat Support (Low Risk),< 1 Miliar,Di Bawah VWAP (Lemah),Distribusi Pro (Guyuran),Gorengan Sepi (< 5M),Sepi (< 50%),Distribution (Fase Jualan),Spesialis Tiang Jemuran (Banting Pucuk),Normal,Turun 2 Hari Beruntun,TP: 543 | CL: 479,Open = High (Tekanan Jual),Sangat Menarik (> 1:3),Oversold (Jenuh Jual - Peluang),Netral / Sepi Berita,Supply Kering (Siap Pump) 🏜️,Mendekati Fibo 78.6%,1,WAIT & SEE,TIDAK ADA,2026-09-28 11:55:04,Biasa / Mengikuti Pasar
11:55,AKRA,Token Mati (Perlu Update),Big Cap (Lapis 1),Fair Value (Wajar),10.529373,2.2155297,1450.0,1466,1385,1560,-1.023890784982935,4716200,Normal,50,Negatif,Downtrend,Bearish,Bearish MACD,Konsolidasi / Transisi,Normal,Distribusi (Turun),Normal,Dominan Jual (Guyur),Normal,Sedang,Normal,Area Tengah,> 1 Miliar,Persis di VWAP,Distribusi Pro (Guyuran),Ritel Aktif (5M - 50M),Sepi (< 50%),Distribution (Fase Jualan),Spesialis Tiang Jemuran (Banting Pucuk),Normal,Turun 2 Hari Beruntun,TP: 1509 | CL: 1410,Normal,Ideal (1:2),Netral / Sideways,Netral / Sepi Berita,Normal / Sedang Transisi,Mendekati Fibo 38.2%,0,WAIT & SEE,TIDAK ADA,2026-09-28 11:55:04,Biasa / Mengikuti Pasar
11:55,AKSI,Transaksi Sepi (Skip Broksum),Small Cap (Lapis 3),Fair Value (Wajar),14.762466,1.6963375,376.0,339,240,486,1.0752688172043012,701900,Normal,60,Positif,Uptrend,Bullish,Strong Bullish,Perfect Uptrend (5>20>50),Normal,Distribusi (Turun),Normal,Seimbang / Adu Mekanik,Normal,Tinggi,Doji (Ragu-ragu),Rawan Pucuk (High Risk),< 1 Miliar,Di Bawah VWAP (Lemah),Distribusi Pro (Guyuran),Gorengan Sepi (< 5M),Sepi (< 50%),Mark-Up (Fase Pesta),Spesialis Tiang Jemuran (Banting Pucuk),Normal,Naik 1 Hari Beruntun,TP: 460 | CL: 319,Normal,Tidak Ideal (< 1:1),Netral / Sideways,Netral / Sepi Berita,Normal / Sedang Transisi,Dekat Support Fibo 38.2%,5,WAIT & SEE,TIDAK ADA,2026-09-28 11:55:04,Biasa / Mengikuti Pasar
11:55,ALDO,Transaksi Sepi (Skip Broksum),Mid Cap (Lapis 2),Overvalued (Mahal),28.820173,2.3338017,960.0,951,895,1005,0.0,68000,Normal,60,Negatif,Uptrend,Bullish,Bearish MACD,Perfect Uptrend (5>20>50),Normal,Akumulasi (Naik),Normal,Dominan Jual (Guyur),Squeeze,Rendah,Doji (Ragu-ragu),Area Tengah,< 1 Miliar,Persis di VWAP,Akumulasi Pro (Smart Money),Gorengan Sepi (< 5M),Normal (50-150%),Mark-Up (Fase Pesta),Spesialis Tiang Jemuran (Banting Pucuk),Normal,Sideways / Stagnan,TP: 1011 | CL: 925,Normal,Tidak Ideal (< 1:1),Death Cross (Awal Bearish),Netral / Sepi Berita,Normal / Sedang Transisi,Dekat Support Fibo 23.6%,4,WAIT & SEE,TIDAK ADA,2026-09-28 11:55:04,Biasa / Mengikuti Pasar
11:55,AMAG,Transaksi Sepi (Skip Broksum),Mid Cap (Lapis 2),Undervalued (Murah),8.561873,0.88890535,384.0,387,372,390,-0.5181347150259068,2600,Normal,33,Negatif,Downtrend,Bearish,Strong Bearish,Strong Downtrend (5<20<50),Normal,Akumulasi (Naik),Normal,Dominan Jual (Guyur),Squeeze,Rendah,Normal,Area Tengah,< 1 Miliar,Persis di VWAP,Akumulasi Pro (Smart Money),Gorengan Sepi (< 5M),Sepi (< 50%),Mark-Down (Fase Runtuh),Solid (Jarang Dibanting),Normal,Turun 2 Hari Beruntun,TP: 391 | CL: 378,Open = High (Tekanan Jual),Tidak Ideal (< 1:1),Death Cross (Awal Bearish),Netral / Sepi Berita,Supply Kering (Siap Pump) 🏜️,Golden Rebound Fibo 61.8% (Golden Ratio) 🎯,1,WAIT & SEE,TIDAK ADA,2026-09-28 11:55:04,Biasa / Mengikuti Pasar
11:55,AMFG,Transaksi Sepi (Skip Broksum),Mid Cap (Lapis 2),Undervalued (Murah),12.225127,0.28850758,3180.0,3293,3170,3330,0.0,6800,Normal,38,Negatif,Downtrend,Bearish,Strong Bearish,Konsolidasi / Transisi,Normal,Distribusi (Turun),Gap Up (+3.8%),Dominan Jual (Guyur),Squeeze,Rendah,Normal,Dekat Support (Low Risk),< 1 Miliar,Di Bawah VWAP (Lemah),Distribusi Pro (Guyuran),Gorengan Sepi (< 5M),Normal (50-150%),Distribution (Fase Jualan),Solid (Jarang Dibanting),Normal,Sideways / Stagnan,TP: 3298 | CL: 3100,Open = High (Tekanan Jual),Sangat Menarik (> 1:3),Netral / Sideways,Netral / Sepi Berita,Normal / Sedang Transisi,Dekat Support Fibo 50.0%,1,WAIT & SEE,TIDAK ADA,2026-09-28 11:55:04,Biasa / Mengikuti Pasar
11:55,AMIN,Transaksi Sepi (Skip Broksum),Small Cap (Lapis 3),Fair Value (Wajar),0.0,1.3524222,256.0,250,230,298,-1.5384615384615385,99600,Normal,53,Negatif,Uptrend,Bullish,Strong Bullish,Perfect Uptrend (5>20>50),Normal,Distribusi (Turun),Normal,Dominan Jual (Guyur),Normal,Tinggi,Normal,Rawan Pucuk (High Risk),< 1 Miliar,Di Bawah VWAP (Lemah),Distribusi Pro (Guyuran),Gorengan Sepi (< 5M),Sepi (< 50%),Mark-Up (Fase Pesta),Spesialis Tiang Jemuran (Banting Pucuk),Normal,Turun 3 Hari Beruntun,TP: 288 | CL: 234,Normal,Ideal (1:2),Netral / Sideways,Netral / Sepi Berita,Normal / Sedang Transisi,Mendekati Fibo 61.8% (Golden Ratio),4,WAIT & SEE,TIDAK ADA,2026-09-28 11:55:04,Biasa / Mengikuti Pasar
11:55,AMRT,Token Mati (Perlu Update),Big Cap (Lapis 1),Overvalued (Mahal),15.4651165,3.070211,1330.0,1306,1240,1360,1.9157088122605364,10234700,Normal,52,Positif,Uptrend,Bearish,Bullish MACD,Konsolidasi / Transisi,Normal,Distribusi (Turun),Normal,Dominan Beli (Hajar Kanan),Squeeze,Rendah,Normal,Area Tengah,> 1 Miliar,Di Atas VWAP (Kuat),Akumulasi Pro (Smart Money),Ritel Aktif (5M - 50M),Sepi (< 50%),Accumulation (Kumpul Barang),Spesialis Tiang Jemuran (Banting Pucuk),Normal,Naik 2 Hari Beruntun,TP: 1384 | CL: 1293,Normal,Tidak Ideal (< 1:1),Netral / Sideways,Netral / Sepi Berita,Normal / Sedang Transisi,Dekat Support Fibo 61.8% (Golden Ratio),5,WAIT & SEE,TIDAK ADA,2026-09-28 11:55:04,Biasa / Mengikuti Pasar
11:55,ANJT,Transaksi Sepi (Skip Broksum),Mid Cap (Lapis 2),Fair Value (Wajar),0.0,1.2464312,1580.0,1590,1550,1635,-0.628930817610063,33700,Normal,52,Negatif,Downtrend,Bearish,Bearish MACD,Konsolidasi / Transisi,Normal,Distribusi (Turun),Normal,Seimbang / Adu Mekanik,Squeeze,Rendah,Normal,Dekat Support (Low Risk),< 1 Miliar,Persis di VWAP,Distribusi Pro (Guyuran),Gorengan Sepi (< 5M),Normal (50-150%),Distribution (Fase Jualan),Spesialis Tiang Jemuran (Banting Pucuk),Jarum Bawah (Sinyal Pantulan Kuat),Turun 1 Hari Beruntun,TP: 1625 | CL: 1550,Normal,Ideal (1:2),Netral / Sideways,Netral / Sepi Berita,Supply Kering (Siap Pump) 🏜️,Golden Rebound Fibo 23.6% 🎯,1,WAIT & SEE,TIDAK ADA,2026-09-28 11:55:04,Biasa / Mengikuti Pasar
11:55,ANTM,Token Mati (Perlu Update),Big Cap (Lapis 1),Fair Value (Wajar),8.475491,2.024593,3150.0,3196,3020,3370,-2.476780185758514,37075000,Normal,48,Negatif,Downtrend,Bullish,Bearish MACD,Perfect Uptrend (5>20>50),Normal,Distribusi (Turun),Normal,Dominan Jual (Guyur),Normal,Sedang,Normal,Area Tengah,> 1 Miliar,Di Bawah VWAP (Lemah),Distribusi Pro (Guyuran),Sultan (> 50M/hari),Sepi (< 50%),Distribution (Fase Jualan),Spesialis Tiang Jemuran (Banting Pucuk),Normal,Turun 3 Hari Beruntun,TP: 3333 | CL: 3027,Normal,Ideal (1:2),Netral / Sideways,Netral / Sepi Berita,Normal / Sedang Transisi,Mendekati Fibo 38.2%,1,WAIT & SEE,TIDAK ADA,2026-09-28 11:55:04,Biasa / Mengikuti Pasar
11:55,APEX,Token Mati (Perlu Update),Small Cap (Lapis 3),Overvalued (Mahal),5.9884315,8800.0,176.0,194,169,218,2.3255813953488373,5934500,Normal,41,Positif,Downtrend,Bearish,Strong Bearish,Konsolidasi / Transisi,Normal,Distribusi (Turun),Normal,Dominan Beli (Hajar Kanan),Normal,Tinggi,Normal,Area Tengah,> 1 Miliar,Di Bawah VWAP (Lemah),Distribusi Pro (Guyuran),Gorengan Sepi (< 5M),Sepi (< 50%),Distribution (Fase Jualan),Normal,Normal,Naik 1 Hari Beruntun,TP: 191 | CL: 165,Normal,Sangat Menarik (> 1:3),Oversold (Jenuh Jual - Peluang),Netral / Sepi Berita,Normal / Sedang Transisi,Mengambang (Jauh dari Fibo),2,WAIT & SEE,TIDAK ADA,2026-09-28 11:55:04,Biasa / Mengikuti Pasar
11:55,APIC,Transaksi Sepi (Skip Broksum),Mid Cap (Lapis 2),Overvalued (Mahal),45.0,1.437376,396.0,451,380,515,-1.0,177600,Normal,28,Negatif,Downtrend,Bearish,Strong Bearish,Strong Downtrend (5<20<50),Normal,Distribusi (Turun),Normal,Dominan Jual (Guyur),Normal,Tinggi,Normal,Area Tengah,< 1 Miliar,Persis di VWAP,Akumulasi Pro (Smart Money),Gorengan Sepi (< 5M),Sepi (< 50%),Mark-Down (Fase Runtuh),Normal,Normal,Turun 3 Hari Beruntun,TP: 432 | CL: 371,Open = High (Tekanan Jual),Sangat Menarik (> 1:3),Oversold (Jenuh Jual - Peluang),Netral / Sepi Berita,Normal / Sedang Transisi,Mendekati Fibo Bottom / 100%,0,WAIT & SEE,TIDAK ADA,2026-09-28 11:55:04,Biasa / Mengikuti Pasar
11:55,APII,Transaksi Sepi (Skip Broksum),Small Cap (Lapis 3),Undervalued (Murah),10.116069,0.50298214,190.0,194,181,256,-0.5235602094240838,242700,Normal,46,Negatif,Downtrend,Bullish,Bearish MACD,Perfect Uptrend (5>20>50),Normal,Akumulasi (Naik),Normal,Seimbang / Adu Mekanik,Normal,Sedang,Normal,Area Tengah,< 1 Miliar,Di Bawah VWAP (Lemah),Distribusi Pro (Guyuran),Gorengan Sepi (< 5M),Sepi (< 50%),Distribution (Fase Jualan),Normal,Normal,Turun 4 Hari Beruntun,TP: 216 | CL: 172,Normal,Sangat Menarik (> 1:3),Oversold (Jenuh Jual - Peluang),Netral / Sepi Berita,Normal / Sedang Transisi,Golden Rebound Fibo 78.6% 🎯,2,WAIT & SEE,TIDAK ADA,2026-09-28 11:55:04,Biasa / Mengikuti Pasar
11:55,APLI,Transaksi Sepi (Skip Broksum),Small Cap (Lapis 3),Overvalued (Mahal),25.444342,1.262726,272.0,279,266,314,1.4925373134328357,52300,Normal,47,Positif,Downtrend,Bearish,Bearish MACD,Konsolidasi / Transisi,Normal,Distribusi (Turun),Normal,Seimbang / Adu Mekanik,Normal,Sedang,Normal,Dekat Support (Low Risk),< 1 Miliar,Di Bawah VWAP (Lemah),Akumulasi Pro (Smart Money),Gorengan Sepi (< 5M),Sepi (< 50%),Distribution (Fase Jualan),Spesialis Tiang Jemuran (Banting Pucuk),Normal,Naik 1 Hari Beruntun,TP: 298 | CL: 254,Open = Low (Bullish Kuat),Sangat Menarik (> 1:3),Oversold (Jenuh Jual - Peluang),Netral / Sepi Berita,Supply Kering (Siap Pump) 🏜️,Golden Rebound Fibo 50.0% 🎯,1,WAIT & SEE,TIDAK ADA,2026-09-28 11:55:04,Biasa / Mengikuti Pasar
11:55,APLN,Transaksi Sepi (Skip Broksum),Mid Cap (Lapis 2),Undervalued (Murah),6.536313,0.22651109,118.0,127,115,139,0.8547008547008548,5597400,Normal,36,Positif,Downtrend,Bearish,Strong Bearish,Strong Downtrend (5<20<50),Normal,Distribusi (Turun),Normal,Dominan Beli (Hajar Kanan),Normal,Tinggi,Normal,Dekat Support (Low Risk),< 1 Miliar,Di Bawah VWAP (Lemah),Distribusi Pro (Guyuran),Gorengan Sepi (< 5M),Sepi (< 50%),Mark-Down (Fase Runtuh),Normal,Normal,Naik 1 Hari Beruntun,TP: 125 | CL: 112,Normal,Sangat Menarik (> 1:3),Oversold (Jenuh Jual - Peluang),Netral / Sepi Berita,Normal / Sedang Transisi,Mendekati Fibo 78.6%,2,WAIT & SEE,TIDAK ADA,2026-09-28 11:55:04,Biasa / Mengikuti Pasar
11:55,ARGO,Transaksi Sepi (Skip Broksum),Mid Cap (Lapis 2),Overvalued (Mahal),151.3872,24.970156,1255.0,1181,1145,1340,-1.5686274509803921,142600,Normal,63,Negatif,Uptrend,Bullish,Strong Bullish,Perfect Uptrend (5>20>50),Normal,Akumulasi (Naik),Normal,Seimbang / Adu Mekanik,Breakout Upper,Sedang,Normal,Area Tengah,< 1 Miliar,Di Atas VWAP (Kuat),Akumulasi Pro (Smart Money),Gorengan Sepi (< 5M),Sepi (< 50%),Mark-Up (Fase Pesta),Spesialis Tiang Jemuran (Banting Pucuk),Normal,Turun 1 Hari Beruntun,TP: 1328 | CL: 1205,Normal,Tidak Ideal (< 1:1),Netral / Sideways,Netral / Sepi Berita,Normal / Sedang Transisi,Mendekati Fibo 23.6%,5,WAIT & SEE,TIDAK ADA,2026-09-28 11:55:04,Biasa / Mengikuti Pasar
11:55,ARII,Transaksi Sepi (Skip Broksum),Mid Cap (Lapis 2),Overvalued (Mahal),14.416777,15714.286,330.0,307,284,350,1.2269938650306749,38300,Normal,65,Positif,Uptrend,Bullish,Strong Bullish,Perfect Uptrend (5>20>50),Normal,Akumulasi (Naik),Normal,Dominan Beli (Hajar Kanan),Normal,Tinggi,Hammer (Potensi Reversal),Rawan Pucuk (High Risk),< 1 Miliar,Di Atas VWAP (Kuat),Akumulasi Pro (Smart Money),Gorengan Sepi (< 5M),Sepi (< 50%),Mark-Up (Fase Pesta),Normal,Jarum Bawah (Sinyal Pantulan Kuat),Naik 1 Hari Beruntun,TP: 358 | CL: 311,Normal,Tidak Ideal (< 1:1),Netral / Sideways,Netral / Sepi Berita,Normal / Sedang Transisi,Golden Rebound Fibo 23.6% 🎯,7,BELI,TIDAK ADA,2026-09-28 11:55:04,Biasa / Mengikuti Pasar
11:55,ARNA,Transaksi Sepi (Skip Broksum),Mid Cap (Lapis 2),Fair Value (Wajar),8.807588,2.0116134,520.0,512,494,540,-1.8867924528301887,1435300,Normal,60,Negatif,Uptrend,Bullish,Strong Bullish,Perfect Uptrend (5>20>50),Normal,Akumulasi (Naik),Normal,Seimbang / Adu Mekanik,Squeeze,Rendah,Normal,Area Tengah,< 1 Miliar,Persis di VWAP,Akumulasi Pro (Smart Money),Gorengan Sepi (< 5M),Sepi (< 50%),Mark-Up (Fase Pesta),Solid (Jarang Dibanting),Normal,Turun 1 Hari Beruntun,TP: 541 | CL: 505,Open = High (Tekanan Jual),Tidak Ideal (< 1:1),Death Cross (Awal Bearish),Netral / Sepi Berita,Normal / Sedang Transisi,Dekat Support Fibo 23.6%,5,WAIT & SEE,TIDAK ADA,2026-09-28 11:55:04,Biasa / Mengikuti Pasar
11:55,ARTA,Transaksi Sepi (Skip Broksum),Small Cap (Lapis 3),Overvalued (Mahal),0.0,6.375735,2060.0,2227,2050,2420,-0.4830917874396135,200,Normal,37,Negatif,Downtrend,Bearish,Strong Bearish,Strong Downtrend (5<20<50),Normal,Distribusi (Turun),Normal,Dominan Jual (Guyur),Bottom Rebound,Tinggi,Normal,Dekat Support (Low Risk),< 1 Miliar,Di Bawah VWAP (Lemah),Distribusi Pro (Guyuran),Gorengan Sepi (< 5M),Sepi (< 50%),Mark-Down (Fase Runtuh),Normal,Normal,Turun 2 Hari Beruntun,TP: 2215 | CL: 1956,Open = High (Tekanan Jual),Sangat Menarik (> 1:3),Oversold (Jenuh Jual - Peluang),Netral / Sepi Berita,Supply Banjir (Distribusi) 🌊,Golden Rebound Fibo Bottom / 100% 🎯,0,WAIT & SEE,TIDAK ADA,2026-09-28 11:55:04,Biasa / Mengikuti Pasar
11:55,ARTO,Token Mati (Perlu Update),Big Cap (Lapis 1),Overvalued (Mahal),35.161156,1.2899343,840.0,954,830,1080,-1.1764705882352942,3219400,Normal,27,Negatif,Downtrend,Bearish,Strong Bearish,Strong Downtrend (5<20<50),Normal,Distribusi (Turun),Normal,Seimbang / Adu Mekanik,Normal,Tinggi,Normal,Dekat Support (Low Risk),> 1 Miliar,Di Bawah VWAP (Lemah),Distribusi Pro (Guyuran),Ritel Aktif (5M - 50M),Sepi (< 50%),Mark-Down (Fase Runtuh),Normal,Normal,Turun 3 Hari Beruntun,TP: 898 | CL: 801,Open = High (Tekanan Jual),Sangat Menarik (> 1:3),Oversold (Jenuh Jual - Peluang),Netral / Sepi Berita,Normal / Sedang Transisi,Golden Rebound Fibo Bottom / 100% 🎯,0,WAIT & SEE,TIDAK ADA,2026-09-28 11:55:04,Biasa / Mengikuti Pasar
11:55,ASBI,Transaksi Sepi (Skip Broksum),Small Cap (Lapis 3),Undervalued (Murah),7.9697475,0.29367387,392.0,398,386,434,0.0,9300,Normal,40,Negatif,Downtrend,Bearish,Strong Bearish,Strong Downtrend (5<20<50),Normal,Distribusi (Turun),Normal,Dominan Beli (Hajar Kanan),Squeeze,Rendah,Hammer (Potensi Reversal),Dekat Support (Low Risk),< 1 Miliar,Persis di VWAP,Distribusi Pro (Guyuran),Gorengan Sepi (< 5M),Sepi (< 50%),Mark-Down (Fase Runtuh),Spesialis Tiang Jemuran (Banting Pucuk),Jarum Bawah (Sinyal Pantulan Kuat),Sideways / Stagnan,TP: 405 | CL: 382,Open = High (Tekanan Jual),Sangat Menarik (> 1:3),Oversold (Jenuh Jual - Peluang),Netral / Sepi Berita,Supply Kering (Siap Pump) 🏜️,Golden Rebound Fibo Bottom / 100% 🎯,1,WAIT & SEE,TIDAK ADA,2026-09-28 11:55:04,Biasa / Mengikuti Pasar
11:55,ASDM,Transaksi Sepi (Skip Broksum),Small Cap (Lapis 3),Undervalued (Murah),10.308226,0.53670245,505.0,515,498,525,0.0,500,Normal,41,Negatif,Downtrend,Bearish,Strong Bearish,Konsolidasi / Transisi,Normal,Distribusi (Turun),Normal,Dominan Jual (Guyur),Squeeze,Rendah,Normal,Dekat Support (Low Risk),< 1 Miliar,Di Bawah VWAP (Lemah),Akumulasi Pro (Smart Money),Gorengan Sepi (< 5M),Sepi (< 50%),Distribution (Fase Jualan),Normal,Normal,Sideways / Stagnan,TP: 516 | CL: 497,Open = High (Tekanan Jual),Ideal (1:2),Netral / Sideways,Netral / Sepi Berita,Supply Kering (Siap Pump) 🏜️,Golden Rebound Fibo 78.6% 🎯,0,WAIT & SEE,TIDAK ADA,2026-09-28 11:55:04,Biasa / Mengikuti Pasar
11:55,ASGR,Token Mati (Perlu Update),Mid Cap (Lapis 2),Undervalued (Murah),9.309991,1.4486023,2090.0,2136,2040,2300,-0.4761904761904762,727000,Normal,54,Negatif,Downtrend,Bearish,Bearish MACD,Konsolidasi / Transisi,Normal,Distribusi (Turun),Normal,Seimbang / Adu Mekanik,Normal,Sedang,Normal,Dekat Support (Low Risk),> 1 Miliar,Persis di VWAP,Distribusi Pro (Guyuran),Gorengan Sepi (< 5M),Normal (50-150%),Distribution (Fase Jualan),Normal,Normal,Turun 3 Hari Beruntun,TP: 2183 | CL: 2027,Normal,Sangat Menarik (> 1:3),Netral / Sideways,Netral / Sepi Berita,Normal / Sedang Transisi,Dekat Support Fibo 38.2%,1,WAIT & SEE,TIDAK ADA,2026-09-28 11:55:04,Biasa / Mengikuti Pasar
11:55,ASII,Token Mati (Perlu Update),Big Cap (Lapis 1),Undervalued (Murah),6.3371525,0.8137815,4690.0,4856,4650,5050,0.0,11672600,Normal,38,Negatif,Downtrend,Bearish,Strong Bearish,Strong Downtrend (5<20<50),Normal,Distribusi (Turun),Normal,Seimbang / Adu Mekanik,Squeeze,Rendah,Normal,Dekat Support (Low Risk),> 1 Miliar,Di Bawah VWAP (Lemah),Distribusi Pro (Guyuran),Sultan (> 50M/hari),Sepi (< 50%),Mark-Down (Fase Runtuh),Spesialis Tiang Jemuran (Banting Pucuk),Normal,Sideways / Stagnan,TP: 4826 | CL: 4599,Normal,Sangat Menarik (> 1:3),Oversold (Jenuh Jual - Peluang),Netral / Sepi Berita,Normal / Sedang Transisi,Golden Rebound Fibo 78.6% 🎯,0,WAIT & SEE,TIDAK ADA,2026-09-28 11:55:04,Biasa / Mengikuti Pasar
11:55,ASJT,Transaksi Sepi (Skip Broksum),Small Cap (Lapis 3),Fair Value (Wajar),0.0,0.7364516,160.0,161,159,181,-1.2345679012345678,36600,Normal,48,Negatif,Downtrend,Death Cross,Bearish MACD,Konsolidasi / Transisi,Normal,Distribusi (Turun),Normal,Dominan Jual (Guyur),Squeeze,Rendah,Normal,Dekat Support (Low Risk),< 1 Miliar,Di Bawah VWAP (Lemah),Distribusi Pro (Guyuran),Gorengan Sepi (< 5M),Sepi (< 50%),Distribution (Fase Jualan),Spesialis Tiang Jemuran (Banting Pucuk),Normal,Turun 2 Hari Beruntun,TP: 168 | CL: 154,Normal,Sangat Menarik (> 1:3),Oversold (Jenuh Jual - Peluang),Netral / Sepi Berita,Supply Kering (Siap Pump) 🏜️,Mengambang (Jauh dari Fibo),0,WAIT & SEE,TIDAK ADA,2026-09-28 11:55:04,Biasa / Mengikuti Pasar
11:55,ASMI,Token Mati (Perlu Update),Small Cap (Lapis 3),Fair Value (Wajar),0.0,0.6572575,19.0,15,14,21,18.75,145069200,Tembus MA20,65,Positif,Uptrend,Bullish,Strong Bullish,Awal Reversal (5>20),Akumulasi Kuat,Akumulasi (Naik),Gap Up (+6.2%),Seimbang / Adu Mekanik,Breakout Upper,Tinggi,Normal,Rawan Pucuk (High Risk),> 1 Miliar,Di Atas VWAP (Kuat),Distribusi Pro (Guyuran),Gorengan Sepi (< 5M),Ledakan Ekstrem (> 300%),Accumulation (Kumpul Barang),Normal,Normal,Naik 1 Hari Beruntun,TP: 20 | CL: 17,Open = Low (Bullish Kuat),Tidak Ideal (< 1:1),Netral / Sideways,Netral / Sepi Berita,Normal / Sedang Transisi,Dekat Support Fibo 38.2%,9,BELI,TIDAK ADA,2026-09-28 11:55:04,⚠️ Anomali (Sudah Terbang)
11:55,ASRI,Transaksi Sepi (Skip Broksum),Mid Cap (Lapis 2),Undervalued (Murah),8.431237,0.20824051,122.0,125,118,132,2.5210084033613445,4124000,Normal,47,Positif,Downtrend,Bearish,Strong Bearish,Konsolidasi / Transisi,Normal,Distribusi (Turun),Normal,Dominan Beli (Hajar Kanan),Bottom Rebound,Sedang,Normal,Area Tengah,< 1 Miliar,Persis di VWAP,Akumulasi Pro (Smart Money),Gorengan Sepi (< 5M),Normal (50-150%),Distribution (Fase Jualan),Normal,Normal,Naik 1 Hari Beruntun,TP: 128 | CL: 118,Normal,Ideal (1:2),Golden Cross (Awal Bullish),Netral / Sepi Berita,Normal / Sedang Transisi,Mendekati Fibo 61.8% (Golden Ratio),2,WAIT & SEE,TIDAK ADA,2026-09-28 11:55:04,Biasa / Mengikuti Pasar
11:55,ASRM,Transaksi Sepi (Skip Broksum),Small Cap (Lapis 3),Overvalued (Mahal),65.40285,0.4545844,276.0,284,266,350,0.7299270072992701,77500,Normal,44,Positif,Downtrend,Death Cross,Bearish MACD,Konsolidasi / Transisi,Normal,Distribusi (Turun),Normal,Seimbang / Adu Mekanik,Squeeze,Rendah,Normal,Area Tengah,< 1 Miliar,Di Bawah VWAP (Lemah),Distribusi Pro (Guyuran),Gorengan Sepi (< 5M),Sepi (< 50%),Distribution (Fase Jualan),Normal,Normal,Naik 1 Hari Beruntun,TP: 291 | CL: 265,Open = High (Tekanan Jual),Sangat Menarik (> 1:3),Oversold (Jenuh Jual - Peluang),Netral / Sepi Berita,Supply Kering (Siap Pump) 🏜️,Mengambang (Jauh dari Fibo),1,WAIT & SEE,TIDAK ADA,2026-09-28 11:55:04,Biasa / Mengikuti Pasar
11:55,ASSA,Transaksi Sepi (Skip Broksum),Mid Cap (Lapis 2),Undervalued (Murah),5.224147,0.9550786,585.0,614,580,665,-0.847457627118644,1448300,Normal,39,Negatif,Downtrend,Bearish,Strong Bearish,Strong Downtrend (5<20<50),Normal,Distribusi (Turun),Normal,Dominan Jual (Guyur),Normal,Tinggi,Normal,Dekat Support (Low Risk),< 1 Miliar,Di Bawah VWAP (Lemah),Distribusi Pro (Guyuran),Gorengan Sepi (< 5M),Sepi (< 50%),Mark-Down (Fase Runtuh),Spesialis Tiang Jemuran (Banting Pucuk),Normal,Turun 3 Hari Beruntun,TP: 611 | CL: 567,Normal,Sangat Menarik (> 1:3),Oversold (Jenuh Jual - Peluang),Netral / Sepi Berita,Normal / Sedang Transisi,Mendekati Fibo Bottom / 100%,0,WAIT & SEE,TIDAK ADA,2026-09-28 11:55:04,Biasa / Mengikuti Pasar
11:55,ATIC,Transaksi Sepi (Skip Broksum),Mid Cap (Lapis 2),Fair Value (Wajar),7.182761,1.6711851,450.0,457,430,472,3.211009174311927,166600,Tembus MA20,45,Positif,Downtrend,Bearish,Strong Bearish,Strong Downtrend (5<20<50),Normal,Akumulasi (Naik),Gap Up (+5.0%),Dominan Beli (Hajar Kanan),Normal,Sedang,Hammer (Potensi Reversal),Area Tengah,< 1 Miliar,Persis di VWAP,Distribusi Pro (Guyuran),Gorengan Sepi (< 5M),Normal (50-150%),Mark-Down (Fase Runtuh),Normal,Jarum Bawah (Sinyal Pantulan Kuat),Naik 1 Hari Beruntun,TP: 468 | CL: 437,Open = High (Tekanan Jual),Menengah (1:1),Netral / Sideways,Netral / Sepi Berita,Normal / Sedang Transisi,Mendekati Fibo Bottom / 100%,5,WAIT & SEE,TIDAK ADA,2026-09-28 11:55:04,Biasa / Mengikuti Pasar
11:55,AUTO,Token Mati (Perlu Update),Big Cap (Lapis 1),Undervalued (Murah),6.647768,1.0036889,3330.0,3350,3280,3510,-1.4792899408284024,549400,Normal,59,Negatif,Downtrend,Bullish,Bearish MACD,Perfect Uptrend (5>20>50),Normal,Distribusi (Turun),Normal,Dominan Jual (Guyur),Squeeze,Rendah,Normal,Dekat Support (Low Risk),> 1 Miliar,Di Bawah VWAP (Lemah),Distribusi Pro (Guyuran),Ritel Aktif (5M - 50M),Sepi (< 50%),Distribution (Fase Jualan),Spesialis Tiang Jemuran (Banting Pucuk),Normal,Turun 1 Hari Beruntun,TP: 3424 | CL: 3267,Normal,Sangat Menarik (> 1:3),Netral / Sideways,Netral / Sepi Berita,Supply Kering (Siap Pump) 🏜️,Mendekati Fibo 23.6%,2,WAIT & SEE,TIDAK ADA,2026-09-28 11:55:04,Biasa / Mengikuti Pasar
11:55,BABP,Transaksi Sepi (Skip Broksum),Mid Cap (Lapis 2),Fair Value (Wajar),23.118279,0.5043101,43.0,49,43,50,-14.000000000000002,733500,Tembus MA20,0,Negatif,Downtrend,Death Cross,Strong Bearish,Strong Downtrend (5<20<50),Normal,Distribusi (Turun),Gap Down (-14.0%),Tidak Ada Transaksi,Normal,Sedang,Doji (Ragu-ragu),Dekat Support (Low Risk),< 1 Miliar,Di Bawah VWAP (Lemah),Netral,Gorengan Sepi (< 5M),Ledakan Ekstrem (> 300%),Mark-Down (Fase Runtuh),Solid (Jarang Dibanting),Normal,Turun 1 Hari Beruntun,TP: 43 | CL: 42,Normal,Di Area Support,Oversold (Jenuh Jual - Peluang),Netral / Sepi Berita,Normal / Sedang Transisi,Golden Rebound Fibo Bottom / 100% 🎯,1,WAIT & SEE,TIDAK ADA,2026-09-28 11:55:04,Biasa / Mengikuti Pasar
11:55,BACA,Transaksi Sepi (Skip Broksum),Mid Cap (Lapis 2),Fair Value (Wajar),15.686275,0.32813781,112.0,117,111,127,-0.8849557522123894,429600,Normal,37,Negatif,Downtrend,Bearish,Strong Bearish,Konsolidasi / Transisi,Normal,Distribusi (Turun),Normal,Seimbang / Adu Mekanik,Normal,Sedang,Normal,Dekat Support (Low Risk),< 1 Miliar,Di Bawah VWAP (Lemah),Distribusi Pro (Guyuran),Gorengan Sepi (< 5M),Sepi (< 50%),Distribution (Fase Jualan),Normal,Normal,Turun 3 Hari Beruntun,TP: 116 | CL: 108,Normal,Sangat Menarik (> 1:3),Oversold (Jenuh Jual - Peluang),Netral / Sepi Berita,Normal / Sedang Transisi,Golden Rebound Fibo 61.8% (Golden Ratio) 🎯,0,WAIT & SEE,TIDAK ADA,2026-09-28 11:55:04,Biasa / Mengikuti Pasar
11:55,BAJA,Token Mati (Perlu Update),Small Cap (Lapis 3),Overvalued (Mahal),397.5,13.411496,318.0,320,264,505,-4.790419161676647,6339300,Normal,49,Negatif,Downtrend,Bullish,Strong Bullish,Perfect Uptrend (5>20>50),Normal,Distribusi (Turun),Gap Down (-5.4%),Seimbang / Adu Mekanik,Normal,Tinggi,Doji (Ragu-ragu),Rawan Pucuk (High Risk),> 1 Miliar,Di Bawah VWAP (Lemah),Distribusi Pro (Guyuran),Ritel Aktif (5M - 50M),Sepi (< 50%),Distribution (Fase Jualan),Spesialis Tiang Jemuran (Banting Pucuk),Jarum Bawah (Sinyal Pantulan Kuat),Turun 3 Hari Beruntun,TP: 386 | CL: 272,Normal,Sangat Menarik (> 1:3),Netral / Sideways,Netral / Sepi Berita,Normal / Sedang Transisi,Mengambang (Jauh dari Fibo),2,WAIT & SEE,TIDAK ADA,2026-09-28 11:55:04,Biasa / Mengikuti Pasar
11:55,BALI,Transaksi Sepi (Skip Broksum),Mid Cap (Lapis 2),Overvalued (Mahal),27.967407,2.0553687,1270.0,1330,1245,1560,-2.681992337164751,1100,Normal,45,Negatif,Downtrend,Bearish,Bearish MACD,Konsolidasi / Transisi,Normal,Akumulasi (Naik),Normal,Dominan Jual (Guyur),Normal,Tinggi,Normal,Dekat Support (Low Risk),< 1 Miliar,Di Bawah VWAP (Lemah),Akumulasi Pro (Smart Money),Gorengan Sepi (< 5M),Sepi (< 50%),Distribution (Fase Jualan),Spesialis Tiang Jemuran (Banting Pucuk),Normal,Turun 1 Hari Beruntun,TP: 1366 | CL: 1205,Normal,Sangat Menarik (> 1:3),Netral / Sideways,Netral / Sepi Berita,Normal / Sedang Transisi,Dekat Support Fibo 78.6%,1,WAIT & SEE,TIDAK ADA,2026-09-28 11:55:04,Biasa / Mengikuti Pasar
11:55,BAPA,Transaksi Sepi (Skip Broksum),Small Cap (Lapis 3),Fair Value (Wajar),0.0,0.59302926,101.0,129,100,170,-6.481481481481481,5196400,Normal,28,Negatif,Downtrend,Bearish,Strong Bearish,Strong Downtrend (5<20<50),Normal,Akumulasi (Naik),Normal,Dominan Jual (Guyur),Normal,Tinggi,Normal,Dekat Support (Low Risk),< 1 Miliar,Di Bawah VWAP (Lemah),Distribusi Pro (Guyuran),Gorengan Sepi (< 5M),Sepi (< 50%),Mark-Down (Fase Runtuh),Normal,Normal,Turun 2 Hari Beruntun,TP: 114 | CL: 91,Open = High (Tekanan Jual),Sangat Menarik (> 1:3),Oversold (Jenuh Jual - Peluang),Netral / Sepi Berita,Supply Banjir (Distribusi) 🌊,Golden Rebound Fibo Bottom / 100% 🎯,1,WAIT & SEE,TIDAK ADA,2026-09-28 11:55:04,Biasa / Mengikuti Pasar
11:55,BAYU,Transaksi Sepi (Skip Broksum),Small Cap (Lapis 3),Overvalued (Mahal),55.659416,0.77938473,1310.0,1339,1220,1420,-0.7575757575757576,18800,Normal,50,Negatif,Downtrend,Bearish,Bearish MACD,Konsolidasi / Transisi,Normal,Distribusi (Turun),Normal,Dominan Jual (Guyur),Squeeze,Rendah,Normal,Area Tengah,< 1 Miliar,Di Bawah VWAP (Lemah),Akumulasi Pro (Smart Money),Gorengan Sepi (< 5M),Sepi (< 50%),Distribution (Fase Jualan),Spesialis Tiang Jemuran (Banting Pucuk),Normal,Turun 1 Hari Beruntun,TP: 1339 | CL: 1290,Normal,Menengah (1:1),Netral / Sideways,Netral / Sepi Berita,Supply Kering (Siap Pump) 🏜️,Golden Rebound Fibo 38.2% 🎯,0,WAIT & SEE,TIDAK ADA,2026-09-28 11:55:04,Biasa / Mengikuti Pasar
11:55,BBCA,Token Mati (Perlu Update),Big Cap (Lapis 1),Fair Value (Wajar),13.085954,2.8048904,6175.0,6428,6175,6850,-1.2,59615200,Normal,41,Negatif,Downtrend,Bearish,Strong Bearish,Konsolidasi / Transisi,Normal,Distribusi (Turun),Normal,Dominan Jual (Guyur),Normal,Sedang,Normal,Dekat Support (Low Risk),> 1 Miliar,Persis di VWAP,Distribusi Pro (Guyuran),Sultan (> 50M/hari),Normal (50-150%),Distribution (Fase Jualan),Normal,Normal,Turun 1 Hari Beruntun,TP: 6365 | CL: 6048,Normal,Di Area Support,Oversold (Jenuh Jual - Peluang),Netral / Sepi Berita,Normal / Sedang Transisi,Golden Rebound Fibo 61.8% (Golden Ratio) 🎯,0,WAIT & SEE,TIDAK ADA,2026-09-28 11:55:04,Biasa / Mengikuti Pasar
11:55,BBHI,Transaksi Sepi (Skip Broksum),Big Cap (Lapis 1),Overvalued (Mahal),29.661018,2.3698986,805.0,885,795,990,-1.8292682926829267,59600,Normal,14,Negatif,Downtrend,Bearish,Strong Bearish,Strong Downtrend (5<20<50),Normal,Distribusi (Turun),Normal,Seimbang / Adu Mekanik,Normal,Sedang,Normal,Dekat Support (Low Risk),< 1 Miliar,Di Bawah VWAP (Lemah),Distribusi Pro (Guyuran),Gorengan Sepi (< 5M),Sepi (< 50%),Mark-Down (Fase Runtuh),Normal,Normal,Turun 5 Hari Beruntun,TP: 833 | CL: 785,Open = High (Tekanan Jual),Sangat Menarik (> 1:3),Oversold (Jenuh Jual - Peluang),Netral / Sepi Berita,Normal / Sedang Transisi,Golden Rebound Fibo Bottom / 100% 🎯,0,WAIT & SEE,TIDAK ADA,2026-09-28 11:55:04,Biasa / Mengikuti Pasar
11:55,BBKP,Token Mati (Perlu Update),Mid Cap (Lapis 2),Fair Value (Wajar),0.0,1.0017239,43.0,51,43,57,-14.000000000000002,247960000,Tembus MA20,13,Negatif,Downtrend,Bearish,Strong Bearish,Strong Downtrend (5<20<50),Distribusi Kuat,Distribusi (Turun),Gap Down (-12.0%),Dominan Jual (Guyur),Normal,Tinggi,Normal,Dekat Support (Low Risk),> 1 Miliar,Di Bawah VWAP (Lemah),Distribusi Pro (Guyuran),Gorengan Sepi (< 5M),Ledakan Ekstrem (> 300%),Mark-Down (Fase Runtuh),Spesialis Tiang Jemuran (Banting Pucuk),Normal,Turun 1 Hari Beruntun,TP: 45 | CL: 41,Normal,Di Area Support,Oversold (Jenuh Jual - Peluang),Netral / Sepi Berita,Normal / Sedang Transisi,Golden Rebound Fibo Bottom / 100% 🎯,1,WAIT & SEE,TIDAK ADA,2026-09-28 11:55:04,🔥 ANOMALI BANDAR (Siap Ledakan)
11:55,BBLD,Transaksi Sepi (Skip Broksum),Mid Cap (Lapis 2),Overvalued (Mahal),321.95123,0.76077974,660.0,671,655,825,0.0,4200,Normal,50,Negatif,Downtrend,Bearish,Bearish MACD,Konsolidasi / Transisi,Normal,Akumulasi (Naik),Normal,Dominan Jual (Guyur),Normal,Sedang,Normal,Dekat Support (Low Risk),< 1 Miliar,Persis di VWAP,Distribusi Pro (Guyuran),Gorengan Sepi (< 5M),Sepi (< 50%),Distribution (Fase Jualan),Spesialis Tiang Jemuran (Banting Pucuk),Normal,Sideways / Stagnan,TP: 696 | CL: 635,Normal,Sangat Menarik (> 1:3),Oversold (Jenuh Jual - Peluang),Netral / Sepi Berita,Supply Kering (Siap Pump) 🏜️,Mendekati Fibo 61.8% (Golden Ratio),1,WAIT & SEE,TIDAK ADA,2026-09-28 11:55:04,Biasa / Mengikuti Pasar
11:55,BBMD,Transaksi Sepi (Skip Broksum),Mid Cap (Lapis 2),Overvalued (Mahal),26.739042,1.5009683,1995.0,1983,1900,2060,0.0,2900,Normal,52,Negatif,Uptrend,Bearish,Strong Bearish,Strong Downtrend (5<20<50),Normal,Akumulasi (Naik),Normal,Dominan Jual (Guyur),Squeeze,Rendah,Normal,Area Tengah,< 1 Miliar,Di Atas VWAP (Kuat),Akumulasi Pro (Smart Money),Gorengan Sepi (< 5M),Sepi (< 50%),Accumulation (Kumpul Barang),Normal,Normal,Sideways / Stagnan,TP: 2060 | CL: 1951,Normal,Tidak Ideal (< 1:1),Netral / Sideways,Netral / Sepi Berita,Supply Banjir (Distribusi) 🌊,Dekat Support Fibo 61.8% (Golden Ratio),3,WAIT & SEE,TIDAK ADA,2026-09-28 11:55:04,Biasa / Mengikuti Pasar
11:55,BBNI,Token Mati (Perlu Update),Big Cap (Lapis 1),Undervalued (Murah),6.2511263,0.78651637,3470.0,3741,3460,4000,-0.8571428571428572,11056400,Normal,33,Negatif,Downtrend,Bearish,Strong Bearish,Konsolidasi / Transisi,Normal,Distribusi (Turun),Normal,Dominan Jual (Guyur),Bottom Rebound,Tinggi,Normal,Dekat Support (Low Risk),> 1 Miliar,Di Bawah VWAP (Lemah),Distribusi Pro (Guyuran),Sultan (> 50M/hari),Sepi (< 50%),Distribution (Fase Jualan),Spesialis Tiang Jemuran (Banting Pucuk),Normal,Turun 3 Hari Beruntun,TP: 3608 | CL: 3377,Normal,Sangat Menarik (> 1:3),Oversold (Jenuh Jual - Peluang),Netral / Sepi Berita,Normal / Sedang Transisi,Golden Rebound Fibo 61.8% (Golden Ratio) 🎯,0,WAIT & SEE,TIDAK ADA,2026-09-28 11:55:04,Biasa / Mengikuti Pasar
11:55,BBRI,Token Mati (Perlu Update),Big Cap (Lapis 1),Undervalued (Murah),7.715367,1.4697554,3140.0,3307,3110,3440,-0.31746031746031744,46619400,Normal,41,Negatif,Downtrend,Bearish,Strong Bearish,Konsolidasi / Transisi,Normal,Distribusi (Turun),Normal,Dominan Beli (Hajar Kanan),Bottom Rebound,Sedang,Doji (Ragu-ragu),Dekat Support (Low Risk),> 1 Miliar,Di Bawah VWAP (Lemah),Distribusi Pro (Guyuran),Sultan (> 50M/hari),Sepi (< 50%),Distribution (Fase Jualan),Normal,Jarum Bawah (Sinyal Pantulan Kuat),Turun 1 Hari Beruntun,TP: 3256 | CL: 3062,Normal,Sangat Menarik (> 1:3),Oversold (Jenuh Jual - Peluang),Netral / Sepi Berita,Normal / Sedang Transisi,Golden Rebound Fibo 38.2% 🎯,1,WAIT & SEE,TIDAK ADA,2026-09-28 11:55:04,Biasa / Mengikuti Pasar
11:55,BBRM,Transaksi Sepi (Skip Broksum),Small Cap (Lapis 3),Overvalued (Mahal),7.2358904,16666.666,100.0,118,97,145,-6.5420560747663545,2649000,Normal,30,Negatif,Downtrend,Bearish,Strong Bearish,Konsolidasi / Transisi,Normal,Distribusi (Turun),Normal,Seimbang / Adu Mekanik,Normal,Tinggi,Normal,Area Tengah,< 1 Miliar,Di Bawah VWAP (Lemah),Distribusi Pro (Guyuran),Gorengan Sepi (< 5M),Sepi (< 50%),Distribution (Fase Jualan),Spesialis Tiang Jemuran (Banting Pucuk),Normal,Turun 3 Hari Beruntun,TP: 114 | CL: 90,Open = High (Tekanan Jual),Sangat Menarik (> 1:3),Oversold (Jenuh Jual - Peluang),Netral / Sepi Berita,Normal / Sedang Transisi,Mendekati Fibo Bottom / 100%,0,WAIT & SEE,TIDAK ADA,2026-09-28 11:55:04,Biasa / Mengikuti Pasar
11:55,BBTN,Token Mati (Perlu Update),Big Cap (Lapis 1),Undervalued (Murah),3.6574728,0.407307,1090.0,1184,1080,1270,-1.3574660633484164,6602100,Normal,29,Negatif,Downtrend,Bearish,Strong Bearish,Strong Downtrend (5<20<50),Normal,Distribusi (Turun),Normal,Seimbang / Adu Mekanik,Bottom Rebound,Tinggi,Normal,Dekat Support (Low Risk),> 1 Miliar,Di Bawah VWAP (Lemah),Distribusi Pro (Guyuran),Ritel Aktif (5M - 50M),Normal (50-150%),Mark-Down (Fase Runtuh),Normal,Normal,Turun 3 Hari Beruntun,TP: 1133 | CL: 1061,Normal,Sangat Menarik (> 1:3),Oversold (Jenuh Jual - Peluang),Netral / Sepi Berita,Normal / Sedang Transisi,Golden Rebound Fibo Bottom / 100% 🎯,0,WAIT & SEE,TIDAK ADA,2026-09-28 11:55:04,Biasa / Mengikuti Pasar
11:55,BBYB,Token Mati (Perlu Update),Mid Cap (Lapis 2),Undervalued (Murah),4.5454545,0.60114306,199.0,244,197,294,-3.3980582524271843,30484900,Normal,25,Negatif,Downtrend,Bearish,Strong Bearish,Strong Downtrend (5<20<50),Normal,Distribusi (Turun),Normal,Dominan Jual (Guyur),Bottom Rebound,Tinggi,Normal,Dekat Support (Low Risk),> 1 Miliar,Di Bawah VWAP (Lemah),Distribusi Pro (Guyuran),Ritel Aktif (5M - 50M),Normal (50-150%),Mark-Down (Fase Runtuh),Normal,Normal,Turun 3 Hari Beruntun,TP: 215 | CL: 187,Normal,Sangat Menarik (> 1:3),Oversold (Jenuh Jual - Peluang),Netral / Sepi Berita,Normal / Sedang Transisi,Golden Rebound Fibo Bottom / 100% 🎯,0,WAIT & SEE,TIDAK ADA,2026-09-28 11:55:04,Biasa / Mengikuti Pasar
11:55,BCAP,Transaksi Sepi (Skip Broksum),Mid Cap (Lapis 2),Undervalued (Murah),6.3421826,0.40390757,43.0,49,43,50,-14.000000000000002,297600,Tembus MA20,0,Negatif,Downtrend,Death Cross,Strong Bearish,Strong Downtrend (5<20<50),Normal,Distribusi (Turun),Gap Down (-14.0%),Tidak Ada Transaksi,Normal,Sedang,Doji (Ragu-ragu),Dekat Support (Low Risk),< 1 Miliar,Persis di VWAP,Netral,Gorengan Sepi (< 5M),Ledakan Ekstrem (> 300%),Mark-Down (Fase Runtuh),Solid (Jarang Dibanting),Normal,Turun 1 Hari Beruntun,TP: 43 | CL: 42,Normal,Di Area Support,Oversold (Jenuh Jual - Peluang),Netral / Sepi Berita,Normal / Sedang Transisi,Golden Rebound Fibo Bottom / 100% 🎯,1,WAIT & SEE,TIDAK ADA,2026-09-28 11:55:04,Biasa / Mengikuti Pasar
11:55,BCIC,Transaksi Sepi (Skip Broksum),Mid Cap (Lapis 2),Fair Value (Wajar),0.0,0.6096885,132.0,134,125,142,0.0,217300,Normal,49,Negatif,Downtrend,Death Cross,Bearish MACD,Konsolidasi / Transisi,Normal,Distribusi (Turun),Normal,Dominan Jual (Guyur),Normal,Sedang,Doji (Ragu-ragu),Area Tengah,< 1 Miliar,Di Bawah VWAP (Lemah),Distribusi Pro (Guyuran),Gorengan Sepi (< 5M),Sepi (< 50%),Distribution (Fase Jualan),Normal,Normal,Sideways / Stagnan,TP: 142 | CL: 125,Normal,Menengah (1:1),Netral / Sideways,Netral / Sepi Berita,Normal / Sedang Transisi,Dekat Support Fibo 50.0%,0,WAIT & SEE,TIDAK ADA,2026-09-28 11:55:04,Biasa / Mengikuti Pasar
11:55,BCIP,Transaksi Sepi (Skip Broksum),Small Cap (Lapis 3),Undervalued (Murah),3.6690648,0.14370772,51.0,60,50,64,-8.928571428571429,8272300,Tembus MA20,21,Negatif,Downtrend,Bearish,Strong Bearish,Strong Downtrend (5<20<50),Normal,Distribusi (Turun),Gap Down (-7.1%),Dominan Jual (Guyur),Normal,Tinggi,Normal,Dekat Support (Low Risk),< 1 Miliar,Di Bawah VWAP (Lemah),Distribusi Pro (Guyuran),Gorengan Sepi (< 5M),Normal (50-150%),Mark-Down (Fase Runtuh),Normal,Normal,Turun 3 Hari Beruntun,TP: 55 | CL: 48,Normal,Sangat Menarik (> 1:3),Netral / Sideways,Netral / Sepi Berita,Normal / Sedang Transisi,Dekat Support Fibo Bottom / 100%,1,WAIT & SEE,TIDAK ADA,2026-09-28 11:55:04,Biasa / Mengikuti Pasar
11:55,BDMN,Token Mati (Perlu Update),Big Cap (Lapis 1),Undervalued (Murah),9.339388,0.78448284,4360.0,4426,4250,4750,-0.9090909090909091,1505200,Normal,48,Negatif,Downtrend,Death Cross,Bearish MACD,Konsolidasi / Transisi,Normal,Distribusi (Turun),Normal,Seimbang / Adu Mekanik,Squeeze,Rendah,Normal,Dekat Support (Low Risk),> 1 Miliar,Di Bawah VWAP (Lemah),Distribusi Pro (Guyuran),Ritel Aktif (5M - 50M),Normal (50-150%),Distribution (Fase Jualan),Normal,Normal,Turun 3 Hari Beruntun,TP: 4521 | CL: 4252,Open = High (Tekanan Jual),Sangat Menarik (> 1:3),Oversold (Jenuh Jual - Peluang),Netral / Sepi Berita,Normal / Sedang Transisi,Golden Rebound Fibo 38.2% 🎯,0,WAIT & SEE,TIDAK ADA,2026-09-28 11:55:04,Biasa / Mengikuti Pasar
11:55,BEKS,Token Mati (Perlu Update),Small Cap (Lapis 3),Fair Value (Wajar),22.307693,0.787915,29.0,23,21,29,31.818181818181817,575577900,Tembus MA20,71,Positif,Uptrend,Golden Cross,Strong Bullish,Perfect Uptrend (5>20>50),Akumulasi Kuat,Akumulasi (Naik),Normal,Dominan Beli (Hajar Kanan),Breakout Upper,Tinggi,Marubozu (Strong Bullish),Rawan Pucuk (High Risk),> 1 Miliar,Di Atas VWAP (Kuat),Akumulasi Pro (Smart Money),Gorengan Sepi (< 5M),Ledakan Ekstrem (> 300%),Mark-Up (Fase Pesta),Normal,Normal,Naik 1 Hari Beruntun,TP: 31 | CL: 27,Normal,Tidak Ideal (< 1:1),Netral / Sideways,Netral / Sepi Berita,Normal / Sedang Transisi,Mengambang (Jauh dari Fibo),9,BELI,TIDAK ADA,2026-09-28 11:55:04,⚠️ Anomali (Sudah Terbang)
11:55,BEST,Token Mati (Perlu Update),Mid Cap (Lapis 2),Undervalued (Murah),4.9275365,0.2495842,120.0,127,117,142,-0.8264462809917356,11193300,Normal,46,Negatif,Downtrend,Bearish,Bearish MACD,Konsolidasi / Transisi,Normal,Distribusi (Turun),Normal,Seimbang / Adu Mekanik,Normal,Tinggi,Normal,Dekat Support (Low Risk),> 1 Miliar,Di Bawah VWAP (Lemah),Distribusi Pro (Guyuran),Gorengan Sepi (< 5M),Normal (50-150%),Distribution (Fase Jualan),Normal,Normal,Turun 1 Hari Beruntun,TP: 128 | CL: 114,Open = High (Tekanan Jual),Sangat Menarik (> 1:3),Oversold (Jenuh Jual - Peluang),Netral / Sepi Berita,Normal / Sedang Transisi,Golden Rebound Fibo 50.0% 🎯,0,WAIT & SEE,TIDAK ADA,2026-09-28 11:55:04,Biasa / Mengikuti Pasar
11:55,BFIN,Token Mati (Perlu Update),Big Cap (Lapis 1),Undervalued (Murah),8.706928,1.2667404,940.0,975,900,1040,-3.0927835051546393,3058800,Normal,48,Negatif,Downtrend,Bearish,Bearish MACD,Konsolidasi / Transisi,Normal,Distribusi (Turun),Normal,Dominan Jual (Guyur),Bottom Rebound,Sedang,Normal,Area Tengah,> 1 Miliar,Di Bawah VWAP (Lemah),Distribusi Pro (Guyuran),Ritel Aktif (5M - 50M),Sepi (< 50%),Distribution (Fase Jualan),Normal,Normal,Turun 1 Hari Beruntun,TP: 995 | CL: 903,Open = High (Tekanan Jual),Ideal (1:2),Netral / Sideways,Netral / Sepi Berita,Normal / Sedang Transisi,Dekat Support Fibo 38.2%,0,WAIT & SEE,TIDAK ADA,2026-09-28 11:55:04,Biasa / Mengikuti Pasar
11:55,BGTG,Transaksi Sepi (Skip Broksum),Mid Cap (Lapis 2),Undervalued (Murah),11.685626,0.72001123,113.0,118,110,135,-1.7391304347826086,893000,Normal,45,Negatif,Downtrend,Bearish,Strong Bearish,Konsolidasi / Transisi,Normal,Akumulasi (Naik),Normal,Dominan Beli (Hajar Kanan),Normal,Sedang,Doji (Ragu-ragu),Dekat Support (Low Risk),< 1 Miliar,Persis di VWAP,Distribusi Pro (Guyuran),Gorengan Sepi (< 5M),Sepi (< 50%),Distribution (Fase Jualan),Spesialis Tiang Jemuran (Banting Pucuk),Jarum Bawah (Sinyal Pantulan Kuat),Turun 1 Hari Beruntun,TP: 120 | CL: 108,Normal,Sangat Menarik (> 1:3),Netral / Sideways,Netral / Sepi Berita,Normal / Sedang Transisi,Mendekati Fibo 78.6%,2,WAIT & SEE,TIDAK ADA,2026-09-28 11:55:04,Biasa / Mengikuti Pasar
11:55,BHIT,Token Mati (Perlu Update),Mid Cap (Lapis 2),Undervalued (Murah),5.3097343,0.12177858,24.0,24,18,27,14.285714285714285,153059700,Tembus MA20,46,Positif,Downtrend,Bearish,Strong Bearish,Strong Downtrend (5<20<50),Akumulasi Kuat,Akumulasi (Naik),Gap Down (-4.8%),Dominan Beli (Hajar Kanan),Normal,Tinggi,Normal,Rawan Pucuk (High Risk),> 1 Miliar,Di Atas VWAP (Kuat),Akumulasi Pro (Smart Money),Gorengan Sepi (< 5M),Ledakan Ekstrem (> 300%),Mark-Down (Fase Runtuh),Normal,Normal,Naik 1 Hari Beruntun,TP: 26 | CL: 22,Normal,Tidak Ideal (< 1:1),Netral / Sideways,Netral / Sepi Berita,Normal / Sedang Transisi,Dekat Support Fibo 50.0%,5,WAIT & SEE,TIDAK ADA,2026-09-28 11:55:04,⚠️ Anomali (Sudah Terbang)
11:55,BINA,Token Mati (Perlu Update),Big Cap (Lapis 1),Overvalued (Mahal),0.0,8.238372,3990.0,4103,3960,4290,-0.9925558312655087,330200,Tembus MA20,41,Negatif,Downtrend,Bearish,Strong Bearish,Strong Downtrend (5<20<50),Normal,Distribusi (Turun),Normal,Dominan Jual (Guyur),Squeeze,Rendah,Normal,Dekat Support (Low Risk),> 1 Miliar,Persis di VWAP,Distribusi Pro (Guyuran),Gorengan Sepi (< 5M),Normal (50-150%),Mark-Down (Fase Runtuh),Normal,Normal,Turun 1 Hari Beruntun,TP: 4106 | CL: 3912,Normal,Sangat Menarik (> 1:3),Netral / Sideways,Netral / Sepi Berita,Normal / Sedang Transisi,Dekat Support Fibo 50.0%,1,WAIT & SEE,TIDAK ADA,2026-09-28 11:55:04,Biasa / Mengikuti Pasar
11:55,BIPI,Token Mati (Perlu Update),Mid Cap (Lapis 2),Overvalued (Mahal),31.87067,19714.285,138.0,145,136,165,0.7299270072992701,64136200,Normal,43,Positif,Downtrend,Bearish,Strong Bearish,Strong Downtrend (5<20<50),Normal,Distribusi (Turun),Normal,Dominan Jual (Guyur),Normal,Tinggi,Normal,Dekat Support (Low Risk),> 1 Miliar,Di Bawah VWAP (Lemah),Distribusi Pro (Guyuran),Ritel Aktif (5M - 50M),Sepi (< 50%),Mark-Down (Fase Runtuh),Normal,Normal,Naik 1 Hari Beruntun,TP: 149 | CL: 130,Open = Low (Bullish Kuat),Sangat Menarik (> 1:3),Oversold (Jenuh Jual - Peluang),Netral / Sepi Berita,Normal / Sedang Transisi,Mendekati Fibo 61.8% (Golden Ratio),1,WAIT & SEE,TIDAK ADA,2026-09-28 11:55:04,Biasa / Mengikuti Pasar
11:55,BIPP,Token Mati (Perlu Update),Small Cap (Lapis 3),Fair Value (Wajar),0.0,0.414387,64.0,68,62,107,-14.666666666666666,34706200,Normal,46,Negatif,Downtrend,Bullish,Strong Bullish,Perfect Uptrend (5>20>50),Normal,Distribusi (Turun),Gap Down (-9.3%),Dominan Jual (Guyur),Normal,Tinggi,Normal,Area Tengah,> 1 Miliar,Di Bawah VWAP (Lemah),Distribusi Pro (Guyuran),Ritel Aktif (5M - 50M),Sepi (< 50%),Distribution (Fase Jualan),Spesialis Tiang Jemuran (Banting Pucuk),Normal,Turun 2 Hari Beruntun,TP: 76 | CL: 55,Normal,Sangat Menarik (> 1:3),Netral / Sideways,Netral / Sepi Berita,Supply Banjir (Distribusi) 🌊,Dekat Support Fibo 78.6%,2,WAIT & SEE,TIDAK ADA,2026-09-28 11:55:04,Biasa / Mengikuti Pasar
11:55,BIRD,Transaksi Sepi (Skip Broksum),Mid Cap (Lapis 2),Undervalued (Murah),6.3492703,0.6445963,1575.0,1607,1565,1640,0.3184713375796179,178400,Normal,35,Positif,Downtrend,Bearish,Strong Bearish,Strong Downtrend (5<20<50),Normal,Distribusi (Turun),Normal,Seimbang / Adu Mekanik,Squeeze,Rendah,Normal,Dekat Support (Low Risk),< 1 Miliar,Persis di VWAP,Distribusi Pro (Guyuran),Gorengan Sepi (< 5M),Sepi (< 50%),Mark-Down (Fase Runtuh),Normal,Normal,Naik 1 Hari Beruntun,TP: 1598 | CL: 1559,Normal,Sangat Menarik (> 1:3),Oversold (Jenuh Jual - Peluang),Netral / Sepi Berita,Normal / Sedang Transisi,Golden Rebound Fibo 50.0% 🎯,1,WAIT & SEE,TIDAK ADA,2026-09-28 11:55:04,Biasa / Mengikuti Pasar
11:55,BISI,Transaksi Sepi (Skip Broksum),Mid Cap (Lapis 2),Undervalued (Murah),8.6577425,0.5974632,705.0,722,670,750,0.0,145900,Normal,47,Negatif,Downtrend,Bearish,Bearish MACD,Konsolidasi / Transisi,Normal,Akumulasi (Naik),Normal,Dominan Beli (Hajar Kanan),Squeeze,Rendah,Hammer (Potensi Reversal),Area Tengah,< 1 Miliar,Persis di VWAP,Distribusi Pro (Guyuran),Gorengan Sepi (< 5M),Sepi (< 50%),Distribution (Fase Jualan),Normal,Jarum Bawah (Sinyal Pantulan Kuat),Sideways / Stagnan,TP: 739 | CL: 681,Open = High (Tekanan Jual),Menengah (1:1),Golden Cross (Awal Bullish),Netral / Sepi Berita,Supply Banjir (Distribusi) 🌊,Golden Rebound Fibo 38.2% 🎯,2,WAIT & SEE,TIDAK ADA,2026-09-28 11:55:04,Biasa / Mengikuti Pasar
11:55,BJBR,Transaksi Sepi (Skip Broksum),Mid Cap (Lapis 2),Undervalued (Murah),5.5065274,0.49137202,755.0,784,750,810,0.0,1078900,Normal,33,Negatif,Downtrend,Bearish,Strong Bearish,Strong Downtrend (5<20<50),Normal,Distribusi (Turun),Normal,Dominan Jual (Guyur),Bottom Rebound,Sedang,Doji (Ragu-ragu),Dekat Support (Low Risk),< 1 Miliar,Persis di VWAP,Distribusi Pro (Guyuran),Gorengan Sepi (< 5M),Sepi (< 50%),Mark-Down (Fase Runtuh),Normal,Normal,Sideways / Stagnan,TP: 776 | CL: 740,Normal,Sangat Menarik (> 1:3),Oversold (Jenuh Jual - Peluang),Netral / Sepi Berita,Supply Kering (Siap Pump) 🏜️,Golden Rebound Fibo Bottom / 100% 🎯,0,WAIT & SEE,TIDAK ADA,2026-09-28 11:55:04,Biasa / Mengikuti Pasar
11:55,BJTM,Token Mati (Perlu Update),Mid Cap (Lapis 2),Undervalued (Murah),4.9353137,0.5933891,515.0,522,510,535,0.9803921568627451,3214200,Normal,44,Positif,Downtrend,Bearish,Strong Bearish,Konsolidasi / Transisi,Normal,Distribusi (Turun),Normal,Dominan Beli (Hajar Kanan),Squeeze,Rendah,Marubozu (Strong Bullish),Dekat Support (Low Risk),> 1 Miliar,Persis di VWAP,Distribusi Pro (Guyuran),Gorengan Sepi (< 5M),Normal (50-150%),Distribution (Fase Jualan),Normal,Normal,Naik 1 Hari Beruntun,TP: 527 | CL: 506,Open = Low (Bullish Kuat),Sangat Menarik (> 1:3),Golden Cross (Awal Bullish),Netral / Sepi Berita,Normal / Sedang Transisi,Dekat Support Fibo 61.8% (Golden Ratio),2,WAIT & SEE,TIDAK ADA,2026-09-28 11:55:04,Biasa / Mengikuti Pasar
11:55,BKDP,Transaksi Sepi (Skip Broksum),Mid Cap (Lapis 2),Overvalued (Mahal),0.0,4.6369452,179.0,175,132,224,-4.27807486631016,1455500,Normal,52,Negatif,Uptrend,Bullish,Bearish MACD,Perfect Uptrend (5>20>50),Normal,Akumulasi (Naik),Normal,Dominan Jual (Guyur),Normal,Tinggi,Normal,Rawan Pucuk (High Risk),< 1 Miliar,Di Bawah VWAP (Lemah),Akumulasi Pro (Smart Money),Gorengan Sepi (< 5M),Sepi (< 50%),Mark-Up (Fase Pesta),Normal,Normal,Turun 1 Hari Beruntun,TP: 210 | CL: 158,Open = High (Tekanan Jual),Tidak Ideal (< 1:1),Netral / Sideways,Netral / Sepi Berita,Normal / Sedang Transisi,Mengambang (Jauh dari Fibo),4,WAIT & SEE,TIDAK ADA,2026-09-28 11:55:04,Biasa / Mengikuti Pasar
11:55,BKSL,Token Mati (Perlu Update),Mid Cap (Lapis 2),Undervalued (Murah),10.740741,0.63458025,57.0,69,56,78,-10.9375,280552700,Tembus MA20,27,Negatif,Downtrend,Bearish,Strong Bearish,Strong Downtrend (5<20<50),Normal,Distribusi (Turun),Normal,Dominan Jual (Guyur),Normal,Tinggi,Normal,Dekat Support (Low Risk),> 1 Miliar,Di Bawah VWAP (Lemah),Distribusi Pro (Guyuran),Ritel Aktif (5M - 50M),Anomali Tinggi (150-300%),Mark-Down (Fase Runtuh),Normal,Normal,Turun 3 Hari Beruntun,TP: 63 | CL: 52,Open = High (Tekanan Jual),Sangat Menarik (> 1:3),Oversold (Jenuh Jual - Peluang),Netral / Sepi Berita,Normal / Sedang Transisi,Golden Rebound Fibo Bottom / 100% 🎯,1,WAIT & SEE,TIDAK ADA,2026-09-28 11:55:04,🔥 ANOMALI BANDAR (Siap Ledakan)
11:55,BKSW,Transaksi Sepi (Skip Broksum),Mid Cap (Lapis 2),Fair Value (Wajar),0.0,0.3519044,47.0,52,43,57,-6.0,5360500,Tembus MA20,25,Negatif,Downtrend,Bearish,Strong Bearish,Konsolidasi / Transisi,Normal,Distribusi (Turun),Gap Down (-14.0%),Dominan Beli (Hajar Kanan),Normal,Tinggi,Normal,Area Tengah,< 1 Miliar,Di Bawah VWAP (Lemah),Distribusi Pro (Guyuran),Gorengan Sepi (< 5M),Normal (50-150%),Distribution (Fase Jualan),Normal,Normal,Turun 1 Hari Beruntun,TP: 49 | CL: 45,Open = Low (Bullish Kuat),Ideal (1:2),Golden Cross (Awal Bullish),Netral / Sepi Berita,Normal / Sedang Transisi,Dekat Support Fibo 78.6%,2,WAIT & SEE,TIDAK ADA,2026-09-28 11:55:04,Biasa / Mengikuti Pasar
11:55,BLTA,Token Mati (Perlu Update),Mid Cap (Lapis 2),Overvalued (Mahal),39.44954,14333.333,43.0,32,31,43,34.375,381950600,Tembus MA20,81,Positif,Uptrend,Golden Cross,Strong Bullish,Awal Reversal (5>20),Akumulasi Kuat,Akumulasi (Naik),Gap Up (+6.2%),Dominan Beli (Hajar Kanan),Breakout Upper,Tinggi,Marubozu (Strong Bullish),Rawan Pucuk (High Risk),> 1 Miliar,Di Atas VWAP (Kuat),Akumulasi Pro (Smart Money),Gorengan Sepi (< 5M),Ledakan Ekstrem (> 300%),Accumulation (Kumpul Barang),Normal,Normal,Naik 2 Hari Beruntun,TP: 45 | CL: 41,Open = Low (Bullish Kuat),Tidak Ideal (< 1:1),Netral / Sideways,Netral / Sepi Berita,Normal / Sedang Transisi,Mengambang (Jauh dari Fibo),10,BELI,TIDAK ADA,2026-09-28 11:55:04,⚠️ Anomali (Sudah Terbang)
11:55,BMAS,Transaksi Sepi (Skip Broksum),Mid Cap (Lapis 2),Overvalued (Mahal),654.054,1.3477801,484.0,512,482,630,-1.2244897959183674,104100,Normal,41,Negatif,Downtrend,Bearish,Strong Bearish,Konsolidasi / Transisi,Normal,Distribusi (Turun),Normal,Dominan Jual (Guyur),Bottom Rebound,Sedang,Normal,Dekat Support (Low Risk),< 1 Miliar,Di Bawah VWAP (Lemah),Distribusi Pro (Guyuran),Gorengan Sepi (< 5M),Sepi (< 50%),Distribution (Fase Jualan),Spesialis Tiang Jemuran (Banting Pucuk),Normal,Turun 3 Hari Beruntun,TP: 527 | CL: 454,Normal,Sangat Menarik (> 1:3),Oversold (Jenuh Jual - Peluang),Netral / Sepi Berita,Normal / Sedang Transisi,Mendekati Fibo Bottom / 100%,0,WAIT & SEE,TIDAK ADA,2026-09-28 11:55:04,Biasa / Mengikuti Pasar
11:55,BMRI,Token Mati (Perlu Update),Big Cap (Lapis 1),Undervalued (Murah),6.082488,1.3314902,4050.0,4258,4050,4411,-0.7352941176470588,51859700,Normal,38,Negatif,Downtrend,Bearish,Strong Bearish,Konsolidasi / Transisi,Normal,Distribusi (Turun),Normal,Dominan Jual (Guyur),Normal,Sedang,Normal,Dekat Support (Low Risk),> 1 Miliar,Di Bawah VWAP (Lemah),Distribusi Pro (Guyuran),Sultan (> 50M/hari),Sepi (< 50%),Distribution (Fase Jualan),Normal,Normal,Turun 1 Hari Beruntun,TP: 4177 | CL: 3964,Normal,Di Area Support,Oversold (Jenuh Jual - Peluang),Netral / Sepi Berita,Normal / Sedang Transisi,Golden Rebound Fibo 61.8% (Golden Ratio) 🎯,0,WAIT & SEE,TIDAK ADA,2026-09-28 11:55:04,Biasa / Mengikuti Pasar
11:55,BMSR,Transaksi Sepi (Skip Broksum),Small Cap (Lapis 3),Undervalued (Murah),3.352181,0.44716758,332.0,336,302,404,-2.3529411764705883,175100,Normal,50,Negatif,Downtrend,Death Cross,Bearish MACD,Konsolidasi / Transisi,Normal,Akumulasi (Naik),Normal,Seimbang / Adu Mekanik,Normal,Tinggi,Normal,Area Tengah,< 1 Miliar,Di Bawah VWAP (Lemah),Distribusi Pro (Guyuran),Gorengan Sepi (< 5M),Sepi (< 50%),Distribution (Fase Jualan),Normal,Normal,Turun 2 Hari Beruntun,TP: 385 | CL: 296,Normal,Ideal (1:2),Netral / Sideways,Netral / Sepi Berita,Normal / Sedang Transisi,Dekat Support Fibo 50.0%,1,WAIT & SEE,TIDAK ADA,2026-09-28 11:55:04,Biasa / Mengikuti Pasar
11:55,BMTR,Token Mati (Perlu Update),Mid Cap (Lapis 2),Undervalued (Murah),1.919192,0.077362746,75.0,110,74,121,-12.790697674418606,252496300,Tembus MA20,16,Negatif,Downtrend,Bearish,Strong Bearish,Strong Downtrend (5<20<50),Distribusi Kuat,Distribusi (Turun),Gap Down (-3.5%),Dominan Jual (Guyur),Normal,Tinggi,Normal,Dekat Support (Low Risk),> 1 Miliar,Di Bawah VWAP (Lemah),Distribusi Pro (Guyuran),Ritel Aktif (5M - 50M),Anomali Tinggi (150-300%),Mark-Down (Fase Runtuh),Normal,Normal,Turun 3 Hari Beruntun,TP: 85 | CL: 68,Open = High (Tekanan Jual),Sangat Menarik (> 1:3),Oversold (Jenuh Jual - Peluang),Netral / Sepi Berita,Supply Banjir (Distribusi) 🌊,Golden Rebound Fibo Bottom / 100% 🎯,1,WAIT & SEE,TIDAK ADA,2026-09-28 11:55:04,🔥 ANOMALI BANDAR (Siap Ledakan)
11:55,BNBA,Transaksi Sepi (Skip Broksum),Mid Cap (Lapis 2),Overvalued (Mahal),158.08823,0.8948462,860.0,805,750,905,1.1764705882352942,208700,Normal,63,Positif,Uptrend,Bullish,Strong Bullish,Perfect Uptrend (5>20>50),Normal,Akumulasi (Naik),Normal,Seimbang / Adu Mekanik,Normal,Tinggi,Normal,Rawan Pucuk (High Risk),< 1 Miliar,Di Atas VWAP (Kuat),Akumulasi Pro (Smart Money),Gorengan Sepi (< 5M),Sepi (< 50%),Mark-Up (Fase Pesta),Spesialis Tiang Jemuran (Banting Pucuk),Normal,Naik 1 Hari Beruntun,TP: 927 | CL: 815,Normal,Tidak Ideal (< 1:1),Netral / Sideways,Netral / Sepi Berita,Normal / Sedang Transisi,Dekat Support Fibo 23.6%,6,WAIT & SEE,TIDAK ADA,2026-09-28 11:55:04,Biasa / Mengikuti Pasar
11:55,BNBR,Token Mati (Perlu Update),Big Cap (Lapis 1),Overvalued (Mahal),60.97561,3.505656,75.0,91,72,104,0.0,553346800,Normal,24,Negatif,Downtrend,Bearish,Strong Bearish,Strong Downtrend (5<20<50),Normal,Distribusi (Turun),Gap Down (-2.7%),Seimbang / Adu Mekanik,Bottom Rebound,Tinggi,Normal,Area Tengah,> 1 Miliar,Di Bawah VWAP (Lemah),Distribusi Pro (Guyuran),Sultan (> 50M/hari),Normal (50-150%),Mark-Down (Fase Runtuh),Normal,Normal,Sideways / Stagnan,TP: 83 | CL: 69,Normal,Sangat Menarik (> 1:3),Oversold (Jenuh Jual - Peluang),Netral / Sepi Berita,Normal / Sedang Transisi,Mengambang (Jauh dari Fibo),0,WAIT & SEE,TIDAK ADA,2026-09-28 11:55:04,🔥 ANOMALI BANDAR (Siap Ledakan)
11:55,BNGA,Transaksi Sepi (Skip Broksum),Big Cap (Lapis 1),Undervalued (Murah),6.3409452,0.77516747,1735.0,1733,1685,1775,-0.28735632183908044,561300,Normal,55,Negatif,Uptrend,Bullish,Bearish MACD,Perfect Uptrend (5>20>50),Normal,Distribusi (Turun),Normal,Seimbang / Adu Mekanik,Squeeze,Rendah,Normal,Dekat Support (Low Risk),< 1 Miliar,Persis di VWAP,Distribusi Pro (Guyuran),Gorengan Sepi (< 5M),Sepi (< 50%),Mark-Up (Fase Pesta),Spesialis Tiang Jemuran (Banting Pucuk),Normal,Turun 1 Hari Beruntun,TP: 1778 | CL: 1705,Normal,Tidak Ideal (< 1:1),Golden Cross (Awal Bullish),Netral / Sepi Berita,Normal / Sedang Transisi,Dekat Support Fibo 23.6%,3,WAIT & SEE,TIDAK ADA,2026-09-28 11:55:04,Biasa / Mengikuti Pasar
11:55,BNII,Transaksi Sepi (Skip Broksum),Big Cap (Lapis 1),Undervalued (Murah),8.054841,0.453154,189.0,192,188,197,0.0,270400,Normal,40,Negatif,Downtrend,Bearish,Strong Bearish,Konsolidasi / Transisi,Normal,Distribusi (Turun),Normal,Seimbang / Adu Mekanik,Squeeze,Rendah,Normal,Dekat Support (Low Risk),< 1 Miliar,Persis di VWAP,Distribusi Pro (Guyuran),Gorengan Sepi (< 5M),Sepi (< 50%),Distribution (Fase Jualan),Normal,Normal,Sideways / Stagnan,TP: 194 | CL: 185,Open = High (Tekanan Jual),Sangat Menarik (> 1:3),Oversold (Jenuh Jual - Peluang),Netral / Sepi Berita,Normal / Sedang Transisi,Golden Rebound Fibo 50.0% 🎯,0,WAIT & SEE,TIDAK ADA,2026-09-28 11:55:04,Biasa / Mengikuti Pasar
11:55,BNLI,Transaksi Sepi (Skip Broksum),Big Cap (Lapis 1),Fair Value (Wajar),19.558823,1.5987127,1995.0,2110,1985,2190,-0.25,10000,Normal,23,Negatif,Downtrend,Bearish,Strong Bearish,Strong Downtrend (5<20<50),Normal,Distribusi (Turun),Normal,Dominan Jual (Guyur),Normal,Sedang,Normal,Dekat Support (Low Risk),< 1 Miliar,Di Bawah VWAP (Lemah),Akumulasi Pro (Smart Money),Gorengan Sepi (< 5M),Sepi (< 50%),Mark-Down (Fase Runtuh),Normal,Normal,Turun 3 Hari Beruntun,TP: 2090 | CL: 1931,Normal,Sangat Menarik (> 1:3),Oversold (Jenuh Jual - Peluang),Netral / Sepi Berita,Normal / Sedang Transisi,Golden Rebound Fibo Bottom / 100% 🎯,0,WAIT & SEE,TIDAK ADA,2026-09-28 11:55:04,Biasa / Mengikuti Pasar
11:55,BOLT,Transaksi Sepi (Skip Broksum),Mid Cap (Lapis 2),Fair Value (Wajar),11.929053,2.1099975,760.0,800,745,855,-1.935483870967742,21000,Normal,39,Negatif,Downtrend,Bearish,Strong Bearish,Konsolidasi / Transisi,Normal,Distribusi (Turun),Normal,Seimbang / Adu Mekanik,Normal,Sedang,Normal,Dekat Support (Low Risk),< 1 Miliar,Di Bawah VWAP (Lemah),Distribusi Pro (Guyuran),Gorengan Sepi (< 5M),Normal (50-150%),Distribution (Fase Jualan),Normal,Normal,Turun 3 Hari Beruntun,TP: 801 | CL: 732,Open = High (Tekanan Jual),Sangat Menarik (> 1:3),Oversold (Jenuh Jual - Peluang),Netral / Sepi Berita,Normal / Sedang Transisi,Golden Rebound Fibo Bottom / 100% 🎯,0,WAIT & SEE,TIDAK ADA,2026-09-28 11:55:04,Biasa / Mengikuti Pasar
11:55,BPFI,Transaksi Sepi (Skip Broksum),Small Cap (Lapis 3),Undervalued (Murah),6.210856,0.5157879,238.0,247,234,268,0.0,30300,Normal,35,Negatif,Downtrend,Bearish,Strong Bearish,Strong Downtrend (5<20<50),Normal,Akumulasi (Naik),Normal,Dominan Beli (Hajar Kanan),Squeeze,Rendah,Doji (Ragu-ragu),Dekat Support (Low Risk),< 1 Miliar,Di Bawah VWAP (Lemah),Distribusi Pro (Guyuran),Gorengan Sepi (< 5M),Sepi (< 50%),Mark-Down (Fase Runtuh),Normal,Jarum Bawah (Sinyal Pantulan Kuat),Sideways / Stagnan,TP: 253 | CL: 227,Normal,Sangat Menarik (> 1:3),Oversold (Jenuh Jual - Peluang),Netral / Sepi Berita,Normal / Sedang Transisi,Golden Rebound Fibo 78.6% 🎯,2,WAIT & SEE,TIDAK ADA,2026-09-28 11:55:04,Biasa / Mengikuti Pasar
11:55,BPII,Transaksi Sepi (Skip Broksum),Mid Cap (Lapis 2),Overvalued (Mahal),50.800915,3.1036363,444.0,469,434,492,-3.4782608695652173,800,Normal,39,Negatif,Downtrend,Bearish,Strong Bearish,Konsolidasi / Transisi,Normal,Akumulasi (Naik),Normal,Dominan Jual (Guyur),Normal,Sedang,Normal,Dekat Support (Low Risk),< 1 Miliar,Di Bawah VWAP (Lemah),Akumulasi Pro (Smart Money),Gorengan Sepi (< 5M),Sepi (< 50%),Distribution (Fase Jualan),Spesialis Tiang Jemuran (Banting Pucuk),Normal,Turun 1 Hari Beruntun,TP: 468 | CL: 427,Open = High (Tekanan Jual),Sangat Menarik (> 1:3),Netral / Sideways,Netral / Sepi Berita,Supply Kering (Siap Pump) 🏜️,Mengambang (Jauh dari Fibo),1,WAIT & SEE,TIDAK ADA,2026-09-28 11:55:04,Biasa / Mengikuti Pasar
11:55,BRAM,Transaksi Sepi (Skip Broksum),Mid Cap (Lapis 2),Overvalued (Mahal),19.285381,9578.947,4550.0,4638,4550,4700,-0.8714596949891068,800,Tembus MA20,43,Negatif,Downtrend,Death Cross,Bearish MACD,Konsolidasi / Transisi,Normal,Distribusi (Turun),Normal,Dominan Jual (Guyur),Squeeze,Rendah,Normal,Dekat Support (Low Risk),< 1 Miliar,Di Bawah VWAP (Lemah),Akumulasi Pro (Smart Money),Gorengan Sepi (< 5M),Normal (50-150%),Distribution (Fase Jualan),Normal,Normal,Turun 2 Hari Beruntun,TP: 4649 | CL: 4483,Normal,Di Area Support,Netral / Sideways,Netral / Sepi Berita,Normal / Sedang Transisi,Dekat Support Fibo 50.0%,1,WAIT & SEE,TIDAK ADA,2026-09-28 11:55:04,Biasa / Mengikuti Pasar
11:55,BRMS,Token Mati (Perlu Update),Big Cap (Lapis 1),Overvalued (Mahal),128.48605,71666.67,640.0,703,635,755,-3.0303030303030303,68491700,Normal,40,Negatif,Downtrend,Bearish,Bearish MACD,Konsolidasi / Transisi,Normal,Distribusi (Turun),Normal,Dominan Jual (Guyur),Normal,Tinggi,Normal,Dekat Support (Low Risk),> 1 Miliar,Di Bawah VWAP (Lemah),Distribusi Pro (Guyuran),Sultan (> 50M/hari),Sepi (< 50%),Distribution (Fase Jualan),Normal,Normal,Turun 3 Hari Beruntun,TP: 688 | CL: 607,Open = High (Tekanan Jual),Sangat Menarik (> 1:3),Oversold (Jenuh Jual - Peluang),Netral / Sepi Berita,Normal / Sedang Transisi,Mendekati Fibo 50.0%,0,WAIT & SEE,TIDAK ADA,2026-09-28 11:55:04,Biasa / Mengikuti Pasar
11:55,BRNA,Transaksi Sepi (Skip Broksum),Small Cap (Lapis 3),Fair Value (Wajar),0.0,0.6393646,625.0,639,595,805,-3.10077519379845,174600,Normal,46,Negatif,Downtrend,Bullish,Bearish MACD,Perfect Uptrend (5>20>50),Normal,Distribusi (Turun),Gap Down (-2.3%),Seimbang / Adu Mekanik,Normal,Sedang,Normal,Area Tengah,< 1 Miliar,Di Bawah VWAP (Lemah),Distribusi Pro (Guyuran),Gorengan Sepi (< 5M),Sepi (< 50%),Distribution (Fase Jualan),Spesialis Tiang Jemuran (Banting Pucuk),Jarum Bawah (Sinyal Pantulan Kuat),Turun 3 Hari Beruntun,TP: 681 | CL: 587,Normal,Sangat Menarik (> 1:3),Oversold (Jenuh Jual - Peluang),Netral / Sepi Berita,Normal / Sedang Transisi,Mendekati Fibo 78.6%,1,WAIT & SEE,TIDAK ADA,2026-09-28 11:55:04,Biasa / Mengikuti Pasar
11:55,BRPT,Token Mati (Perlu Update),Big Cap (Lapis 1),Overvalued (Mahal),55.989586,57884.613,1505.0,1670,1485,1850,-0.33112582781456956,22922200,Normal,29,Negatif,Downtrend,Bearish,Strong Bearish,Strong Downtrend (5<20<50),Normal,Distribusi (Turun),Normal,Seimbang / Adu Mekanik,Normal,Tinggi,Doji (Ragu-ragu),Dekat Support (Low Risk),> 1 Miliar,Di Bawah VWAP (Lemah),Distribusi Pro (Guyuran),Sultan (> 50M/hari),Normal (50-150%),Mark-Down (Fase Runtuh),Spesialis Tiang Jemuran (Banting Pucuk),Normal,Turun 3 Hari Beruntun,TP: 1600 | CL: 1441,Normal,Sangat Menarik (> 1:3),Oversold (Jenuh Jual - Peluang),Netral / Sepi Berita,Normal / Sedang Transisi,Mengambang (Jauh dari Fibo),0,WAIT & SEE,TIDAK ADA,2026-09-28 11:55:04,Biasa / Mengikuti Pasar
11:55,BSDE,Token Mati (Perlu Update),Big Cap (Lapis 1),Undervalued (Murah),6.2373567,0.25897184,555.0,624,550,680,-0.8928571428571428,10180800,Normal,31,Negatif,Downtrend,Bearish,Strong Bearish,Konsolidasi / Transisi,Normal,Distribusi (Turun),Normal,Seimbang / Adu Mekanik,Bottom Rebound,Tinggi,Normal,Dekat Support (Low Risk),> 1 Miliar,Di Bawah VWAP (Lemah),Distribusi Pro (Guyuran),Ritel Aktif (5M - 50M),Sepi (< 50%),Distribution (Fase Jualan),Normal,Normal,Turun 3 Hari Beruntun,TP: 589 | CL: 531,Normal,Sangat Menarik (> 1:3),Oversold (Jenuh Jual - Peluang),Netral / Sepi Berita,Normal / Sedang Transisi,Mendekati Fibo Bottom / 100%,0,WAIT & SEE,TIDAK ADA,2026-09-28 11:55:04,Biasa / Mengikuti Pasar
11:55,BSIM,Transaksi Sepi (Skip Broksum),Big Cap (Lapis 1),Overvalued (Mahal),68.87755,2.2357814,945.0,1075,895,1375,0.5319148936170213,161800,Normal,47,Positif,Downtrend,Bearish,Bearish MACD,Konsolidasi / Transisi,Normal,Distribusi (Turun),Normal,Seimbang / Adu Mekanik,Normal,Tinggi,Normal,Area Tengah,< 1 Miliar,Di Bawah VWAP (Lemah),Akumulasi Pro (Smart Money),Gorengan Sepi (< 5M),Normal (50-150%),Distribution (Fase Jualan),Spesialis Tiang Jemuran (Banting Pucuk),Jarum Bawah (Sinyal Pantulan Kuat),Naik 1 Hari Beruntun,TP: 1088 | CL: 849,Normal,Sangat Menarik (> 1:3),Oversold (Jenuh Jual - Peluang),Netral / Sepi Berita,Normal / Sedang Transisi,Mendekati Fibo 61.8% (Golden Ratio),1,WAIT & SEE,TIDAK ADA,2026-09-28 11:55:04,Biasa / Mengikuti Pasar
11:55,BSSR,Token Mati (Perlu Update),Big Cap (Lapis 1),Overvalued (Mahal),8.115053,52941.176,5425.0,5028,4680,5500,0.9302325581395349,2635900,Tembus MA20,76,Positif,Uptrend,Bullish,Strong Bullish,Perfect Uptrend (5>20>50),Normal,Akumulasi (Naik),Normal,Seimbang / Adu Mekanik,Normal,Tinggi,Normal,Rawan Pucuk (High Risk),> 1 Miliar,Persis di VWAP,Akumulasi Pro (Smart Money),Ritel Aktif (5M - 50M),Normal (50-150%),Mark-Up (Fase Pesta),Normal,Normal,Naik 1 Hari Beruntun,TP: 5620 | CL: 5294,Normal,Tidak Ideal (< 1:1),Overbought (Jenuh Beli - Rawan),Netral / Sepi Berita,Normal / Sedang Transisi,Mendekati Fibo 23.6%,7,BELI,TIDAK ADA,2026-09-28 11:55:04,Biasa / Mengikuti Pasar
11:55,BSWD,Transaksi Sepi (Skip Broksum),Mid Cap (Lapis 2),Overvalued (Mahal),98.35631,1.9184529,1855.0,1517,1485,1855,24.915824915824917,4900,Tembus MA20,95,Positif,Uptrend,Golden Cross,Strong Bullish,Perfect Uptrend (5>20>50),Akumulasi Kuat,Akumulasi (Naik),Gap Up (+10.1%),Dominan Beli (Hajar Kanan),Breakout Upper,Tinggi,Marubozu (Strong Bullish),Rawan Pucuk (High Risk),< 1 Miliar,Di Atas VWAP (Kuat),Akumulasi Pro (Smart Money),Gorengan Sepi (< 5M),Ledakan Ekstrem (> 300%),Mark-Up (Fase Pesta),Solid (Jarang Dibanting),Normal,Naik 1 Hari Beruntun,TP: 1896 | CL: 1827,Open = Low (Bullish Kuat),Tidak Ideal (< 1:1),Netral / Sideways,Netral / Sepi Berita,Normal / Sedang Transisi,Mengambang (Jauh dari Fibo),10,BELI,TIDAK ADA,2026-09-28 11:55:04,⚠️ Anomali (Sudah Terbang)
11:55,BTEK,Token Mati (Perlu Update),Small Cap (Lapis 3),Fair Value (Wajar),0.0,2.8420625,14.0,11,9,14,27.27272727272727,978552100,Tembus MA20,62,Positif,Uptrend,Bullish,Strong Bullish,Perfect Uptrend (5>20>50),Akumulasi Kuat,Akumulasi (Naik),Gap Up (+18.2%),Dominan Beli (Hajar Kanan),Breakout Upper,Tinggi,Normal,Rawan Pucuk (High Risk),> 1 Miliar,Di Atas VWAP (Kuat),Akumulasi Pro (Smart Money),Gorengan Sepi (< 5M),Ledakan Ekstrem (> 300%),Mark-Up (Fase Pesta),Normal,Normal,Naik 1 Hari Beruntun,TP: 15 | CL: 13,Normal,Tidak Ideal (< 1:1),Netral / Sideways,Netral / Sepi Berita,Normal / Sedang Transisi,Mengambang (Jauh dari Fibo),10,BELI,TIDAK ADA,2026-09-28 11:55:04,⚠️ Anomali (Sudah Terbang)
11:55,BTON,Transaksi Sepi (Skip Broksum),Small Cap (Lapis 3),Overvalued (Mahal),26.899797,0.7788347,360.0,365,350,434,-1.098901098901099,4700,Normal,47,Negatif,Downtrend,Bearish,Strong Bearish,Konsolidasi / Transisi,Normal,Distribusi (Turun),Normal,Dominan Jual (Guyur),Squeeze,Rendah,Normal,Dekat Support (Low Risk),< 1 Miliar,Persis di VWAP,Distribusi Pro (Guyuran),Gorengan Sepi (< 5M),Sepi (< 50%),Distribution (Fase Jualan),Spesialis Tiang Jemuran (Banting Pucuk),Normal,Turun 1 Hari Beruntun,TP: 385 | CL: 342,Open = High (Tekanan Jual),Sangat Menarik (> 1:3),Oversold (Jenuh Jual - Peluang),Netral / Sepi Berita,Supply Kering (Siap Pump) 🏜️,Golden Rebound Fibo 61.8% (Golden Ratio) 🎯,0,WAIT & SEE,TIDAK ADA,2026-09-28 11:55:04,Biasa / Mengikuti Pasar
11:55,BTPN,Transaksi Sepi (Skip Broksum),Big Cap (Lapis 1),Overvalued (Mahal),39.06511,0.5112325,2340.0,2361,2220,2590,0.0,11800,Normal,54,Negatif,Downtrend,Bearish,Bearish MACD,Konsolidasi / Transisi,Normal,Akumulasi (Naik),Normal,Seimbang / Adu Mekanik,Normal,Sedang,Normal,Area Tengah,< 1 Miliar,Di Atas VWAP (Kuat),Akumulasi Pro (Smart Money),Gorengan Sepi (< 5M),Normal (50-150%),Distribution (Fase Jualan),Normal,Jarum Bawah (Sinyal Pantulan Kuat),Sideways / Stagnan,TP: 2469 | CL: 2253,Normal,Ideal (1:2),Golden Cross (Awal Bullish),Netral / Sepi Berita,Normal / Sedang Transisi,Golden Rebound Fibo 50.0% 🎯,2,WAIT & SEE,TIDAK ADA,2026-09-28 11:55:04,Biasa / Mengikuti Pasar
11:55,BUDI,Transaksi Sepi (Skip Broksum),Mid Cap (Lapis 2),Undervalued (Murah),6.130268,0.61868197,224.0,227,218,244,0.9009009009009009,43000,Normal,48,Positif,Downtrend,Bearish,Bearish MACD,Konsolidasi / Transisi,Normal,Distribusi (Turun),Gap Up (+2.7%),Seimbang / Adu Mekanik,Squeeze,Rendah,Normal,Dekat Support (Low Risk),< 1 Miliar,Persis di VWAP,Akumulasi Pro (Smart Money),Gorengan Sepi (< 5M),Sepi (< 50%),Distribution (Fase Jualan),Spesialis Tiang Jemuran (Banting Pucuk),Normal,Naik 1 Hari Beruntun,TP: 233 | CL: 218,Open = High (Tekanan Jual),Sangat Menarik (> 1:3),Netral / Sideways,Netral / Sepi Berita,Supply Kering (Siap Pump) 🏜️,Golden Rebound Fibo 61.8% (Golden Ratio) 🎯,2,WAIT & SEE,TIDAK ADA,2026-09-28 11:55:04,Biasa / Mengikuti Pasar
11:55,BUKK,Transaksi Sepi (Skip Broksum),Mid Cap (Lapis 2),Undervalued (Murah),12.791286,0.36210996,1010.0,996,900,1095,4.123711340206185,21900,Normal,51,Positif,Uptrend,Bullish,Strong Bullish,Awal Reversal (5>20),Normal,Distribusi (Turun),Gap Up (+6.2%),Seimbang / Adu Mekanik,Normal,Sedang,Normal,Rawan Pucuk (High Risk),< 1 Miliar,Persis di VWAP,Akumulasi Pro (Smart Money),Gorengan Sepi (< 5M),Sepi (< 50%),Accumulation (Kumpul Barang),Normal,Normal,Naik 1 Hari Beruntun,TP: 1086 | CL: 959,Open = High (Tekanan Jual),Tidak Ideal (< 1:1),Netral / Sideways,Netral / Sepi Berita,Supply Kering (Siap Pump) 🏜️,Mendekati Fibo 78.6%,6,WAIT & SEE,TIDAK ADA,2026-09-28 11:55:04,Biasa / Mengikuti Pasar
11:55,BULL,Token Mati (Perlu Update),Mid Cap (Lapis 2),Overvalued (Mahal),4.0925865,26142.855,366.0,413,348,478,2.8089887640449436,332375800,Normal,36,Positif,Downtrend,Bearish,Strong Bearish,Strong Downtrend (5<20<50),Normal,Distribusi (Turun),Normal,Dominan Beli (Hajar Kanan),Normal,Tinggi,Normal,Area Tengah,> 1 Miliar,Di Bawah VWAP (Lemah),Distribusi Pro (Guyuran),Sultan (> 50M/hari),Normal (50-150%),Mark-Down (Fase Runtuh),Normal,Normal,Naik 1 Hari Beruntun,TP: 397 | CL: 345,Normal,Sangat Menarik (> 1:3),Oversold (Jenuh Jual - Peluang),Netral / Sepi Berita,Normal / Sedang Transisi,Mengambang (Jauh dari Fibo),2,WAIT & SEE,TIDAK ADA,2026-09-28 11:55:04,🔥 ANOMALI BANDAR (Siap Ledakan)
11:55,BUMI,Token Mati (Perlu Update),Big Cap (Lapis 1),Overvalued (Mahal),31.05802,45499.996,182.0,202,181,232,0.0,590122000,Normal,40,Negatif,Downtrend,Bearish,Strong Bearish,Konsolidasi / Transisi,Normal,Distribusi (Turun),Normal,Dominan Jual (Guyur),Normal,Tinggi,Normal,Dekat Support (Low Risk),> 1 Miliar,Di Bawah VWAP (Lemah),Distribusi Pro (Guyuran),Sultan (> 50M/hari),Sepi (< 50%),Distribution (Fase Jualan),Normal,Normal,Sideways / Stagnan,TP: 196 | CL: 172,Normal,Sangat Menarik (> 1:3),Oversold (Jenuh Jual - Peluang),Netral / Sepi Berita,Normal / Sedang Transisi,Golden Rebound Fibo 50.0% 🎯,0,WAIT & SEE,TIDAK ADA,2026-09-28 11:55:04,🔥 ANOMALI BANDAR (Siap Ledakan)
11:55,BUVA,Token Mati (Perlu Update),Big Cap (Lapis 1),Overvalued (Mahal),661.29034,7.0258417,615.0,711,605,805,-0.8064516129032258,23185800,Normal,30,Negatif,Downtrend,Bearish,Strong Bearish,Strong Downtrend (5<20<50),Normal,Distribusi (Turun),Normal,Seimbang / Adu Mekanik,Bottom Rebound,Tinggi,Normal,Dekat Support (Low Risk),> 1 Miliar,Di Bawah VWAP (Lemah),Distribusi Pro (Guyuran),Ritel Aktif (5M - 50M),Sepi (< 50%),Mark-Down (Fase Runtuh),Normal,Normal,Turun 4 Hari Beruntun,TP: 669 | CL: 578,Normal,Sangat Menarik (> 1:3),Oversold (Jenuh Jual - Peluang),Netral / Sepi Berita,Normal / Sedang Transisi,Golden Rebound Fibo Bottom / 100% 🎯,0,WAIT & SEE,TIDAK ADA,2026-09-28 11:55:04,Biasa / Mengikuti Pasar
11:55,BVIC,Transaksi Sepi (Skip Broksum),Mid Cap (Lapis 2),Overvalued (Mahal),30.103806,0.37018913,87.0,93,86,102,-3.3333333333333335,1203900,Normal,30,Negatif,Downtrend,Bearish,Strong Bearish,Konsolidasi / Transisi,Normal,Distribusi (Turun),Gap Down (-2.2%),Seimbang / Adu Mekanik,Normal,Sedang,Normal,Dekat Support (Low Risk),< 1 Miliar,Di Bawah VWAP (Lemah),Akumulasi Pro (Smart Money),Gorengan Sepi (< 5M),Normal (50-150%),Distribution (Fase Jualan),Normal,Normal,Turun 2 Hari Beruntun,TP: 91 | CL: 83,Normal,Sangat Menarik (> 1:3),Oversold (Jenuh Jual - Peluang),Netral / Sepi Berita,Normal / Sedang Transisi,Mendekati Fibo 78.6%,0,WAIT & SEE,TIDAK ADA,2026-09-28 11:55:04,Biasa / Mengikuti Pasar
11:55,BWPT,Token Mati (Perlu Update),Mid Cap (Lapis 2),Undervalued (Murah),8.533747,1.1412445,110.0,122,105,142,-1.7857142857142856,78233200,Normal,46,Negatif,Downtrend,Bearish,Bearish MACD,Konsolidasi / Transisi,Normal,Akumulasi (Naik),Normal,Dominan Jual (Guyur),Normal,Tinggi,Normal,Area Tengah,> 1 Miliar,Di Bawah VWAP (Lemah),Distribusi Pro (Guyuran),Ritel Aktif (5M - 50M),Sepi (< 50%),Distribution (Fase Jualan),Normal,Normal,Turun 2 Hari Beruntun,TP: 122 | CL: 101,Normal,Sangat Menarik (> 1:3),Oversold (Jenuh Jual - Peluang),Netral / Sepi Berita,Normal / Sedang Transisi,Mendekati Fibo 50.0%,1,WAIT & SEE,TIDAK ADA,2026-09-28 11:55:04,Biasa / Mengikuti Pasar
11:55,BYAN,Token Mati (Perlu Update),Big Cap (Lapis 1),Overvalued (Mahal),26.932295,162500.0,12025.0,12697,10075,14325,-0.6198347107438017,1513400,Normal,45,Negatif,Downtrend,Bearish,Strong Bearish,Strong Downtrend (5<20<50),Normal,Distribusi (Turun),Normal,Seimbang / Adu Mekanik,Normal,Tinggi,Normal,Rawan Pucuk (High Risk),> 1 Miliar,Di Bawah VWAP (Lemah),Distribusi Pro (Guyuran),Ritel Aktif (5M - 50M),Sepi (< 50%),Mark-Down (Fase Runtuh),Normal,Normal,Turun 2 Hari Beruntun,TP: 13768 | CL: 10862,Normal,Menengah (1:1),Death Cross (Awal Bearish),Netral / Sepi Berita,Normal / Sedang Transisi,Dekat Support Fibo 78.6%,0,WAIT & SEE,TIDAK ADA,2026-09-28 11:55:04,Biasa / Mengikuti Pasar
11:55,CASS,Transaksi Sepi (Skip Broksum),Mid Cap (Lapis 2),Fair Value (Wajar),7.8091106,2.1313655,1800.0,1839,1800,1885,-1.36986301369863,124900,Normal,38,Negatif,Downtrend,Bearish,Strong Bearish,Strong Downtrend (5<20<50),Normal,Distribusi (Turun),Normal,Dominan Jual (Guyur),Squeeze,Rendah,Normal,Dekat Support (Low Risk),< 1 Miliar,Di Bawah VWAP (Lemah),Distribusi Pro (Guyuran),Gorengan Sepi (< 5M),Normal (50-150%),Mark-Down (Fase Runtuh),Spesialis Tiang Jemuran (Banting Pucuk),Normal,Turun 3 Hari Beruntun,TP: 1848 | CL: 1767,Open = High (Tekanan Jual),Di Area Support,Netral / Sideways,Netral / Sepi Berita,Normal / Sedang Transisi,Dekat Support Fibo Bottom / 100%,0,WAIT & SEE,TIDAK ADA,2026-09-28 11:55:04,Biasa / Mengikuti Pasar
11:55,CEKA,Transaksi Sepi (Skip Broksum),Mid Cap (Lapis 2),Undervalued (Murah),5.913612,0.623556,2170.0,2188,2160,2350,0.0,9300,Normal,44,Negatif,Downtrend,Bearish,Strong Bearish,Strong Downtrend (5<20<50),Normal,Akumulasi (Naik),Normal,Dominan Beli (Hajar Kanan),Squeeze,Rendah,Doji (Ragu-ragu),Dekat Support (Low Risk),< 1 Miliar,Persis di VWAP,Akumulasi Pro (Smart Money),Gorengan Sepi (< 5M),Normal (50-150%),Mark-Down (Fase Runtuh),Spesialis Tiang Jemuran (Banting Pucuk),Jarum Bawah (Sinyal Pantulan Kuat),Sideways / Stagnan,TP: 2233 | CL: 2127,Normal,Sangat Menarik (> 1:3),Oversold (Jenuh Jual - Peluang),Netral / Sepi Berita,Supply Kering (Siap Pump) 🏜️,Golden Rebound Fibo 61.8% (Golden Ratio) 🎯,2,WAIT & SEE,TIDAK ADA,2026-09-28 11:55:04,Biasa / Mengikuti Pasar
11:55,CENT,Transaksi Sepi (Skip Broksum),Mid Cap (Lapis 2),Fair Value (Wajar),0.0,1.134018,89.0,104,85,129,-3.260869565217391,4238600,Normal,39,Negatif,Downtrend,Bearish,Bearish MACD,Konsolidasi / Transisi,Normal,Distribusi (Turun),Gap Down (-5.4%),Seimbang / Adu Mekanik,Normal,Tinggi,Normal,Area Tengah,< 1 Miliar,Di Bawah VWAP (Lemah),Distribusi Pro (Guyuran),Gorengan Sepi (< 5M),Sepi (< 50%),Distribution (Fase Jualan),Normal,Normal,Turun 5 Hari Beruntun,TP: 103 | CL: 79,Normal,Sangat Menarik (> 1:3),Oversold (Jenuh Jual - Peluang),Netral / Sepi Berita,Normal / Sedang Transisi,Mengambang (Jauh dari Fibo),0,WAIT & SEE,TIDAK ADA,2026-09-28 11:55:04,Biasa / Mengikuti Pasar
11:55,CFIN,Transaksi Sepi (Skip Broksum),Mid Cap (Lapis 2),Undervalued (Murah),5.99455,0.24647962,352.0,367,350,380,-1.675977653631285,1060700,Normal,38,Negatif,Downtrend,Bearish,Bearish MACD,Konsolidasi / Transisi,Normal,Distribusi (Turun),Normal,Dominan Jual (Guyur),Squeeze,Rendah,Normal,Dekat Support (Low Risk),< 1 Miliar,Di Bawah VWAP (Lemah),Akumulasi Pro (Smart Money),Gorengan Sepi (< 5M),Normal (50-150%),Distribution (Fase Jualan),Solid (Jarang Dibanting),Normal,Turun 4 Hari Beruntun,TP: 366 | CL: 342,Normal,Sangat Menarik (> 1:3),Netral / Sideways,Netral / Sepi Berita,Supply Kering (Siap Pump) 🏜️,Golden Rebound Fibo 50.0% 🎯,0,WAIT & SEE,TIDAK ADA,2026-09-28 11:55:04,Biasa / Mengikuti Pasar
11:55,CINT,Transaksi Sepi (Skip Broksum),Small Cap (Lapis 3),Fair Value (Wajar),0.0,0.6179312,188.0,189,180,246,-3.5897435897435894,375800,Normal,50,Negatif,Downtrend,Bullish,Bearish MACD,Perfect Uptrend (5>20>50),Normal,Akumulasi (Naik),Normal,Dominan Jual (Guyur),Normal,Sedang,Normal,Area Tengah,< 1 Miliar,Di Bawah VWAP (Lemah),Distribusi Pro (Guyuran),Gorengan Sepi (< 5M),Sepi (< 50%),Distribution (Fase Jualan),Spesialis Tiang Jemuran (Banting Pucuk),Normal,Turun 2 Hari Beruntun,TP: 214 | CL: 170,Normal,Sangat Menarik (> 1:3),Netral / Sideways,Netral / Sepi Berita,Normal / Sedang Transisi,Mengambang (Jauh dari Fibo),2,WAIT & SEE,TIDAK ADA,2026-09-28 11:55:04,Biasa / Mengikuti Pasar
11:55,CITA,Transaksi Sepi (Skip Broksum),Big Cap (Lapis 1),Fair Value (Wajar),9.827227,1.6567847,3390.0,3472,3250,3640,-1.1661807580174928,22400,Normal,47,Negatif,Downtrend,Bearish,Bearish MACD,Konsolidasi / Transisi,Normal,Distribusi (Turun),Normal,Dominan Jual (Guyur),Normal,Sedang,Normal,Area Tengah,< 1 Miliar,Di Bawah VWAP (Lemah),Distribusi Pro (Guyuran),Gorengan Sepi (< 5M),Sepi (< 50%),Distribution (Fase Jualan),Normal,Normal,Turun 3 Hari Beruntun,TP: 3532 | CL: 3295,Open = High (Tekanan Jual),Ideal (1:2),Oversold (Jenuh Jual - Peluang),Netral / Sepi Berita,Supply Kering (Siap Pump) 🏜️,Golden Rebound Fibo 38.2% 🎯,0,WAIT & SEE,TIDAK ADA,2026-09-28 11:55:04,Biasa / Mengikuti Pasar
11:55,CLPI,Transaksi Sepi (Skip Broksum),Small Cap (Lapis 3),Undervalued (Murah),6.549679,0.8360646,1590.0,1609,1560,1640,-0.3134796238244514,59000,Normal,43,Negatif,Downtrend,Bearish,Bearish MACD,Konsolidasi / Transisi,Normal,Distribusi (Turun),Normal,Seimbang / Adu Mekanik,Squeeze,Rendah,Normal,Dekat Support (Low Risk),< 1 Miliar,Persis di VWAP,Akumulasi Pro (Smart Money),Gorengan Sepi (< 5M),Normal (50-150%),Distribution (Fase Jualan),Solid (Jarang Dibanting),Normal,Turun 1 Hari Beruntun,TP: 1627 | CL: 1565,Open = High (Tekanan Jual),Ideal (1:2),Netral / Sideways,Netral / Sepi Berita,Normal / Sedang Transisi,Dekat Support Fibo 23.6%,0,WAIT & SEE,TIDAK ADA,2026-09-28 11:55:04,Biasa / Mengikuti Pasar
11:55,CMNP,Transaksi Sepi (Skip Broksum),Mid Cap (Lapis 2),Undervalued (Murah),8.0774975,0.62159944,1405.0,1411,1350,1535,2.181818181818182,212800,Tembus MA20,52,Positif,Downtrend,Bearish,Bearish MACD,Konsolidasi / Transisi,Normal,Distribusi (Turun),Normal,Seimbang / Adu Mekanik,Normal,Sedang,Normal,Area Tengah,< 1 Miliar,Di Atas VWAP (Kuat),Distribusi Pro (Guyuran),Gorengan Sepi (< 5M),Anomali Tinggi (150-300%),Distribution (Fase Jualan),Normal,Normal,Naik 1 Hari Beruntun,TP: 1482 | CL: 1353,Normal,Ideal (1:2),Golden Cross (Awal Bullish),Netral / Sepi Berita,Normal / Sedang Transisi,Dekat Support Fibo 61.8% (Golden Ratio),3,WAIT & SEE,TIDAK ADA,2026-09-28 11:55:04,Biasa / Mengikuti Pasar
11:55,CPIN,Token Mati (Perlu Update),Big Cap (Lapis 1),Undervalued (Murah),6.5872087,1.4049854,2990.0,3139,2990,3380,-0.6644518272425249,3990800,Normal,40,Negatif,Downtrend,Bearish,Strong Bearish,Konsolidasi / Transisi,Normal,Distribusi (Turun),Normal,Dominan Jual (Guyur),Bottom Rebound,Sedang,Normal,Dekat Support (Low Risk),> 1 Miliar,Di Bawah VWAP (Lemah),Distribusi Pro (Guyuran),Sultan (> 50M/hari),Sepi (< 50%),Distribution (Fase Jualan),Spesialis Tiang Jemuran (Banting Pucuk),Normal,Turun 4 Hari Beruntun,TP: 3121 | CL: 2902,Normal,Di Area Support,Oversold (Jenuh Jual - Peluang),Netral / Sepi Berita,Normal / Sedang Transisi,Mendekati Fibo Bottom / 100%,0,WAIT & SEE,TIDAK ADA,2026-09-28 11:55:04,Biasa / Mengikuti Pasar
11:55,CPRO,Token Mati (Perlu Update),Mid Cap (Lapis 2),Undervalued (Murah),7.9629626,0.64352953,43.0,49,43,50,-14.000000000000002,30485700,Tembus MA20,6,Negatif,Downtrend,Death Cross,Strong Bearish,Strong Downtrend (5<20<50),Normal,Distribusi (Turun),Gap Down (-14.0%),Tidak Ada Transaksi,Normal,Sedang,Doji (Ragu-ragu),Dekat Support (Low Risk),> 1 Miliar,Persis di VWAP,Netral,Gorengan Sepi (< 5M),Ledakan Ekstrem (> 300%),Mark-Down (Fase Runtuh),Solid (Jarang Dibanting),Normal,Turun 1 Hari Beruntun,TP: 43 | CL: 42,Normal,Di Area Support,Oversold (Jenuh Jual - Peluang),Netral / Sepi Berita,Normal / Sedang Transisi,Golden Rebound Fibo Bottom / 100% 🎯,1,WAIT & SEE,TIDAK ADA,2026-09-28 11:55:04,Biasa / Mengikuti Pasar
11:55,CSAP,Transaksi Sepi (Skip Broksum),Mid Cap (Lapis 2),Undervalued (Murah),8.695652,0.43709913,280.0,293,280,312,-2.7777777777777777,35000,Normal,40,Negatif,Downtrend,Bearish,Strong Bearish,Konsolidasi / Transisi,Normal,Distribusi (Turun),Normal,Dominan Jual (Guyur),Squeeze,Rendah,Normal,Dekat Support (Low Risk),< 1 Miliar,Di Bawah VWAP (Lemah),Akumulasi Pro (Smart Money),Gorengan Sepi (< 5M),Sepi (< 50%),Distribution (Fase Jualan),Normal,Normal,Turun 2 Hari Beruntun,TP: 292 | CL: 272,Open = High (Tekanan Jual),Di Area Support,Netral / Sideways,Netral / Sepi Berita,Normal / Sedang Transisi,Mengambang (Jauh dari Fibo),0,WAIT & SEE,TIDAK ADA,2026-09-28 11:55:04,Biasa / Mengikuti Pasar
11:55,CTBN,Transaksi Sepi (Skip Broksum),Mid Cap (Lapis 2),Overvalued (Mahal),33.78076,23593.748,3050.0,3060,3000,3160,1.6666666666666667,1700,Normal,27,Positif,Downtrend,Bearish,Bullish MACD,Strong Downtrend (5<20<50),Normal,Akumulasi (Naik),Gap Up (+3.3%),Seimbang / Adu Mekanik,Squeeze,Rendah,Normal,Dekat Support (Low Risk),< 1 Miliar,Persis di VWAP,Distribusi Pro (Guyuran),Gorengan Sepi (< 5M),Sepi (< 50%),Mark-Down (Fase Runtuh),Spesialis Tiang Jemuran (Banting Pucuk),Normal,Naik 1 Hari Beruntun,TP: 3162 | CL: 2975,Open = High (Tekanan Jual),Ideal (1:2),Golden Cross (Awal Bullish),Netral / Sepi Berita,Supply Kering (Siap Pump) 🏜️,Golden Rebound Fibo Bottom / 100% 🎯,4,WAIT & SEE,TIDAK ADA,2026-09-28 11:55:04,Biasa / Mengikuti Pasar
11:55,CTRA,Token Mati (Perlu Update),Big Cap (Lapis 1),Undervalued (Murah),4.0808825,0.41991568,555.0,602,555,655,-2.631578947368421,3540800,Normal,33,Negatif,Downtrend,Bearish,Strong Bearish,Konsolidasi / Transisi,Normal,Akumulasi (Naik),Normal,Dominan Jual (Guyur),Normal,Tinggi,Normal,Dekat Support (Low Risk),> 1 Miliar,Di Bawah VWAP (Lemah),Distribusi Pro (Guyuran),Gorengan Sepi (< 5M),Sepi (< 50%),Distribution (Fase Jualan),Normal,Normal,Turun 1 Hari Beruntun,TP: 581 | CL: 537,Open = High (Tekanan Jual),Di Area Support,Oversold (Jenuh Jual - Peluang),Netral / Sepi Berita,Normal / Sedang Transisi,Golden Rebound Fibo 78.6% 🎯,1,WAIT & SEE,TIDAK ADA,2026-09-28 11:55:04,Biasa / Mengikuti Pasar
11:55,CTTH,Transaksi Sepi (Skip Broksum),Small Cap (Lapis 3),Fair Value (Wajar),0.0,0.82320315,103.0,125,101,149,-4.62962962962963,4562800,Normal,29,Negatif,Downtrend,Bearish,Strong Bearish,Strong Downtrend (5<20<50),Normal,Distribusi (Turun),Normal,Dominan Jual (Guyur),Normal,Tinggi,Normal,Dekat Support (Low Risk),< 1 Miliar,Di Bawah VWAP (Lemah),Distribusi Pro (Guyuran),Gorengan Sepi (< 5M),Sepi (< 50%),Mark-Down (Fase Runtuh),Normal,Normal,Turun 3 Hari Beruntun,TP: 116 | CL: 94,Normal,Sangat Menarik (> 1:3),Oversold (Jenuh Jual - Peluang),Netral / Sepi Berita,Normal / Sedang Transisi,Mendekati Fibo Bottom / 100%,0,WAIT & SEE,TIDAK ADA,2026-09-28 11:55:04,Biasa / Mengikuti Pasar
11:55,DART,Transaksi Sepi (Skip Broksum),Small Cap (Lapis 3),Fair Value (Wajar),0.0,0.44058204,149.0,161,146,187,0.6756756756756757,138600,Normal,39,Positif,Downtrend,Bearish,Strong Bearish,Konsolidasi / Transisi,Normal,Distribusi (Turun),Normal,Dominan Beli (Hajar Kanan),Normal,Tinggi,Hammer (Potensi Reversal),Dekat Support (Low Risk),< 1 Miliar,Di Bawah VWAP (Lemah),Distribusi Pro (Guyuran),Gorengan Sepi (< 5M),Sepi (< 50%),Distribution (Fase Jualan),Spesialis Tiang Jemuran (Banting Pucuk),Jarum Bawah (Sinyal Pantulan Kuat),Naik 1 Hari Beruntun,TP: 166 | CL: 137,Open = High (Tekanan Jual),Sangat Menarik (> 1:3),Oversold (Jenuh Jual - Peluang),Netral / Sepi Berita,Normal / Sedang Transisi,Mengambang (Jauh dari Fibo),2,WAIT & SEE,TIDAK ADA,2026-09-28 11:55:04,Biasa / Mengikuti Pasar
11:55,DEFI,Token Mati (Perlu Update),Small Cap (Lapis 3),Fair Value (Wajar),0.0,1.9365222,77.0,106,76,148,-13.48314606741573,27887800,Normal,30,Negatif,Downtrend,Bearish,Strong Bearish,Strong Downtrend (5<20<50),Normal,Distribusi (Turun),Gap Down (-2.2%),Dominan Jual (Guyur),Normal,Tinggi,Normal,Dekat Support (Low Risk),> 1 Miliar,Di Bawah VWAP (Lemah),Distribusi Pro (Guyuran),Gorengan Sepi (< 5M),Sepi (< 50%),Mark-Down (Fase Runtuh),Normal,Normal,Turun 3 Hari Beruntun,TP: 93 | CL: 66,Normal,Sangat Menarik (> 1:3),Oversold (Jenuh Jual - Peluang),Netral / Sepi Berita,Normal / Sedang Transisi,Golden Rebound Fibo Bottom / 100% 🎯,0,WAIT & SEE,TIDAK ADA,2026-09-28 11:55:04,Biasa / Mengikuti Pasar
11:55,DEWA,Token Mati (Perlu Update),Big Cap (Lapis 1),Fair Value (Wajar),3.0960824,1.7267158,356.0,404,344,466,0.0,118941300,Normal,36,Negatif,Downtrend,Bearish,Strong Bearish,Strong Downtrend (5<20<50),Normal,Distribusi (Turun),Normal,Seimbang / Adu Mekanik,Normal,Tinggi,Normal,Area Tengah,> 1 Miliar,Di Bawah VWAP (Lemah),Distribusi Pro (Guyuran),Sultan (> 50M/hari),Sepi (< 50%),Mark-Down (Fase Runtuh),Normal,Normal,Sideways / Stagnan,TP: 387 | CL: 335,Normal,Sangat Menarik (> 1:3),Oversold (Jenuh Jual - Peluang),Netral / Sepi Berita,Normal / Sedang Transisi,Mengambang (Jauh dari Fibo),0,WAIT & SEE,TIDAK ADA,2026-09-28 11:55:04,Biasa / Mengikuti Pasar
11:55,DGIK,Transaksi Sepi (Skip Broksum),Small Cap (Lapis 3),Undervalued (Murah),11.937557,0.87921005,130.0,138,117,147,1.5625,2972100,Normal,43,Positif,Downtrend,Bearish,Strong Bearish,Konsolidasi / Transisi,Normal,Distribusi (Turun),Normal,Dominan Beli (Hajar Kanan),Bottom Rebound,Sedang,Normal,Rawan Pucuk (High Risk),< 1 Miliar,Di Bawah VWAP (Lemah),Distribusi Pro (Guyuran),Gorengan Sepi (< 5M),Sepi (< 50%),Distribution (Fase Jualan),Normal,Normal,Naik 1 Hari Beruntun,TP: 140 | CL: 122,Normal,Menengah (1:1),Golden Cross (Awal Bullish),Netral / Sepi Berita,Normal / Sedang Transisi,Dekat Support Fibo 61.8% (Golden Ratio),2,WAIT & SEE,TIDAK ADA,2026-09-28 11:55:04,Biasa / Mengikuti Pasar
11:55,DILD,Transaksi Sepi (Skip Broksum),Mid Cap (Lapis 2),Fair Value (Wajar),19.047619,0.20526767,112.0,117,110,127,0.9009009009009009,4366500,Normal,36,Positif,Downtrend,Bearish,Strong Bearish,Konsolidasi / Transisi,Normal,Distribusi (Turun),Normal,Dominan Beli (Hajar Kanan),Normal,Sedang,Normal,Dekat Support (Low Risk),< 1 Miliar,Di Bawah VWAP (Lemah),Distribusi Pro (Guyuran),Gorengan Sepi (< 5M),Normal (50-150%),Distribution (Fase Jualan),Solid (Jarang Dibanting),Normal,Naik 1 Hari Beruntun,TP: 116 | CL: 109,Normal,Sangat Menarik (> 1:3),Oversold (Jenuh Jual - Peluang),Netral / Sepi Berita,Normal / Sedang Transisi,Golden Rebound Fibo 78.6% 🎯,2,WAIT & SEE,TIDAK ADA,2026-09-28 11:55:04,Biasa / Mengikuti Pasar
11:55,DKFT,Token Mati (Perlu Update),Mid Cap (Lapis 2),Fair Value (Wajar),5.342683,2.2940547,640.0,665,631,698,-1.5384615384615385,1658000,Normal,45,Negatif,Downtrend,Bearish,Bearish MACD,Konsolidasi / Transisi,Normal,Distribusi (Turun),Normal,Seimbang / Adu Mekanik,Bottom Rebound,Sedang,Normal,Dekat Support (Low Risk),> 1 Miliar,Di Bawah VWAP (Lemah),Distribusi Pro (Guyuran),Gorengan Sepi (< 5M),Sepi (< 50%),Distribution (Fase Jualan),Normal,Normal,Turun 1 Hari Beruntun,TP: 671 | CL: 619,Normal,Sangat Menarik (> 1:3),Oversold (Jenuh Jual - Peluang),Netral / Sepi Berita,Supply Kering (Siap Pump) 🏜️,Golden Rebound Fibo 50.0% 🎯,0,WAIT & SEE,TIDAK ADA,2026-09-28 11:55:04,Biasa / Mengikuti Pasar
11:55,DLTA,Transaksi Sepi (Skip Broksum),Mid Cap (Lapis 2),Fair Value (Wajar),9.624743,2.1161556,1780.0,1790,1775,1815,0.0,3800,Normal,44,Negatif,Downtrend,Bearish,Bearish MACD,Konsolidasi / Transisi,Normal,Distribusi (Turun),Normal,Dominan Beli (Hajar Kanan),Squeeze,Rendah,Doji (Ragu-ragu),Dekat Support (Low Risk),< 1 Miliar,Persis di VWAP,Distribusi Pro (Guyuran),Gorengan Sepi (< 5M),Sepi (< 50%),Distribution (Fase Jualan),Normal,Jarum Bawah (Sinyal Pantulan Kuat),Sideways / Stagnan,TP: 1793 | CL: 1770,Normal,Sangat Menarik (> 1:3),Netral / Sideways,Netral / Sepi Berita,Supply Kering (Siap Pump) 🏜️,Golden Rebound Fibo 38.2% 🎯,1,WAIT & SEE,TIDAK ADA,2026-09-28 11:55:04,Biasa / Mengikuti Pasar
11:55,DMAS,Token Mati (Perlu Update),Mid Cap (Lapis 2),Undervalued (Murah),5.716934,1.272571,186.0,193,180,214,0.5405405405405406,38954600,Normal,51,Positif,Downtrend,Bearish,Bearish MACD,Konsolidasi / Transisi,Normal,Akumulasi (Naik),Normal,Dominan Beli (Hajar Kanan),Normal,Sedang,Normal,Area Tengah,> 1 Miliar,Persis di VWAP,Distribusi Pro (Guyuran),Ritel Aktif (5M - 50M),Sepi (< 50%),Distribution (Fase Jualan),Normal,Normal,Naik 1 Hari Beruntun,TP: 197 | CL: 178,Normal,Sangat Menarik (> 1:3),Netral / Sideways,Netral / Sepi Berita,Normal / Sedang Transisi,Dekat Support Fibo 38.2%,4,WAIT & SEE,TIDAK ADA,2026-09-28 11:55:04,Biasa / Mengikuti Pasar
11:55,DNAR,Transaksi Sepi (Skip Broksum),Mid Cap (Lapis 2),Undervalued (Murah),9.415338,0.5357575,124.0,131,120,141,0.8130081300813009,1392000,Normal,38,Positif,Downtrend,Bearish,Strong Bearish,Konsolidasi / Transisi,Normal,Distribusi (Turun),Gap Up (+3.3%),Seimbang / Adu Mekanik,Bottom Rebound,Sedang,Normal,Area Tengah,< 1 Miliar,Di Bawah VWAP (Lemah),Distribusi Pro (Guyuran),Gorengan Sepi (< 5M),Anomali Tinggi (150-300%),Distribution (Fase Jualan),Spesialis Tiang Jemuran (Banting Pucuk),Normal,Naik 1 Hari Beruntun,TP: 130 | CL: 119,Open = High (Tekanan Jual),Sangat Menarik (> 1:3),Oversold (Jenuh Jual - Peluang),Netral / Sepi Berita,Normal / Sedang Transisi,Golden Rebound Fibo 50.0% 🎯,2,WAIT & SEE,TIDAK ADA,2026-09-28 11:55:04,Biasa / Mengikuti Pasar
11:55,DNET,Transaksi Sepi (Skip Broksum),Big Cap (Lapis 1),Overvalued (Mahal),123.13243,8.83556,9725.0,9860,9725,10100,0.0,300,Normal,41,Negatif,Downtrend,Bearish,Strong Bearish,Konsolidasi / Transisi,Normal,Distribusi (Turun),Normal,Tidak Ada Transaksi,Squeeze,Rendah,Doji (Ragu-ragu),Dekat Support (Low Risk),< 1 Miliar,Persis di VWAP,Distribusi Pro (Guyuran),Gorengan Sepi (< 5M),Sepi (< 50%),Distribution (Fase Jualan),Spesialis Tiang Jemuran (Banting Pucuk),Normal,Sideways / Stagnan,TP: 9947 | CL: 9576,Normal,Di Area Support,Oversold (Jenuh Jual - Peluang),Netral / Sepi Berita,Normal / Sedang Transisi,Golden Rebound Fibo 78.6% 🎯,0,WAIT & SEE,TIDAK ADA,2026-09-28 11:55:04,Biasa / Mengikuti Pasar
11:55,DOID,Transaksi Sepi (Skip Broksum),Mid Cap (Lapis 2),Overvalued (Mahal),0.0,211999.98,212.0,238,200,272,-0.9345794392523363,2584400,Normal,37,Negatif,Downtrend,Bearish,Strong Bearish,Konsolidasi / Transisi,Normal,Distribusi (Turun),Normal,Dominan Beli (Hajar Kanan),Bottom Rebound,Tinggi,Hammer (Potensi Reversal),Area Tengah,< 1 Miliar,Di Bawah VWAP (Lemah),Distribusi Pro (Guyuran),Gorengan Sepi (< 5M),Normal (50-150%),Distribution (Fase Jualan),Normal,Jarum Bawah (Sinyal Pantulan Kuat),Turun 3 Hari Beruntun,TP: 231 | CL: 199,Open = High (Tekanan Jual),Sangat Menarik (> 1:3),Oversold (Jenuh Jual - Peluang),Netral / Sepi Berita,Normal / Sedang Transisi,Golden Rebound Fibo 78.6% 🎯,1,WAIT & SEE,TIDAK ADA,2026-09-28 11:55:04,Biasa / Mengikuti Pasar
11:55,DSFI,Token Mati (Perlu Update),Small Cap (Lapis 3),Undervalued (Murah),9.481197,0.5685521,89.0,91,82,116,-2.197802197802198,17173300,Normal,48,Negatif,Downtrend,Bullish,Bearish MACD,Perfect Uptrend (5>20>50),Normal,Akumulasi (Naik),Normal,Seimbang / Adu Mekanik,Normal,Tinggi,Normal,Area Tengah,> 1 Miliar,Di Bawah VWAP (Lemah),Akumulasi Pro (Smart Money),Ritel Aktif (5M - 50M),Sepi (< 50%),Distribution (Fase Jualan),Spesialis Tiang Jemuran (Banting Pucuk),Normal,Turun 4 Hari Beruntun,TP: 103 | CL: 79,Normal,Sangat Menarik (> 1:3),Netral / Sideways,Netral / Sepi Berita,Normal / Sedang Transisi,Mengambang (Jauh dari Fibo),2,WAIT & SEE,TIDAK ADA,2026-09-28 11:55:04,Biasa / Mengikuti Pasar
11:55,DSNG,Transaksi Sepi (Skip Broksum),Big Cap (Lapis 1),Undervalued (Murah),8.637764,1.3886544,1565.0,1631,1485,1750,-0.6349206349206349,603700,Normal,50,Negatif,Downtrend,Bearish,Bearish MACD,Konsolidasi / Transisi,Normal,Distribusi (Turun),Normal,Dominan Jual (Guyur),Normal,Sedang,Normal,Area Tengah,< 1 Miliar,Persis di VWAP,Distribusi Pro (Guyuran),Ritel Aktif (5M - 50M),Sepi (< 50%),Distribution (Fase Jualan),Normal,Normal,Turun 2 Hari Beruntun,TP: 1666 | CL: 1497,Open = High (Tekanan Jual),Ideal (1:2),Netral / Sideways,Netral / Sepi Berita,Normal / Sedang Transisi,Mendekati Fibo 38.2%,0,WAIT & SEE,TIDAK ADA,2026-09-28 11:55:04,Biasa / Mengikuti Pasar
11:55,DSSA,Token Mati (Perlu Update),Big Cap (Lapis 1),Overvalued (Mahal),42.8,89166.664,1070.0,1103,960,1220,1.4218009478672986,132875200,Normal,51,Positif,Downtrend,Bearish,Bearish MACD,Konsolidasi / Transisi,Normal,Akumulasi (Naik),Normal,Dominan Beli (Hajar Kanan),Normal,Tinggi,Normal,Rawan Pucuk (High Risk),> 1 Miliar,Di Atas VWAP (Kuat),Akumulasi Pro (Smart Money),Sultan (> 50M/hari),Sepi (< 50%),Distribution (Fase Jualan),Normal,Normal,Naik 1 Hari Beruntun,TP: 1174 | CL: 1000,Normal,Menengah (1:1),Netral / Sideways,Netral / Sepi Berita,Normal / Sedang Transisi,Mendekati Fibo 50.0%,4,WAIT & SEE,TIDAK ADA,2026-09-28 11:55:04,Biasa / Mengikuti Pasar
11:55,DUTI,Transaksi Sepi (Skip Broksum),Mid Cap (Lapis 2),Undervalued (Murah),14.132826,0.8665385,4820.0,4792,4380,4820,0.6263048016701461,100,Normal,82,Positif,Uptrend,Golden Cross,Bearish MACD,Perfect Uptrend (5>20>50),Normal,Netral,Normal,Tidak Ada Transaksi,Squeeze,Rendah,Doji (Ragu-ragu),Rawan Pucuk (High Risk),< 1 Miliar,Persis di VWAP,Netral,Gorengan Sepi (< 5M),Sepi (< 50%),Mark-Up (Fase Pesta),Solid (Jarang Dibanting),Normal,Naik 1 Hari Beruntun,TP: 4903 | CL: 4764,Normal,Tidak Ideal (< 1:1),Overbought (Jenuh Beli - Rawan),Netral / Sepi Berita,Supply Kering (Siap Pump) 🏜️,Mendekati Fibo 23.6%,4,WAIT & SEE,TIDAK ADA,2026-09-28 11:55:04,Biasa / Mengikuti Pasar
11:55,DVLA,Transaksi Sepi (Skip Broksum),Mid Cap (Lapis 2),Undervalued (Murah),12.911952,1.1759356,1575.0,1590,1570,1605,-0.31645569620253167,4900,Normal,40,Negatif,Downtrend,Bearish,Strong Bearish,Konsolidasi / Transisi,Normal,Akumulasi (Naik),Normal,Dominan Jual (Guyur),Squeeze,Rendah,Normal,Dekat Support (Low Risk),< 1 Miliar,Persis di VWAP,Akumulasi Pro (Smart Money),Gorengan Sepi (< 5M),Sepi (< 50%),Distribution (Fase Jualan),Solid (Jarang Dibanting),Normal,Turun 2 Hari Beruntun,TP: 1590 | CL: 1565,Open = High (Tekanan Jual),Sangat Menarik (> 1:3),Netral / Sideways,Netral / Sepi Berita,Normal / Sedang Transisi,Dekat Support Fibo 38.2%,1,WAIT & SEE,TIDAK ADA,2026-09-28 11:55:04,Biasa / Mengikuti Pasar
11:55,DYAN,Token Mati (Perlu Update),Small Cap (Lapis 3),Undervalued (Murah),7.162791,0.44371963,77.0,87,75,116,-6.097560975609756,13962100,Normal,37,Negatif,Downtrend,Death Cross,Strong Bearish,Konsolidasi / Transisi,Normal,Akumulasi (Naik),Normal,Dominan Jual (Guyur),Normal,Tinggi,Normal,Dekat Support (Low Risk),> 1 Miliar,Di Bawah VWAP (Lemah),Distribusi Pro (Guyuran),Ritel Aktif (5M - 50M),Sepi (< 50%),Distribution (Fase Jualan),Spesialis Tiang Jemuran (Banting Pucuk),Normal,Turun 4 Hari Beruntun,TP: 87 | CL: 70,Open = High (Tekanan Jual),Sangat Menarik (> 1:3),Oversold (Jenuh Jual - Peluang),Netral / Sepi Berita,Normal / Sedang Transisi,Mengambang (Jauh dari Fibo),1,WAIT & SEE,TIDAK ADA,2026-09-28 11:55:04,Biasa / Mengikuti Pasar
11:55,ECII,Transaksi Sepi (Skip Broksum),Small Cap (Lapis 3),Fair Value (Wajar),0.0,0.17966267,145.0,165,134,204,-3.3333333333333335,541800,Normal,36,Negatif,Downtrend,Bearish,Strong Bearish,Konsolidasi / Transisi,Normal,Distribusi (Turun),Gap Up (+3.3%),Seimbang / Adu Mekanik,Normal,Tinggi,Normal,Area Tengah,< 1 Miliar,Di Bawah VWAP (Lemah),Distribusi Pro (Guyuran),Gorengan Sepi (< 5M),Sepi (< 50%),Distribution (Fase Jualan),Spesialis Tiang Jemuran (Banting Pucuk),Normal,Turun 2 Hari Beruntun,TP: 166 | CL: 130,Open = High (Tekanan Jual),Sangat Menarik (> 1:3),Netral / Sideways,Netral / Sepi Berita,Normal / Sedang Transisi,Mengambang (Jauh dari Fibo),1,WAIT & SEE,TIDAK ADA,2026-09-28 11:55:04,Biasa / Mengikuti Pasar
11:55,EKAD,Transaksi Sepi (Skip Broksum),Mid Cap (Lapis 2),Undervalued (Murah),2.5568628,1.0598503,374.0,405,348,464,-4.591836734693878,2518800,Normal,50,Negatif,Downtrend,Bearish,Bearish MACD,Konsolidasi / Transisi,Normal,Distribusi (Turun),Gap Down (-3.6%),Seimbang / Adu Mekanik,Bottom Rebound,Tinggi,Normal,Area Tengah,< 1 Miliar,Di Bawah VWAP (Lemah),Distribusi Pro (Guyuran),Gorengan Sepi (< 5M),Normal (50-150%),Distribution (Fase Jualan),Spesialis Tiang Jemuran (Banting Pucuk),Normal,Turun 3 Hari Beruntun,TP: 404 | CL: 353,Normal,Sangat Menarik (> 1:3),Oversold (Jenuh Jual - Peluang),Netral / Sepi Berita,Normal / Sedang Transisi,Mengambang (Jauh dari Fibo),0,WAIT & SEE,TIDAK ADA,2026-09-28 11:55:04,Biasa / Mengikuti Pasar
11:55,ELSA,Token Mati (Perlu Update),Mid Cap (Lapis 2),Undervalued (Murah),6.0757685,0.9150005,680.0,711,660,775,2.2556390977443606,6483100,Normal,43,Positif,Downtrend,Bearish,Strong Bearish,Konsolidasi / Transisi,Normal,Distribusi (Turun),Normal,Dominan Beli (Hajar Kanan),Normal,Sedang,Normal,Area Tengah,> 1 Miliar,Persis di VWAP,Distribusi Pro (Guyuran),Ritel Aktif (5M - 50M),Sepi (< 50%),Distribution (Fase Jualan),Solid (Jarang Dibanting),Normal,Naik 1 Hari Beruntun,TP: 718 | CL: 654,Normal,Sangat Menarik (> 1:3),Oversold (Jenuh Jual - Peluang),Netral / Sepi Berita,Normal / Sedang Transisi,Golden Rebound Fibo 38.2% 🎯,2,WAIT & SEE,TIDAK ADA,2026-09-28 11:55:04,Biasa / Mengikuti Pasar
11:55,ELTY,Token Mati (Perlu Update),Mid Cap (Lapis 2),Fair Value (Wajar),0.0,0.29855907,38.0,35,30,40,26.666666666666668,1151732900,Tembus MA20,56,Positif,Uptrend,Bearish,Strong Bearish,Strong Downtrend (5<20<50),Akumulasi Kuat,Akumulasi (Naik),Gap Up (+10.0%),Dominan Beli (Hajar Kanan),Normal,Tinggi,Normal,Rawan Pucuk (High Risk),> 1 Miliar,Di Atas VWAP (Kuat),Akumulasi Pro (Smart Money),Ritel Aktif (5M - 50M),Ledakan Ekstrem (> 300%),Accumulation (Kumpul Barang),Normal,Normal,Naik 1 Hari Beruntun,TP: 41 | CL: 35,Normal,Tidak Ideal (< 1:1),Netral / Sideways,Netral / Sepi Berita,Normal / Sedang Transisi,Mendekati Fibo 38.2%,8,BELI,TIDAK ADA,2026-09-28 11:55:04,⚠️ Anomali (Sudah Terbang)
11:55,EMDE,Transaksi Sepi (Skip Broksum),Small Cap (Lapis 3),Fair Value (Wajar),0.0,0.116162434,63.0,76,60,85,-8.695652173913043,4936200,Normal,27,Negatif,Downtrend,Bearish,Strong Bearish,Konsolidasi / Transisi,Normal,Distribusi (Turun),Normal,Seimbang / Adu Mekanik,Normal,Tinggi,Normal,Area Tengah,< 1 Miliar,Di Bawah VWAP (Lemah),Distribusi Pro (Guyuran),Gorengan Sepi (< 5M),Sepi (< 50%),Distribution (Fase Jualan),Normal,Normal,Turun 2 Hari Beruntun,TP: 71 | CL: 57,Open = High (Tekanan Jual),Sangat Menarik (> 1:3),Oversold (Jenuh Jual - Peluang),Netral / Sepi Berita,Normal / Sedang Transisi,Mendekati Fibo Bottom / 100%,0,WAIT & SEE,TIDAK ADA,2026-09-28 11:55:04,Biasa / Mengikuti Pasar
11:55,EMTK,Token Mati (Perlu Update),Big Cap (Lapis 1),Undervalued (Murah),11.374149,0.69824475,418.0,485,412,540,-0.4761904761904762,17107600,Normal,24,Negatif,Downtrend,Bearish,Strong Bearish,Strong Downtrend (5<20<50),Normal,Distribusi (Turun),Normal,Dominan Beli (Hajar Kanan),Bottom Rebound,Tinggi,Hammer (Potensi Reversal),Dekat Support (Low Risk),> 1 Miliar,Di Bawah VWAP (Lemah),Distribusi Pro (Guyuran),Ritel Aktif (5M - 50M),Sepi (< 50%),Mark-Down (Fase Runtuh),Normal,Jarum Bawah (Sinyal Pantulan Kuat),Turun 7 Hari Beruntun,TP: 441 | CL: 402,Open = High (Tekanan Jual),Sangat Menarik (> 1:3),Oversold (Jenuh Jual - Peluang),Netral / Sepi Berita,Normal / Sedang Transisi,Golden Rebound Fibo Bottom / 100% 🎯,1,WAIT & SEE,TIDAK ADA,2026-09-28 11:55:04,Biasa / Mengikuti Pasar
11:55,ENRG,Token Mati (Perlu Update),Big Cap (Lapis 1),Overvalued (Mahal),22.87692,37638.89,1355.0,1361,1200,1555,2.2641509433962264,50845500,Normal,53,Positif,Downtrend,Bearish,Bearish MACD,Konsolidasi / Transisi,Normal,Akumulasi (Naik),Normal,Seimbang / Adu Mekanik,Normal,Tinggi,Normal,Rawan Pucuk (High Risk),> 1 Miliar,Di Atas VWAP (Kuat),Akumulasi Pro (Smart Money),Sultan (> 50M/hari),Normal (50-150%),Distribution (Fase Jualan),Normal,Normal,Naik 4 Hari Beruntun,TP: 1481 | CL: 1270,Normal,Menengah (1:1),Golden Cross (Awal Bullish),Netral / Sepi Berita,Normal / Sedang Transisi,Dekat Support Fibo 38.2%,3,WAIT & SEE,TIDAK ADA,2026-09-28 11:55:04,Biasa / Mengikuti Pasar
11:55,EPMT,Transaksi Sepi (Skip Broksum),Mid Cap (Lapis 2),Undervalued (Murah),8.598424,0.8627423,2630.0,2527,2340,2900,0.0,14900,Normal,68,Negatif,Uptrend,Bullish,Strong Bullish,Perfect Uptrend (5>20>50),Normal,Akumulasi (Naik),Normal,Dominan Jual (Guyur),Normal,Tinggi,Doji (Ragu-ragu),Rawan Pucuk (High Risk),< 1 Miliar,Persis di VWAP,Distribusi Pro (Guyuran),Gorengan Sepi (< 5M),Sepi (< 50%),Mark-Up (Fase Pesta),Spesialis Tiang Jemuran (Banting Pucuk),Normal,Sideways / Stagnan,TP: 2767 | CL: 2538,Normal,Tidak Ideal (< 1:1),Netral / Sideways,Netral / Sepi Berita,Normal / Sedang Transisi,Dekat Support Fibo 50.0%,5,WAIT & SEE,TIDAK ADA,2026-09-28 11:55:04,Biasa / Mengikuti Pasar
11:55,ERAA,Token Mati (Perlu Update),Mid Cap (Lapis 2),Undervalued (Murah),6.6287875,0.98177207,595.0,592,486,645,-0.8333333333333334,36521200,Normal,60,Negatif,Uptrend,Bullish,Bearish MACD,Perfect Uptrend (5>20>50),Normal,Distribusi (Turun),Normal,Dominan Jual (Guyur),Normal,Tinggi,Doji (Ragu-ragu),Rawan Pucuk (High Risk),> 1 Miliar,Di Bawah VWAP (Lemah),Distribusi Pro (Guyuran),Ritel Aktif (5M - 50M),Sepi (< 50%),Mark-Up (Fase Pesta),Normal,Normal,Turun 3 Hari Beruntun,TP: 636 | CL: 567,Normal,Tidak Ideal (< 1:1),Netral / Sideways,Netral / Sepi Berita,Normal / Sedang Transisi,Mendekati Fibo 23.6%,3,WAIT & SEE,TIDAK ADA,2026-09-28 11:55:04,Biasa / Mengikuti Pasar
11:55,ERTX,Transaksi Sepi (Skip Broksum),Small Cap (Lapis 3),Overvalued (Mahal),160000.0,6956.5215,160.0,178,153,206,-5.325443786982249,430400,Normal,27,Negatif,Downtrend,Bearish,Strong Bearish,Strong Downtrend (5<20<50),Normal,Akumulasi (Naik),Normal,Seimbang / Adu Mekanik,Normal,Tinggi,Normal,Area Tengah,< 1 Miliar,Di Bawah VWAP (Lemah),Distribusi Pro (Guyuran),Gorengan Sepi (< 5M),Sepi (< 50%),Mark-Down (Fase Runtuh),Normal,Normal,Turun 3 Hari Beruntun,TP: 175 | CL: 149,Open = High (Tekanan Jual),Sangat Menarik (> 1:3),Oversold (Jenuh Jual - Peluang),Netral / Sepi Berita,Normal / Sedang Transisi,Mengambang (Jauh dari Fibo),1,WAIT & SEE,TIDAK ADA,2026-09-28 11:55:04,Biasa / Mengikuti Pasar
11:55,ESSA,Token Mati (Perlu Update),Mid Cap (Lapis 2),Overvalued (Mahal),9.953263,23000.0,570.0,644,565,725,-1.7241379310344827,28083400,Normal,34,Negatif,Downtrend,Bearish,Strong Bearish,Konsolidasi / Transisi,Normal,Distribusi (Turun),Normal,Seimbang / Adu Mekanik,Normal,Tinggi,Normal,Dekat Support (Low Risk),> 1 Miliar,Di Bawah VWAP (Lemah),Distribusi Pro (Guyuran),Ritel Aktif (5M - 50M),Sepi (< 50%),Distribution (Fase Jualan),Normal,Normal,Turun 3 Hari Beruntun,TP: 606 | CL: 545,Open = High (Tekanan Jual),Sangat Menarik (> 1:3),Oversold (Jenuh Jual - Peluang),Netral / Sepi Berita,Normal / Sedang Transisi,Mendekati Fibo 78.6%,0,WAIT & SEE,TIDAK ADA,2026-09-28 11:55:04,Biasa / Mengikuti Pasar
11:55,ESTI,Transaksi Sepi (Skip Broksum),Small Cap (Lapis 3),Overvalued (Mahal),142000.0,1.5960436,142.0,164,137,266,-2.0689655172413794,5109600,Normal,37,Negatif,Downtrend,Bearish,Strong Bearish,Konsolidasi / Transisi,Normal,Akumulasi (Naik),Normal,Dominan Jual (Guyur),Bottom Rebound,Tinggi,Normal,Area Tengah,< 1 Miliar,Di Bawah VWAP (Lemah),Distribusi Pro (Guyuran),Gorengan Sepi (< 5M),Sepi (< 50%),Distribution (Fase Jualan),Spesialis Tiang Jemuran (Banting Pucuk),Normal,Turun 3 Hari Beruntun,TP: 174 | CL: 120,Normal,Sangat Menarik (> 1:3),Oversold (Jenuh Jual - Peluang),Netral / Sepi Berita,Normal / Sedang Transisi,Mengambang (Jauh dari Fibo),1,WAIT & SEE,TIDAK ADA,2026-09-28 11:55:04,Biasa / Mengikuti Pasar
11:55,EXCL,Token Mati (Perlu Update),Big Cap (Lapis 1),Fair Value (Wajar),0.0,1.4748528,2340.0,2575,2270,2850,0.4291845493562232,3949100,Normal,31,Positif,Downtrend,Bearish,Strong Bearish,Strong Downtrend (5<20<50),Normal,Distribusi (Turun),Normal,Dominan Beli (Hajar Kanan),Normal,Tinggi,Normal,Area Tengah,> 1 Miliar,Di Bawah VWAP (Lemah),Distribusi Pro (Guyuran),Ritel Aktif (5M - 50M),Sepi (< 50%),Mark-Down (Fase Runtuh),Spesialis Tiang Jemuran (Banting Pucuk),Jarum Bawah (Sinyal Pantulan Kuat),Naik 1 Hari Beruntun,TP: 2462 | CL: 2258,Normal,Sangat Menarik (> 1:3),Oversold (Jenuh Jual - Peluang),Netral / Sepi Berita,Normal / Sedang Transisi,Mendekati Fibo Bottom / 100%,2,WAIT & SEE,TIDAK ADA,2026-09-28 11:55:04,Biasa / Mengikuti Pasar
11:55,FAST,Token Mati (Perlu Update),Mid Cap (Lapis 2),Overvalued (Mahal),0.0,7.762208,416.0,442,410,490,-2.3474178403755865,3652700,Normal,45,Negatif,Downtrend,Bearish,Bearish MACD,Konsolidasi / Transisi,Normal,Akumulasi (Naik),Normal,Dominan Jual (Guyur),Normal,Tinggi,Normal,Dekat Support (Low Risk),> 1 Miliar,Di Bawah VWAP (Lemah),Distribusi Pro (Guyuran),Ritel Aktif (5M - 50M),Sepi (< 50%),Distribution (Fase Jualan),Spesialis Tiang Jemuran (Banting Pucuk),Normal,Turun 2 Hari Beruntun,TP: 465 | CL: 383,Open = High (Tekanan Jual),Sangat Menarik (> 1:3),Netral / Sideways,Netral / Sepi Berita,Normal / Sedang Transisi,Mengambang (Jauh dari Fibo),1,WAIT & SEE,TIDAK ADA,2026-09-28 11:55:04,Biasa / Mengikuti Pasar
11:55,FISH,Transaksi Sepi (Skip Broksum),Mid Cap (Lapis 2),Overvalued (Mahal),56.744186,17428.572,610.0,640,590,820,-2.4,25900,Normal,44,Negatif,Downtrend,Bearish,Bearish MACD,Konsolidasi / Transisi,Normal,Akumulasi (Naik),Normal,Dominan Jual (Guyur),Normal,Tinggi,Normal,Area Tengah,< 1 Miliar,Di Bawah VWAP (Lemah),Akumulasi Pro (Smart Money),Gorengan Sepi (< 5M),Sepi (< 50%),Distribution (Fase Jualan),Normal,Normal,Turun 1 Hari Beruntun,TP: 698 | CL: 551,Normal,Sangat Menarik (> 1:3),Oversold (Jenuh Jual - Peluang),Netral / Sepi Berita,Normal / Sedang Transisi,Golden Rebound Fibo 78.6% 🎯,1,WAIT & SEE,TIDAK ADA,2026-09-28 11:55:04,Biasa / Mengikuti Pasar
11:55,FMII,Transaksi Sepi (Skip Broksum),Mid Cap (Lapis 2),Fair Value (Wajar),0.0,2.3267624,252.0,248,232,258,6.779661016949152,135000,Tembus MA20,54,Positif,Uptrend,Bearish,Strong Bearish,Strong Downtrend (5<20<50),Akumulasi Kuat,Akumulasi (Naik),Normal,Dominan Beli (Hajar Kanan),Normal,Sedang,Normal,Area Tengah,< 1 Miliar,Di Atas VWAP (Kuat),Akumulasi Pro (Smart Money),Gorengan Sepi (< 5M),Anomali Tinggi (150-300%),Accumulation (Kumpul Barang),Normal,Normal,Naik 1 Hari Beruntun,TP: 265 | CL: 243,Normal,Tidak Ideal (< 1:1),Netral / Sideways,Netral / Sepi Berita,Normal / Sedang Transisi,Dekat Support Fibo 61.8% (Golden Ratio),7,BELI,TIDAK ADA,2026-09-28 11:55:04,Biasa / Mengikuti Pasar
11:55,FORU,Token Mati (Perlu Update),Mid Cap (Lapis 2),Overvalued (Mahal),0.0,8.899747,306.0,1646,131,4200,-15.0,6167900,Normal,30,Negatif,Downtrend,Bearish,Strong Bearish,Strong Downtrend (5<20<50),Normal,Akumulasi (Naik),Gap Down (-15.0%),Tidak Ada Transaksi,Bottom Rebound,Tinggi,Doji (Ragu-ragu),Rawan Pucuk (High Risk),> 1 Miliar,Di Bawah VWAP (Lemah),Akumulasi Pro (Smart Money),Ritel Aktif (5M - 50M),Sepi (< 50%),Mark-Down (Fase Runtuh),Normal,Normal,Turun 1 Hari Beruntun,TP: 900 | CL: -90,Normal,Sangat Menarik (> 1:3),Oversold (Jenuh Jual - Peluang),Netral / Sepi Berita,Normal / Sedang Transisi,Mengambang (Jauh dari Fibo),1,WAIT & SEE,TIDAK ADA,2026-09-28 11:55:04,Biasa / Mengikuti Pasar
11:55,FPNI,Transaksi Sepi (Skip Broksum),Mid Cap (Lapis 2),Overvalued (Mahal),9.170549,24600.0,490.0,557,480,685,-2.0,1955000,Normal,44,Negatif,Downtrend,Bearish,Strong Bearish,Konsolidasi / Transisi,Normal,Distribusi (Turun),Normal,Seimbang / Adu Mekanik,Normal,Tinggi,Normal,Dekat Support (Low Risk),< 1 Miliar,Di Bawah VWAP (Lemah),Distribusi Pro (Guyuran),Gorengan Sepi (< 5M),Sepi (< 50%),Distribution (Fase Jualan),Normal,Normal,Turun 3 Hari Beruntun,TP: 559 | CL: 443,Open = High (Tekanan Jual),Sangat Menarik (> 1:3),Oversold (Jenuh Jual - Peluang),Netral / Sepi Berita,Normal / Sedang Transisi,Golden Rebound Fibo 50.0% 🎯,0,WAIT & SEE,TIDAK ADA,2026-09-28 11:55:04,Biasa / Mengikuti Pasar
11:55,GDST,Transaksi Sepi (Skip Broksum),Small Cap (Lapis 3),Undervalued (Murah),9.935004,0.6671322,107.0,115,106,142,-1.834862385321101,4695600,Normal,43,Negatif,Downtrend,Bullish,Bearish MACD,Perfect Uptrend (5>20>50),Normal,Distribusi (Turun),Normal,Dominan Jual (Guyur),Normal,Tinggi,Normal,Dekat Support (Low Risk),< 1 Miliar,Di Bawah VWAP (Lemah),Distribusi Pro (Guyuran),Gorengan Sepi (< 5M),Sepi (< 50%),Distribution (Fase Jualan),Spesialis Tiang Jemuran (Banting Pucuk),Normal,Turun 3 Hari Beruntun,TP: 120 | CL: 97,Normal,Sangat Menarik (> 1:3),Oversold (Jenuh Jual - Peluang),Netral / Sepi Berita,Normal / Sedang Transisi,Golden Rebound Fibo 61.8% (Golden Ratio) 🎯,1,WAIT & SEE,TIDAK ADA,2026-09-28 11:55:04,Biasa / Mengikuti Pasar
11:55,GDYR,Transaksi Sepi (Skip Broksum),Small Cap (Lapis 3),Overvalued (Mahal),180000.0,7248.322,1080.0,1114,1080,1150,-2.7027027027027026,4700,Normal,41,Negatif,Downtrend,Bearish,Strong Bearish,Konsolidasi / Transisi,Normal,Distribusi (Turun),Normal,Dominan Jual (Guyur),Squeeze,Rendah,Normal,Dekat Support (Low Risk),< 1 Miliar,Di Bawah VWAP (Lemah),Distribusi Pro (Guyuran),Gorengan Sepi (< 5M),Normal (50-150%),Distribution (Fase Jualan),Normal,Normal,Turun 1 Hari Beruntun,TP: 1108 | CL: 1061,Open = High (Tekanan Jual),Di Area Support,Oversold (Jenuh Jual - Peluang),Netral / Sepi Berita,Normal / Sedang Transisi,Golden Rebound Fibo 78.6% 🎯,0,WAIT & SEE,TIDAK ADA,2026-09-28 11:55:04,Biasa / Mengikuti Pasar
11:55,GEMA,Transaksi Sepi (Skip Broksum),Small Cap (Lapis 3),Fair Value (Wajar),0.0,0.29504725,80.0,90,76,103,-1.2345679012345678,392600,Normal,34,Negatif,Downtrend,Bearish,Strong Bearish,Konsolidasi / Transisi,Normal,Distribusi (Turun),Normal,Dominan Beli (Hajar Kanan),Normal,Tinggi,Doji (Ragu-ragu),Area Tengah,< 1 Miliar,Di Bawah VWAP (Lemah),Distribusi Pro (Guyuran),Gorengan Sepi (< 5M),Sepi (< 50%),Distribution (Fase Jualan),Spesialis Tiang Jemuran (Banting Pucuk),Jarum Bawah (Sinyal Pantulan Kuat),Turun 2 Hari Beruntun,TP: 87 | CL: 74,Normal,Sangat Menarik (> 1:3),Oversold (Jenuh Jual - Peluang),Netral / Sepi Berita,Normal / Sedang Transisi,Golden Rebound Fibo 78.6% 🎯,1,WAIT & SEE,TIDAK ADA,2026-09-28 11:55:04,Biasa / Mengikuti Pasar
11:55,GEMS,Transaksi Sepi (Skip Broksum),Big Cap (Lapis 1),Overvalued (Mahal),10.502842,54887.22,7300.0,7380,6975,7800,1.0380622837370241,69200,Normal,54,Positif,Downtrend,Bearish,Bearish MACD,Konsolidasi / Transisi,Normal,Distribusi (Turun),Normal,Dominan Beli (Hajar Kanan),Normal,Sedang,Normal,Area Tengah,< 1 Miliar,Persis di VWAP,Distribusi Pro (Guyuran),Gorengan Sepi (< 5M),Normal (50-150%),Distribution (Fase Jualan),Normal,Normal,Naik 1 Hari Beruntun,TP: 7642 | CL: 7071,Normal,Ideal (1:2),Golden Cross (Awal Bullish),Netral / Sepi Berita,Supply Kering (Siap Pump) 🏜️,Mendekati Fibo 38.2%,3,WAIT & SEE,TIDAK ADA,2026-09-28 11:55:04,Biasa / Mengikuti Pasar
11:55,GGRM,Token Mati (Perlu Update),Big Cap (Lapis 1),Undervalued (Murah),7.5936847,0.5238252,17450.0,18735,17050,21050,1.749271137026239,426900,Normal,36,Positif,Downtrend,Bearish,Strong Bearish,Strong Downtrend (5<20<50),Normal,Distribusi (Turun),Normal,Seimbang / Adu Mekanik,Normal,Tinggi,Normal,Dekat Support (Low Risk),> 1 Miliar,Persis di VWAP,Distribusi Pro (Guyuran),Ritel Aktif (5M - 50M),Sepi (< 50%),Mark-Down (Fase Runtuh),Spesialis Tiang Jemuran (Banting Pucuk),Normal,Naik 1 Hari Beruntun,TP: 18422 | CL: 16801,Open = Low (Bullish Kuat),Sangat Menarik (> 1:3),Oversold (Jenuh Jual - Peluang),Netral / Sepi Berita,Normal / Sedang Transisi,Mendekati Fibo 78.6%,1,WAIT & SEE,TIDAK ADA,2026-09-28 11:55:04,Biasa / Mengikuti Pasar
11:55,GIAA,Token Mati (Perlu Update),Big Cap (Lapis 1),Fair Value (Wajar),0.0,0.0,57.0,63,55,71,1.7857142857142856,67863000,Normal,37,Positif,Downtrend,Bearish,Strong Bearish,Konsolidasi / Transisi,Normal,Distribusi (Turun),Normal,Dominan Beli (Hajar Kanan),Bottom Rebound,Tinggi,Marubozu (Strong Bullish),Area Tengah,> 1 Miliar,Di Bawah VWAP (Lemah),Distribusi Pro (Guyuran),Gorengan Sepi (< 5M),Normal (50-150%),Distribution (Fase Jualan),Spesialis Tiang Jemuran (Banting Pucuk),Normal,Naik 1 Hari Beruntun,TP: 61 | CL: 54,Open = Low (Bullish Kuat),Sangat Menarik (> 1:3),Oversold (Jenuh Jual - Peluang),Netral / Sepi Berita,Normal / Sedang Transisi,Mengambang (Jauh dari Fibo),2,WAIT & SEE,TIDAK ADA,2026-09-28 11:55:04,Biasa / Mengikuti Pasar
11:55,GJTL,Token Mati (Perlu Update),Mid Cap (Lapis 2),Undervalued (Murah),2.713348,0.39251226,1240.0,1339,1230,1420,-0.8,1007500,Normal,32,Negatif,Downtrend,Bearish,Strong Bearish,Konsolidasi / Transisi,Normal,Distribusi (Turun),Normal,Dominan Jual (Guyur),Normal,Sedang,Normal,Dekat Support (Low Risk),> 1 Miliar,Di Bawah VWAP (Lemah),Distribusi Pro (Guyuran),Gorengan Sepi (< 5M),Sepi (< 50%),Distribution (Fase Jualan),Normal,Normal,Turun 3 Hari Beruntun,TP: 1290 | CL: 1206,Normal,Sangat Menarik (> 1:3),Oversold (Jenuh Jual - Peluang),Netral / Sepi Berita,Normal / Sedang Transisi,Golden Rebound Fibo 61.8% (Golden Ratio) 🎯,0,WAIT & SEE,TIDAK ADA,2026-09-28 11:55:04,Biasa / Mengikuti Pasar
11:55,GMTD,Transaksi Sepi (Skip Broksum),Mid Cap (Lapis 2),Overvalued (Mahal),34.919548,1.1826897,1020.0,1278,1005,1515,-8.520179372197308,21600,Normal,23,Negatif,Downtrend,Bearish,Strong Bearish,Strong Downtrend (5<20<50),Normal,Distribusi (Turun),Gap Down (-3.6%),Dominan Jual (Guyur),Normal,Tinggi,Normal,Dekat Support (Low Risk),< 1 Miliar,Di Bawah VWAP (Lemah),Distribusi Pro (Guyuran),Gorengan Sepi (< 5M),Normal (50-150%),Mark-Down (Fase Runtuh),Normal,Normal,Turun 2 Hari Beruntun,TP: 1122 | CL: 951,Normal,Sangat Menarik (> 1:3),Oversold (Jenuh Jual - Peluang),Netral / Sepi Berita,Normal / Sedang Transisi,Golden Rebound Fibo Bottom / 100% 🎯,0,WAIT & SEE,TIDAK ADA,2026-09-28 11:55:04,Biasa / Mengikuti Pasar
11:55,GOLD,Transaksi Sepi (Skip Broksum),Small Cap (Lapis 3),Fair Value (Wajar),23.242105,0.79281867,276.0,277,264,300,0.0,10500,Normal,51,Negatif,Downtrend,Death Cross,Bearish MACD,Konsolidasi / Transisi,Normal,Distribusi (Turun),Normal,Dominan Beli (Hajar Kanan),Squeeze,Rendah,Normal,Area Tengah,< 1 Miliar,Di Bawah VWAP (Lemah),Distribusi Pro (Guyuran),Gorengan Sepi (< 5M),Sepi (< 50%),Distribution (Fase Jualan),Spesialis Tiang Jemuran (Banting Pucuk),Normal,Sideways / Stagnan,TP: 299 | CL: 260,Normal,Ideal (1:2),Netral / Sideways,Netral / Sepi Berita,Normal / Sedang Transisi,Dekat Support Fibo 61.8% (Golden Ratio),2,WAIT & SEE,TIDAK ADA,2026-09-28 11:55:04,Biasa / Mengikuti Pasar
11:55,GPRA,Token Mati (Perlu Update),Small Cap (Lapis 3),Undervalued (Murah),6.2342567,0.31571296,99.0,104,95,115,0.0,10593700,Normal,36,Negatif,Downtrend,Bearish,Strong Bearish,Strong Downtrend (5<20<50),Normal,Distribusi (Turun),Normal,Dominan Beli (Hajar Kanan),Bottom Rebound,Sedang,Doji (Ragu-ragu),Area Tengah,> 1 Miliar,Di Bawah VWAP (Lemah),Distribusi Pro (Guyuran),Ritel Aktif (5M - 50M),Sepi (< 50%),Mark-Down (Fase Runtuh),Normal,Jarum Bawah (Sinyal Pantulan Kuat),Sideways / Stagnan,TP: 104 | CL: 95,Normal,Sangat Menarik (> 1:3),Golden Cross (Awal Bullish),Netral / Sepi Berita,Normal / Sedang Transisi,Mendekati Fibo Bottom / 100%,1,WAIT & SEE,TIDAK ADA,2026-09-28 11:55:04,Biasa / Mengikuti Pasar
11:55,GSMF,Transaksi Sepi (Skip Broksum),Mid Cap (Lapis 2),Overvalued (Mahal),50.292397,0.5275556,86.0,99,85,148,-4.444444444444445,2825000,Normal,38,Negatif,Downtrend,Bearish,Strong Bearish,Konsolidasi / Transisi,Normal,Distribusi (Turun),Normal,Dominan Jual (Guyur),Normal,Tinggi,Normal,Dekat Support (Low Risk),< 1 Miliar,Di Bawah VWAP (Lemah),Distribusi Pro (Guyuran),Gorengan Sepi (< 5M),Sepi (< 50%),Distribution (Fase Jualan),Spesialis Tiang Jemuran (Banting Pucuk),Normal,Turun 2 Hari Beruntun,TP: 102 | CL: 75,Normal,Sangat Menarik (> 1:3),Oversold (Jenuh Jual - Peluang),Netral / Sepi Berita,Normal / Sedang Transisi,Mengambang (Jauh dari Fibo),0,WAIT & SEE,TIDAK ADA,2026-09-28 11:55:04,Biasa / Mengikuti Pasar
11:55,GTBO,Transaksi Sepi (Skip Broksum),Small Cap (Lapis 3),Overvalued (Mahal),0.0,14777.778,133.0,150,133,180,0.0,48900,Normal,21,Negatif,Downtrend,Bearish,Strong Bearish,Strong Downtrend (5<20<50),Normal,Distribusi (Turun),Normal,Tidak Ada Transaksi,Normal,Tinggi,Doji (Ragu-ragu),Dekat Support (Low Risk),< 1 Miliar,Di Bawah VWAP (Lemah),Distribusi Pro (Guyuran),Gorengan Sepi (< 5M),Normal (50-150%),Mark-Down (Fase Runtuh),Solid (Jarang Dibanting),Normal,Sideways / Stagnan,TP: 137 | CL: 129,Normal,Di Area Support,Oversold (Jenuh Jual - Peluang),Netral / Sepi Berita,Normal / Sedang Transisi,Golden Rebound Fibo Bottom / 100% 🎯,0,WAIT & SEE,TIDAK ADA,2026-09-28 11:55:04,Biasa / Mengikuti Pasar
11:55,GWSA,Transaksi Sepi (Skip Broksum),Mid Cap (Lapis 2),Undervalued (Murah),9.090909,0.16690008,156.0,166,150,187,-1.2658227848101267,2344200,Normal,46,Negatif,Downtrend,Bullish,Bearish MACD,Perfect Uptrend (5>20>50),Normal,Akumulasi (Naik),Normal,Seimbang / Adu Mekanik,Normal,Tinggi,Doji (Ragu-ragu),Area Tengah,< 1 Miliar,Di Bawah VWAP (Lemah),Akumulasi Pro (Smart Money),Gorengan Sepi (< 5M),Sepi (< 50%),Distribution (Fase Jualan),Normal,Jarum Bawah (Sinyal Pantulan Kuat),Turun 2 Hari Beruntun,TP: 171 | CL: 145,Normal,Sangat Menarik (> 1:3),Netral / Sideways,Netral / Sepi Berita,Supply Banjir (Distribusi) 🌊,Mendekati Fibo 50.0%,2,WAIT & SEE,TIDAK ADA,2026-09-28 11:55:04,Biasa / Mengikuti Pasar
11:55,GZCO,Transaksi Sepi (Skip Broksum),Small Cap (Lapis 3),Undervalued (Murah),8.760245,0.8194168,171.0,190,169,218,-1.7241379310344827,5800300,Normal,41,Negatif,Downtrend,Bearish,Strong Bearish,Konsolidasi / Transisi,Normal,Distribusi (Turun),Normal,Dominan Jual (Guyur),Bottom Rebound,Tinggi,Normal,Dekat Support (Low Risk),< 1 Miliar,Di Bawah VWAP (Lemah),Distribusi Pro (Guyuran),Gorengan Sepi (< 5M),Sepi (< 50%),Distribution (Fase Jualan),Normal,Normal,Turun 2 Hari Beruntun,TP: 186 | CL: 160,Normal,Sangat Menarik (> 1:3),Oversold (Jenuh Jual - Peluang),Netral / Sepi Berita,Normal / Sedang Transisi,Mendekati Fibo 61.8% (Golden Ratio),0,WAIT & SEE,TIDAK ADA,2026-09-28 11:55:04,Biasa / Mengikuti Pasar
11:55,HADE,Token Mati (Perlu Update),Small Cap (Lapis 3),Overvalued (Mahal),0.0,14.676114,29.0,23,16,34,0.0,167607300,Tembus MA20,65,Negatif,Uptrend,Bullish,Strong Bullish,Perfect Uptrend (5>20>50),Normal,Akumulasi (Naik),Normal,Seimbang / Adu Mekanik,Normal,Tinggi,Doji (Ragu-ragu),Rawan Pucuk (High Risk),> 1 Miliar,Di Bawah VWAP (Lemah),Distribusi Pro (Guyuran),Gorengan Sepi (< 5M),Ledakan Ekstrem (> 300%),Mark-Up (Fase Pesta),Normal,Normal,Sideways / Stagnan,TP: 32 | CL: 26,Normal,Tidak Ideal (< 1:1),Death Cross (Awal Bearish),Netral / Sepi Berita,Normal / Sedang Transisi,Mengambang (Jauh dari Fibo),6,WAIT & SEE,TIDAK ADA,2026-09-28 11:55:04,Biasa / Mengikuti Pasar
11:55,HDFA,Transaksi Sepi (Skip Broksum),Small Cap (Lapis 3),Fair Value (Wajar),0.0,1.1422802,86.0,100,85,119,-4.444444444444445,364200,Normal,27,Negatif,Downtrend,Bearish,Strong Bearish,Konsolidasi / Transisi,Normal,Distribusi (Turun),Normal,Dominan Jual (Guyur),Normal,Tinggi,Normal,Dekat Support (Low Risk),< 1 Miliar,Di Bawah VWAP (Lemah),Distribusi Pro (Guyuran),Gorengan Sepi (< 5M),Sepi (< 50%),Distribution (Fase Jualan),Spesialis Tiang Jemuran (Banting Pucuk),Normal,Turun 3 Hari Beruntun,TP: 94 | CL: 80,Open = High (Tekanan Jual),Sangat Menarik (> 1:3),Oversold (Jenuh Jual - Peluang),Netral / Sepi Berita,Normal / Sedang Transisi,Mendekati Fibo Bottom / 100%,0,WAIT & SEE,TIDAK ADA,2026-09-28 11:55:04,Biasa / Mengikuti Pasar
11:55,HERO,Transaksi Sepi (Skip Broksum),Mid Cap (Lapis 2),Overvalued (Mahal),107.023415,0.7776824,320.0,333,316,358,-0.6211180124223602,14400,Normal,34,Negatif,Downtrend,Bearish,Strong Bearish,Strong Downtrend (5<20<50),Normal,Distribusi (Turun),Normal,Seimbang / Adu Mekanik,Squeeze,Rendah,Doji (Ragu-ragu),Dekat Support (Low Risk),< 1 Miliar,Di Bawah VWAP (Lemah),Distribusi Pro (Guyuran),Gorengan Sepi (< 5M),Sepi (< 50%),Mark-Down (Fase Runtuh),Spesialis Tiang Jemuran (Banting Pucuk),Jarum Bawah (Sinyal Pantulan Kuat),Turun 3 Hari Beruntun,TP: 339 | CL: 307,Normal,Sangat Menarik (> 1:3),Oversold (Jenuh Jual - Peluang),Netral / Sepi Berita,Normal / Sedang Transisi,Mendekati Fibo 78.6%,0,WAIT & SEE,TIDAK ADA,2026-09-28 11:55:04,Biasa / Mengikuti Pasar
11:55,HEXA,Token Mati (Perlu Update),Mid Cap (Lapis 2),Overvalued (Mahal),12.046205,18069.307,3650.0,4282,3600,4509,-8.060148086232477,2198700,Tembus MA20,14,Negatif,Downtrend,Bearish,Strong Bearish,Strong Downtrend (5<20<50),Normal,Distribusi (Turun),Gap Down (-4.8%),Dominan Jual (Guyur),Normal,Tinggi,Normal,Dekat Support (Low Risk),> 1 Miliar,Di Bawah VWAP (Lemah),Distribusi Pro (Guyuran),Ritel Aktif (5M - 50M),Normal (50-150%),Mark-Down (Fase Runtuh),Solid (Jarang Dibanting),Normal,Turun 1 Hari Beruntun,TP: 3825 | CL: 3532,Open = High (Tekanan Jual),Sangat Menarik (> 1:3),Oversold (Jenuh Jual - Peluang),Netral / Sepi Berita,Supply Banjir (Distribusi) 🌊,Golden Rebound Fibo Bottom / 100% 🎯,1,WAIT & SEE,TIDAK ADA,2026-09-28 11:55:04,Biasa / Mengikuti Pasar
11:55,HMSP,Token Mati (Perlu Update),Big Cap (Lapis 1),Fair Value (Wajar),8.467796,2.8367972,635.0,692,630,770,0.0,8953500,Normal,24,Negatif,Downtrend,Bearish,Strong Bearish,Strong Downtrend (5<20<50),Normal,Distribusi (Turun),Normal,Seimbang / Adu Mekanik,Normal,Tinggi,Normal,Dekat Support (Low Risk),> 1 Miliar,Di Bawah VWAP (Lemah),Distribusi Pro (Guyuran),Ritel Aktif (5M - 50M),Sepi (< 50%),Mark-Down (Fase Runtuh),Normal,Normal,Sideways / Stagnan,TP: 667 | CL: 613,Normal,Sangat Menarik (> 1:3),Oversold (Jenuh Jual - Peluang),Netral / Sepi Berita,Normal / Sedang Transisi,Golden Rebound Fibo Bottom / 100% 🎯,0,WAIT & SEE,TIDAK ADA,2026-09-28 11:55:04,Biasa / Mengikuti Pasar
11:55,HRUM,Token Mati (Perlu Update),Big Cap (Lapis 1),Overvalued (Mahal),14.927849,12328.768,900.0,913,860,990,2.857142857142857,8506500,Normal,51,Positif,Downtrend,Bearish,Strong Bearish,Konsolidasi / Transisi,Normal,Distribusi (Turun),Normal,Seimbang / Adu Mekanik,Normal,Sedang,Normal,Area Tengah,> 1 Miliar,Di Atas VWAP (Kuat),Distribusi Pro (Guyuran),Ritel Aktif (5M - 50M),Normal (50-150%),Distribution (Fase Jualan),Spesialis Tiang Jemuran (Banting Pucuk),Normal,Naik 1 Hari Beruntun,TP: 951 | CL: 865,Normal,Ideal (1:2),Golden Cross (Awal Bullish),Netral / Sepi Berita,Normal / Sedang Transisi,Mendekati Fibo 38.2%,2,WAIT & SEE,TIDAK ADA,2026-09-28 11:55:04,Biasa / Mengikuti Pasar
11:55,IATA,Token Mati (Perlu Update),Mid Cap (Lapis 2),Overvalued (Mahal),54.189945,24249.998,97.0,119,90,145,6.593406593406594,401110500,Normal,39,Positif,Downtrend,Bearish,Strong Bearish,Konsolidasi / Transisi,Normal,Distribusi (Turun),Normal,Dominan Beli (Hajar Kanan),Normal,Tinggi,Normal,Area Tengah,> 1 Miliar,Di Bawah VWAP (Lemah),Distribusi Pro (Guyuran),Ritel Aktif (5M - 50M),Normal (50-150%),Distribution (Fase Jualan),Normal,Normal,Naik 1 Hari Beruntun,TP: 109 | CL: 88,Open = Low (Bullish Kuat),Sangat Menarik (> 1:3),Oversold (Jenuh Jual - Peluang),Netral / Sepi Berita,Normal / Sedang Transisi,Mengambang (Jauh dari Fibo),2,WAIT & SEE,TIDAK ADA,2026-09-28 11:55:04,⚠️ Anomali (Sudah Terbang)
11:55,ICBP,Token Mati (Perlu Update),Big Cap (Lapis 1),Undervalued (Murah),10.62267,1.4863038,6750.0,7047,6625,7675,1.5037593984962405,1653900,Normal,39,Positif,Downtrend,Bearish,Strong Bearish,Strong Downtrend (5<20<50),Normal,Akumulasi (Naik),Normal,Dominan Beli (Hajar Kanan),Normal,Sedang,Normal,Dekat Support (Low Risk),> 1 Miliar,Persis di VWAP,Distribusi Pro (Guyuran),Ritel Aktif (5M - 50M),Sepi (< 50%),Mark-Down (Fase Runtuh),Solid (Jarang Dibanting),Normal,Naik 1 Hari Beruntun,TP: 7020 | CL: 6569,Normal,Sangat Menarik (> 1:3),Golden Cross (Awal Bullish),Netral / Sepi Berita,Normal / Sedang Transisi,Dekat Support Fibo 78.6%,3,WAIT & SEE,TIDAK ADA,2026-09-28 11:55:04,Biasa / Mengikuti Pasar
11:55,ICON,Transaksi Sepi (Skip Broksum),Small Cap (Lapis 3),Fair Value (Wajar),0.0,1.0168703,144.0,145,127,190,0.6993006993006993,6838800,Normal,53,Positif,Downtrend,Bullish,Bearish MACD,Perfect Uptrend (5>20>50),Normal,Distribusi (Turun),Normal,Seimbang / Adu Mekanik,Normal,Tinggi,Normal,Rawan Pucuk (High Risk),< 1 Miliar,Di Bawah VWAP (Lemah),Distribusi Pro (Guyuran),Gorengan Sepi (< 5M),Sepi (< 50%),Distribution (Fase Jualan),Spesialis Tiang Jemuran (Banting Pucuk),Normal,Naik 1 Hari Beruntun,TP: 164 | CL: 130,Normal,Ideal (1:2),Oversold (Jenuh Jual - Peluang),Netral / Sepi Berita,Normal / Sedang Transisi,Golden Rebound Fibo 50.0% 🎯,3,WAIT & SEE,TIDAK ADA,2026-09-28 11:55:04,Biasa / Mengikuti Pasar
11:55,IGAR,Transaksi Sepi (Skip Broksum),Small Cap (Lapis 3),Undervalued (Murah),6.445472,0.6145253,474.0,474,452,520,0.423728813559322,18800,Normal,52,Positif,Downtrend,Bullish,Bearish MACD,Perfect Uptrend (5>20>50),Normal,Akumulasi (Naik),Gap Up (+3.8%),Dominan Jual (Guyur),Normal,Sedang,Normal,Area Tengah,< 1 Miliar,Di Bawah VWAP (Lemah),Akumulasi Pro (Smart Money),Gorengan Sepi (< 5M),Sepi (< 50%),Distribution (Fase Jualan),Normal,Normal,Naik 1 Hari Beruntun,TP: 496 | CL: 458,Open = High (Tekanan Jual),Ideal (1:2),Netral / Sideways,Netral / Sepi Berita,Supply Banjir (Distribusi) 🌊,Dekat Support Fibo 38.2%,5,WAIT & SEE,TIDAK ADA,2026-09-28 11:55:04,Biasa / Mengikuti Pasar
11:55,IKAI,Token Mati (Perlu Update),Small Cap (Lapis 3),Fair Value (Wajar),0.0,0.49649218,23.0,20,19,25,15.0,177623900,Tembus MA20,66,Positif,Uptrend,Bullish,Strong Bullish,Awal Reversal (5>20),Akumulasi Kuat,Akumulasi (Naik),Gap Up (+10.0%),Seimbang / Adu Mekanik,Breakout Upper,Tinggi,Normal,Rawan Pucuk (High Risk),> 1 Miliar,Di Atas VWAP (Kuat),Distribusi Pro (Guyuran),Gorengan Sepi (< 5M),Ledakan Ekstrem (> 300%),Accumulation (Kumpul Barang),Spesialis Tiang Jemuran (Banting Pucuk),Normal,Naik 1 Hari Beruntun,TP: 25 | CL: 21,Normal,Tidak Ideal (< 1:1),Netral / Sideways,Netral / Sepi Berita,Normal / Sedang Transisi,Dekat Support Fibo 23.6%,9,BELI,TIDAK ADA,2026-09-28 11:55:04,⚠️ Anomali (Sudah Terbang)
11:55,IKBI,Transaksi Sepi (Skip Broksum),Small Cap (Lapis 3),Overvalued (Mahal),4.9874153,7430.5557,535.0,538,505,635,0.0,394400,Normal,48,Negatif,Downtrend,Bearish,Strong Bearish,Strong Downtrend (5<20<50),Normal,Akumulasi (Naik),Normal,Seimbang / Adu Mekanik,Normal,Tinggi,Normal,Area Tengah,< 1 Miliar,Persis di VWAP,Distribusi Pro (Guyuran),Gorengan Sepi (< 5M),Normal (50-150%),Mark-Down (Fase Runtuh),Spesialis Tiang Jemuran (Banting Pucuk),Normal,Sideways / Stagnan,TP: 600 | CL: 491,Open = Low (Bullish Kuat),Sangat Menarik (> 1:3),Oversold (Jenuh Jual - Peluang),Netral / Sepi Berita,Normal / Sedang Transisi,Mengambang (Jauh dari Fibo),1,WAIT & SEE,TIDAK ADA,2026-09-28 11:55:04,Biasa / Mengikuti Pasar
11:55,IMAS,Transaksi Sepi (Skip Broksum),Mid Cap (Lapis 2),Overvalued (Mahal),34.276604,0.24244522,860.0,893,830,1100,-0.5780346820809248,6900,Normal,44,Negatif,Downtrend,Bearish,Strong Bearish,Konsolidasi / Transisi,Normal,Distribusi (Turun),Normal,Seimbang / Adu Mekanik,Normal,Sedang,Normal,Area Tengah,< 1 Miliar,Persis di VWAP,Akumulasi Pro (Smart Money),Gorengan Sepi (< 5M),Sepi (< 50%),Distribution (Fase Jualan),Spesialis Tiang Jemuran (Banting Pucuk),Normal,Turun 1 Hari Beruntun,TP: 903 | CL: 830,Open = High (Tekanan Jual),Sangat Menarik (> 1:3),Golden Cross (Awal Bullish),Netral / Sepi Berita,Normal / Sedang Transisi,Mendekati Fibo 78.6%,0,WAIT & SEE,TIDAK ADA,2026-09-28 11:55:04,Biasa / Mengikuti Pasar
11:55,IMJS,Transaksi Sepi (Skip Broksum),Mid Cap (Lapis 2),Undervalued (Murah),9.539656,0.33921638,172.0,184,165,212,-1.7142857142857144,1055300,Normal,44,Negatif,Downtrend,Bearish,Bearish MACD,Konsolidasi / Transisi,Normal,Distribusi (Turun),Normal,Dominan Jual (Guyur),Bottom Rebound,Tinggi,Normal,Area Tengah,< 1 Miliar,Di Bawah VWAP (Lemah),Distribusi Pro (Guyuran),Gorengan Sepi (< 5M),Sepi (< 50%),Distribution (Fase Jualan),Normal,Normal,Turun 3 Hari Beruntun,TP: 184 | CL: 163,Normal,Sangat Menarik (> 1:3),Oversold (Jenuh Jual - Peluang),Netral / Sepi Berita,Normal / Sedang Transisi,Golden Rebound Fibo 50.0% 🎯,0,WAIT & SEE,TIDAK ADA,2026-09-28 11:55:04,Biasa / Mengikuti Pasar
11:55,IMPC,Token Mati (Perlu Update),Big Cap (Lapis 1),Overvalued (Mahal),101.766785,24.951916,1440.0,1582,1370,1820,1.76678445229682,7293300,Normal,42,Positif,Downtrend,Bearish,Bearish MACD,Konsolidasi / Transisi,Normal,Distribusi (Turun),Normal,Seimbang / Adu Mekanik,Normal,Tinggi,Normal,Area Tengah,> 1 Miliar,Di Bawah VWAP (Lemah),Distribusi Pro (Guyuran),Ritel Aktif (5M - 50M),Sepi (< 50%),Distribution (Fase Jualan),Normal,Normal,Naik 1 Hari Beruntun,TP: 1593 | CL: 1337,Normal,Sangat Menarik (> 1:3),Oversold (Jenuh Jual - Peluang),Netral / Sepi Berita,Normal / Sedang Transisi,Mendekati Fibo 78.6%,1,WAIT & SEE,TIDAK ADA,2026-09-28 11:55:04,Biasa / Mengikuti Pasar
11:55,INAI,Transaksi Sepi (Skip Broksum),Small Cap (Lapis 3),Fair Value (Wajar),0.0,1.3669128,139.0,174,137,208,-12.025316455696203,1071900,Normal,22,Negatif,Downtrend,Bearish,Strong Bearish,Strong Downtrend (5<20<50),Normal,Akumulasi (Naik),Normal,Dominan Jual (Guyur),Normal,Tinggi,Normal,Dekat Support (Low Risk),< 1 Miliar,Di Bawah VWAP (Lemah),Distribusi Pro (Guyuran),Gorengan Sepi (< 5M),Sepi (< 50%),Mark-Down (Fase Runtuh),Spesialis Tiang Jemuran (Banting Pucuk),Normal,Turun 2 Hari Beruntun,TP: 159 | CL: 125,Open = High (Tekanan Jual),Sangat Menarik (> 1:3),Oversold (Jenuh Jual - Peluang),Netral / Sepi Berita,Normal / Sedang Transisi,Mengambang (Jauh dari Fibo),1,WAIT & SEE,TIDAK ADA,2026-09-28 11:55:04,Biasa / Mengikuti Pasar
11:55,INCI,Transaksi Sepi (Skip Broksum),Small Cap (Lapis 3),Undervalued (Murah),9.26795,0.322947,780.0,797,710,850,-1.2658227848101267,72300,Normal,54,Negatif,Downtrend,Death Cross,Bearish MACD,Konsolidasi / Transisi,Normal,Distribusi (Turun),Normal,Dominan Beli (Hajar Kanan),Squeeze,Rendah,Hammer (Potensi Reversal),Area Tengah,< 1 Miliar,Di Bawah VWAP (Lemah),Akumulasi Pro (Smart Money),Gorengan Sepi (< 5M),Normal (50-150%),Distribution (Fase Jualan),Normal,Jarum Bawah (Sinyal Pantulan Kuat),Turun 3 Hari Beruntun,TP: 819 | CL: 753,Open = High (Tekanan Jual),Menengah (1:1),Netral / Sideways,Netral / Sepi Berita,Supply Kering (Siap Pump) 🏜️,Mendekati Fibo 38.2%,2,WAIT & SEE,TIDAK ADA,2026-09-28 11:55:04,Biasa / Mengikuti Pasar
11:55,INCO,Token Mati (Perlu Update),Big Cap (Lapis 1),Overvalued (Mahal),17.527185,17137.547,4610.0,4801,4600,5275,-1.4957264957264957,5349600,Normal,40,Negatif,Downtrend,Bearish,Strong Bearish,Strong Downtrend (5<20<50),Normal,Distribusi (Turun),Normal,Dominan Jual (Guyur),Bottom Rebound,Sedang,Normal,Dekat Support (Low Risk),> 1 Miliar,Di Bawah VWAP (Lemah),Distribusi Pro (Guyuran),Ritel Aktif (5M - 50M),Sepi (< 50%),Mark-Down (Fase Runtuh),Normal,Normal,Turun 3 Hari Beruntun,TP: 4847 | CL: 4451,Open = High (Tekanan Jual),Sangat Menarik (> 1:3),Oversold (Jenuh Jual - Peluang),Netral / Sepi Berita,Normal / Sedang Transisi,Mendekati Fibo 78.6%,0,WAIT & SEE,TIDAK ADA,2026-09-28 11:55:04,Biasa / Mengikuti Pasar
11:55,INDF,Token Mati (Perlu Update),Big Cap (Lapis 1),Undervalued (Murah),6.214855,0.77597505,6775.0,7155,6750,7600,0.3703703703703704,1455000,Normal,32,Positif,Downtrend,Bearish,Strong Bearish,Strong Downtrend (5<20<50),Normal,Distribusi (Turun),Normal,Dominan Jual (Guyur),Bottom Rebound,Sedang,Normal,Dekat Support (Low Risk),> 1 Miliar,Di Bawah VWAP (Lemah),Distribusi Pro (Guyuran),Ritel Aktif (5M - 50M),Sepi (< 50%),Mark-Down (Fase Runtuh),Normal,Normal,Naik 1 Hari Beruntun,TP: 7005 | CL: 6621,Normal,Sangat Menarik (> 1:3),Oversold (Jenuh Jual - Peluang),Netral / Sepi Berita,Normal / Sedang Transisi,Mendekati Fibo 78.6%,1,WAIT & SEE,TIDAK ADA,2026-09-28 11:55:04,Biasa / Mengikuti Pasar
11:55,INDR,Transaksi Sepi (Skip Broksum),Mid Cap (Lapis 2),Overvalued (Mahal),10.501415,5069.204,2930.0,2902,2520,3100,-0.3401360544217687,10200,Normal,59,Negatif,Uptrend,Bullish,Bearish MACD,Perfect Uptrend (5>20>50),Normal,Distribusi (Turun),Normal,Dominan Beli (Hajar Kanan),Normal,Tinggi,Hammer (Potensi Reversal),Rawan Pucuk (High Risk),< 1 Miliar,Persis di VWAP,Distribusi Pro (Guyuran),Gorengan Sepi (< 5M),Sepi (< 50%),Mark-Up (Fase Pesta),Normal,Jarum Bawah (Sinyal Pantulan Kuat),Turun 2 Hari Beruntun,TP: 3164 | CL: 2773,Open = High (Tekanan Jual),Tidak Ideal (< 1:1),Death Cross (Awal Bearish),Netral / Sepi Berita,Normal / Sedang Transisi,Mendekati Fibo 23.6%,4,WAIT & SEE,TIDAK ADA,2026-09-28 11:55:04,Biasa / Mengikuti Pasar
11:55,INDS,Transaksi Sepi (Skip Broksum),Mid Cap (Lapis 2),Overvalued (Mahal),25.256674,0.47165108,246.0,258,240,276,2.5,316100,Normal,37,Positif,Downtrend,Bearish,Strong Bearish,Strong Downtrend (5<20<50),Normal,Distribusi (Turun),Normal,Dominan Beli (Hajar Kanan),Normal,Tinggi,Normal,Dekat Support (Low Risk),< 1 Miliar,Persis di VWAP,Distribusi Pro (Guyuran),Gorengan Sepi (< 5M),Sepi (< 50%),Mark-Down (Fase Runtuh),Spesialis Tiang Jemuran (Banting Pucuk),Normal,Naik 1 Hari Beruntun,TP: 258 | CL: 237,Normal,Sangat Menarik (> 1:3),Oversold (Jenuh Jual - Peluang),Netral / Sepi Berita,Normal / Sedang Transisi,Mengambang (Jauh dari Fibo),2,WAIT & SEE,TIDAK ADA,2026-09-28 11:55:04,Biasa / Mengikuti Pasar
11:55,INDY,Token Mati (Perlu Update),Big Cap (Lapis 1),Overvalued (Mahal),53.36798,11558.441,2670.0,2776,2560,3260,-0.7434944237918215,3928100,Normal,48,Negatif,Downtrend,Bearish,Bearish MACD,Konsolidasi / Transisi,Normal,Distribusi (Turun),Normal,Seimbang / Adu Mekanik,Normal,Tinggi,Normal,Area Tengah,> 1 Miliar,Di Bawah VWAP (Lemah),Distribusi Pro (Guyuran),Ritel Aktif (5M - 50M),Sepi (< 50%),Distribution (Fase Jualan),Normal,Normal,Turun 3 Hari Beruntun,TP: 2904 | CL: 2513,Normal,Sangat Menarik (> 1:3),Netral / Sideways,Netral / Sepi Berita,Normal / Sedang Transisi,Mengambang (Jauh dari Fibo),0,WAIT & SEE,TIDAK ADA,2026-09-28 11:55:04,Biasa / Mengikuti Pasar
11:55,INKP,Token Mati (Perlu Update),Big Cap (Lapis 1),Overvalued (Mahal),3.6968577,6083.65,7975.0,8723,7975,9500,-3.0395136778115504,1999100,Normal,34,Negatif,Downtrend,Bearish,Strong Bearish,Konsolidasi / Transisi,Normal,Distribusi (Turun),Normal,Dominan Jual (Guyur),Bottom Rebound,Tinggi,Normal,Dekat Support (Low Risk),> 1 Miliar,Di Bawah VWAP (Lemah),Distribusi Pro (Guyuran),Ritel Aktif (5M - 50M),Sepi (< 50%),Distribution (Fase Jualan),Normal,Normal,Turun 1 Hari Beruntun,TP: 8368 | CL: 7712,Open = High (Tekanan Jual),Di Area Support,Oversold (Jenuh Jual - Peluang),Netral / Sepi Berita,Normal / Sedang Transisi,Golden Rebound Fibo 61.8% (Golden Ratio) 🎯,0,WAIT & SEE,TIDAK ADA,2026-09-28 11:55:04,Biasa / Mengikuti Pasar
11:55,INPC,Transaksi Sepi (Skip Broksum),Mid Cap (Lapis 2),Fair Value (Wajar),0.0,0.7678365,147.0,157,144,192,-0.6756756756756757,2560300,Normal,42,Negatif,Downtrend,Bearish,Strong Bearish,Konsolidasi / Transisi,Normal,Distribusi (Turun),Normal,Seimbang / Adu Mekanik,Normal,Tinggi,Normal,Dekat Support (Low Risk),< 1 Miliar,Di Bawah VWAP (Lemah),Akumulasi Pro (Smart Money),Gorengan Sepi (< 5M),Normal (50-150%),Distribution (Fase Jualan),Spesialis Tiang Jemuran (Banting Pucuk),Normal,Turun 5 Hari Beruntun,TP: 156 | CL: 140,Normal,Sangat Menarik (> 1:3),Oversold (Jenuh Jual - Peluang),Netral / Sepi Berita,Normal / Sedang Transisi,Mengambang (Jauh dari Fibo),0,WAIT & SEE,TIDAK ADA,2026-09-28 11:55:04,Biasa / Mengikuti Pasar
11:55,INPP,Transaksi Sepi (Skip Broksum),Mid Cap (Lapis 2),Overvalued (Mahal),259.25925,1.3647671,700.0,733,650,760,-1.4084507042253522,1700,Normal,37,Negatif,Downtrend,Bearish,Strong Bearish,Konsolidasi / Transisi,Normal,Akumulasi (Naik),Normal,Tidak Ada Transaksi,Bottom Rebound,Sedang,Doji (Ragu-ragu),Area Tengah,< 1 Miliar,Persis di VWAP,Akumulasi Pro (Smart Money),Gorengan Sepi (< 5M),Sepi (< 50%),Distribution (Fase Jualan),Normal,Normal,Turun 1 Hari Beruntun,TP: 736 | CL: 675,Normal,Menengah (1:1),Netral / Sideways,Netral / Sepi Berita,Normal / Sedang Transisi,Mendekati Fibo 78.6%,1,WAIT & SEE,TIDAK ADA,2026-09-28 11:55:04,Biasa / Mengikuti Pasar
11:55,INTD,Transaksi Sepi (Skip Broksum),Small Cap (Lapis 3),Overvalued (Mahal),85.62197,7.3318343,424.0,302,232,474,2.912621359223301,1113800,Normal,74,Positif,Uptrend,Bullish,Strong Bullish,Perfect Uptrend (5>20>50),Normal,Akumulasi (Naik),Normal,Dominan Jual (Guyur),Breakout Upper,Tinggi,Normal,Rawan Pucuk (High Risk),< 1 Miliar,Di Atas VWAP (Kuat),Akumulasi Pro (Smart Money),Gorengan Sepi (< 5M),Sepi (< 50%),Mark-Up (Fase Pesta),Spesialis Tiang Jemuran (Banting Pucuk),Normal,Naik 6 Hari Beruntun,TP: 497 | CL: 375,Open = Low (Bullish Kuat),Tidak Ideal (< 1:1),Death Cross (Awal Bearish),Netral / Sepi Berita,Normal / Sedang Transisi,Mendekati Fibo 23.6%,6,WAIT & SEE,TIDAK ADA,2026-09-28 11:55:04,Biasa / Mengikuti Pasar
11:55,INTP,Token Mati (Perlu Update),Big Cap (Lapis 1),Undervalued (Murah),7.063586,0.74114764,4990.0,5287,4980,5800,-1.6748768472906401,440800,Normal,39,Negatif,Downtrend,Bearish,Strong Bearish,Konsolidasi / Transisi,Normal,Distribusi (Turun),Normal,Dominan Jual (Guyur),Bottom Rebound,Sedang,Normal,Dekat Support (Low Risk),> 1 Miliar,Di Bawah VWAP (Lemah),Distribusi Pro (Guyuran),Ritel Aktif (5M - 50M),Sepi (< 50%),Distribution (Fase Jualan),Normal,Normal,Turun 3 Hari Beruntun,TP: 5206 | CL: 4845,Open = High (Tekanan Jual),Sangat Menarik (> 1:3),Oversold (Jenuh Jual - Peluang),Netral / Sepi Berita,Normal / Sedang Transisi,Golden Rebound Fibo 50.0% 🎯,0,WAIT & SEE,TIDAK ADA,2026-09-28 11:55:04,Biasa / Mengikuti Pasar
11:55,IPOL,Transaksi Sepi (Skip Broksum),Small Cap (Lapis 3),Overvalued (Mahal),19.405596,4111.111,111.0,116,110,126,-0.8928571428571428,434500,Normal,41,Negatif,Downtrend,Death Cross,Bearish MACD,Konsolidasi / Transisi,Normal,Akumulasi (Naik),Normal,Seimbang / Adu Mekanik,Squeeze,Rendah,Normal,Dekat Support (Low Risk),< 1 Miliar,Di Bawah VWAP (Lemah),Distribusi Pro (Guyuran),Gorengan Sepi (< 5M),Sepi (< 50%),Distribution (Fase Jualan),Spesialis Tiang Jemuran (Banting Pucuk),Normal,Turun 3 Hari Beruntun,TP: 116 | CL: 107,Normal,Sangat Menarik (> 1:3),Oversold (Jenuh Jual - Peluang),Netral / Sepi Berita,Normal / Sedang Transisi,Golden Rebound Fibo 78.6% 🎯,1,WAIT & SEE,TIDAK ADA,2026-09-28 11:55:04,Biasa / Mengikuti Pasar
11:55,ISAT,Token Mati (Perlu Update),Big Cap (Lapis 1),Fair Value (Wajar),9.7865925,1.9759681,2280.0,2377,2250,2550,-2.9787234042553195,24216600,Normal,43,Negatif,Downtrend,Bearish,Bearish MACD,Konsolidasi / Transisi,Normal,Akumulasi (Naik),Normal,Seimbang / Adu Mekanik,Squeeze,Rendah,Normal,Dekat Support (Low Risk),> 1 Miliar,Di Bawah VWAP (Lemah),Akumulasi Pro (Smart Money),Sultan (> 50M/hari),Sepi (< 50%),Distribution (Fase Jualan),Normal,Normal,Turun 3 Hari Beruntun,TP: 2424 | CL: 2183,Open = High (Tekanan Jual),Sangat Menarik (> 1:3),Netral / Sideways,Netral / Sepi Berita,Normal / Sedang Transisi,Dekat Support Fibo 50.0%,1,WAIT & SEE,TIDAK ADA,2026-09-28 11:55:04,Biasa / Mengikuti Pasar
11:55,ISSP,Transaksi Sepi (Skip Broksum),Mid Cap (Lapis 2),Undervalued (Murah),5.002514,0.48585823,398.0,428,382,468,0.0,427700,Normal,33,Negatif,Downtrend,Bearish,Strong Bearish,Konsolidasi / Transisi,Normal,Distribusi (Turun),Normal,Seimbang / Adu Mekanik,Normal,Tinggi,Normal,Area Tengah,< 1 Miliar,Persis di VWAP,Akumulasi Pro (Smart Money),Gorengan Sepi (< 5M),Sepi (< 50%),Distribution (Fase Jualan),Solid (Jarang Dibanting),Normal,Sideways / Stagnan,TP: 423 | CL: 381,Normal,Sangat Menarik (> 1:3),Netral / Sideways,Netral / Sepi Berita,Normal / Sedang Transisi,Dekat Support Fibo 78.6%,0,WAIT & SEE,TIDAK ADA,2026-09-28 11:55:04,Biasa / Mengikuti Pasar
11:55,ITMA,Transaksi Sepi (Skip Broksum),Mid Cap (Lapis 2),Overvalued (Mahal),42.170544,6267.2812,1360.0,1465,1340,1760,0.36900369003690037,28700,Normal,39,Positif,Downtrend,Bearish,Strong Bearish,Konsolidasi / Transisi,Normal,Distribusi (Turun),Normal,Dominan Jual (Guyur),Normal,Tinggi,Doji (Ragu-ragu),Dekat Support (Low Risk),< 1 Miliar,Di Bawah VWAP (Lemah),Distribusi Pro (Guyuran),Gorengan Sepi (< 5M),Sepi (< 50%),Distribution (Fase Jualan),Spesialis Tiang Jemuran (Banting Pucuk),Normal,Naik 1 Hari Beruntun,TP: 1480 | CL: 1280,Normal,Sangat Menarik (> 1:3),Oversold (Jenuh Jual - Peluang),Netral / Sepi Berita,Normal / Sedang Transisi,Mengambang (Jauh dari Fibo),1,WAIT & SEE,TIDAK ADA,2026-09-28 11:55:04,Biasa / Mengikuti Pasar
11:55,ITMG,Token Mati (Perlu Update),Big Cap (Lapis 1),Overvalued (Mahal),7.6326637,15002.901,25850.0,26057,24850,26950,1.3725490196078431,411200,Normal,52,Positif,Downtrend,Bearish,Bearish MACD,Konsolidasi / Transisi,Normal,Distribusi (Turun),Normal,Dominan Beli (Hajar Kanan),Squeeze,Rendah,Normal,Area Tengah,> 1 Miliar,Di Atas VWAP (Kuat),Distribusi Pro (Guyuran),Ritel Aktif (5M - 50M),Sepi (< 50%),Distribution (Fase Jualan),Normal,Normal,Naik 2 Hari Beruntun,TP: 26642 | CL: 25321,Normal,Menengah (1:1),Golden Cross (Awal Bullish),Netral / Sepi Berita,Normal / Sedang Transisi,Dekat Support Fibo 23.6%,3,WAIT & SEE,TIDAK ADA,2026-09-28 11:55:04,Biasa / Mengikuti Pasar
11:55,JAWA,Token Mati (Perlu Update),Mid Cap (Lapis 2),Fair Value (Wajar),0.0,2.2467368,188.0,158,130,230,1.0752688172043012,159699200,Tembus MA20,65,Positif,Uptrend,Bullish,Strong Bullish,Perfect Uptrend (5>20>50),Distribusi Kuat,Distribusi (Turun),Gap Up (+4.8%),Dominan Jual (Guyur),Normal,Tinggi,Normal,Rawan Pucuk (High Risk),> 1 Miliar,Persis di VWAP,Distribusi Pro (Guyuran),Ritel Aktif (5M - 50M),Anomali Tinggi (150-300%),Mark-Up (Fase Pesta),Spesialis Tiang Jemuran (Banting Pucuk),Normal,Naik 2 Hari Beruntun,TP: 224 | CL: 163,Normal,Tidak Ideal (< 1:1),Netral / Sideways,Netral / Sepi Berita,Normal / Sedang Transisi,Mendekati Fibo 38.2%,7,BELI,TIDAK ADA,2026-09-28 11:55:04,Biasa / Mengikuti Pasar
11:55,JECC,Transaksi Sepi (Skip Broksum),Small Cap (Lapis 3),Undervalued (Murah),6.148422,0.59594256,715.0,760,625,1030,-4.026845637583892,25400,Normal,46,Negatif,Downtrend,Death Cross,Bearish MACD,Konsolidasi / Transisi,Normal,Distribusi (Turun),Normal,Dominan Jual (Guyur),Normal,Tinggi,Normal,Rawan Pucuk (High Risk),< 1 Miliar,Di Bawah VWAP (Lemah),Akumulasi Pro (Smart Money),Gorengan Sepi (< 5M),Sepi (< 50%),Distribution (Fase Jualan),Normal,Normal,Turun 3 Hari Beruntun,TP: 866 | CL: 614,Normal,Sangat Menarik (> 1:3),Netral / Sideways,Netral / Sepi Berita,Normal / Sedang Transisi,Mendekati Fibo 78.6%,0,WAIT & SEE,TIDAK ADA,2026-09-28 11:55:04,Biasa / Mengikuti Pasar
11:55,JIHD,Transaksi Sepi (Skip Broksum),Small Cap (Lapis 3),Fair Value (Wajar),0.0,0.26855654,406.0,438,390,490,0.0,513500,Normal,31,Negatif,Downtrend,Bearish,Strong Bearish,Konsolidasi / Transisi,Normal,Distribusi (Turun),Normal,Dominan Beli (Hajar Kanan),Bottom Rebound,Tinggi,Hammer (Potensi Reversal),Area Tengah,< 1 Miliar,Di Bawah VWAP (Lemah),Distribusi Pro (Guyuran),Gorengan Sepi (< 5M),Normal (50-150%),Distribution (Fase Jualan),Normal,Jarum Bawah (Sinyal Pantulan Kuat),Sideways / Stagnan,TP: 430 | CL: 389,Open = High (Tekanan Jual),Sangat Menarik (> 1:3),Golden Cross (Awal Bullish),Netral / Sepi Berita,Normal / Sedang Transisi,Mendekati Fibo Bottom / 100%,1,WAIT & SEE,TIDAK ADA,2026-09-28 11:55:04,Biasa / Mengikuti Pasar
11:55,JKON,Transaksi Sepi (Skip Broksum),Mid Cap (Lapis 2),Undervalued (Murah),4.63615,0.38417587,79.0,84,78,92,0.0,4598800,Normal,38,Negatif,Downtrend,Bearish,Strong Bearish,Konsolidasi / Transisi,Normal,Distribusi (Turun),Normal,Seimbang / Adu Mekanik,Bottom Rebound,Sedang,Doji (Ragu-ragu),Dekat Support (Low Risk),< 1 Miliar,Di Bawah VWAP (Lemah),Distribusi Pro (Guyuran),Gorengan Sepi (< 5M),Normal (50-150%),Distribution (Fase Jualan),Normal,Normal,Sideways / Stagnan,TP: 82 | CL: 76,Normal,Sangat Menarik (> 1:3),Oversold (Jenuh Jual - Peluang),Netral / Sepi Berita,Normal / Sedang Transisi,Golden Rebound Fibo 61.8% (Golden Ratio) 🎯,0,WAIT & SEE,TIDAK ADA,2026-09-28 11:55:04,Biasa / Mengikuti Pasar
11:55,JPFA,Token Mati (Perlu Update),Big Cap (Lapis 1),Undervalued (Murah),4.6547885,1.2340999,2090.0,2268,2080,2420,-1.8779342723004695,6038800,Normal,35,Negatif,Downtrend,Bearish,Strong Bearish,Konsolidasi / Transisi,Normal,Distribusi (Turun),Normal,Dominan Jual (Guyur),Normal,Sedang,Normal,Dekat Support (Low Risk),> 1 Miliar,Di Bawah VWAP (Lemah),Distribusi Pro (Guyuran),Ritel Aktif (5M - 50M),Normal (50-150%),Distribution (Fase Jualan),Solid (Jarang Dibanting),Normal,Turun 3 Hari Beruntun,TP: 2206 | CL: 2012,Normal,Sangat Menarik (> 1:3),Oversold (Jenuh Jual - Peluang),Netral / Sepi Berita,Normal / Sedang Transisi,Mendekati Fibo 78.6%,0,WAIT & SEE,TIDAK ADA,2026-09-28 11:55:04,Biasa / Mengikuti Pasar
11:55,JRPT,Transaksi Sepi (Skip Broksum),Big Cap (Lapis 1),Undervalued (Murah),10.6254635,1.342337,1145.0,1122,1075,1150,-0.43478260869565216,3300,Normal,72,Negatif,Uptrend,Bullish,Strong Bullish,Perfect Uptrend (5>20>50),Normal,Distribusi (Turun),Normal,Dominan Jual (Guyur),Normal,Sedang,Normal,Area Tengah,< 1 Miliar,Persis di VWAP,Akumulasi Pro (Smart Money),Gorengan Sepi (< 5M),Sepi (< 50%),Mark-Up (Fase Pesta),Normal,Normal,Turun 1 Hari Beruntun,TP: 1179 | CL: 1121,Open = High (Tekanan Jual),Tidak Ideal (< 1:1),Overbought (Jenuh Beli - Rawan),Netral / Sepi Berita,Normal / Sedang Transisi,Dekat Support Fibo 23.6%,4,WAIT & SEE,TIDAK ADA,2026-09-28 11:55:04,Biasa / Mengikuti Pasar
11:55,JSMR,Token Mati (Perlu Update),Big Cap (Lapis 1),Undervalued (Murah),5.2858067,0.5257516,2690.0,2888,2680,3050,-1.1029411764705883,705900,Normal,34,Negatif,Downtrend,Bearish,Strong Bearish,Konsolidasi / Transisi,Normal,Distribusi (Turun),Normal,Dominan Jual (Guyur),Bottom Rebound,Tinggi,Normal,Dekat Support (Low Risk),> 1 Miliar,Di Bawah VWAP (Lemah),Distribusi Pro (Guyuran),Gorengan Sepi (< 5M),Sepi (< 50%),Distribution (Fase Jualan),Normal,Normal,Turun 3 Hari Beruntun,TP: 2796 | CL: 2619,Open = High (Tekanan Jual),Sangat Menarik (> 1:3),Oversold (Jenuh Jual - Peluang),Netral / Sepi Berita,Normal / Sedang Transisi,Mendekati Fibo Bottom / 100%,0,WAIT & SEE,TIDAK ADA,2026-09-28 11:55:04,Biasa / Mengikuti Pasar
11:55,JSPT,Transaksi Sepi (Skip Broksum),Mid Cap (Lapis 2),Undervalued (Murah),7.0249205,1.1975315,1370.0,1429,1340,1555,-1.4388489208633095,9000,Normal,42,Negatif,Downtrend,Death Cross,Bearish MACD,Konsolidasi / Transisi,Normal,Distribusi (Turun),Normal,Dominan Beli (Hajar Kanan),Normal,Sedang,Normal,Dekat Support (Low Risk),< 1 Miliar,Di Bawah VWAP (Lemah),Akumulasi Pro (Smart Money),Gorengan Sepi (< 5M),Sepi (< 50%),Distribution (Fase Jualan),Normal,Jarum Bawah (Sinyal Pantulan Kuat),Turun 3 Hari Beruntun,TP: 1496 | CL: 1285,Normal,Sangat Menarik (> 1:3),Oversold (Jenuh Jual - Peluang),Netral / Sepi Berita,Normal / Sedang Transisi,Golden Rebound Fibo 61.8% (Golden Ratio) 🎯,1,WAIT & SEE,TIDAK ADA,2026-09-28 11:55:04,Biasa / Mengikuti Pasar
11:55,JTPE,Transaksi Sepi (Skip Broksum),Mid Cap (Lapis 2),Overvalued (Mahal),11.627908,3.2810028,595.0,601,580,625,0.0,525600,Normal,45,Negatif,Downtrend,Bearish,Strong Bearish,Strong Downtrend (5<20<50),Normal,Akumulasi (Naik),Normal,Dominan Beli (Hajar Kanan),Squeeze,Rendah,Normal,Dekat Support (Low Risk),< 1 Miliar,Persis di VWAP,Akumulasi Pro (Smart Money),Gorengan Sepi (< 5M),Sepi (< 50%),Mark-Down (Fase Runtuh),Spesialis Tiang Jemuran (Banting Pucuk),Normal,Sideways / Stagnan,TP: 619 | CL: 578,Normal,Ideal (1:2),Golden Cross (Awal Bullish),Netral / Sepi Berita,Normal / Sedang Transisi,Dekat Support Fibo 78.6%,2,WAIT & SEE,TIDAK ADA,2026-09-28 11:55:04,Biasa / Mengikuti Pasar
11:55,KAEF,Transaksi Sepi (Skip Broksum),Mid Cap (Lapis 2),Fair Value (Wajar),0.0,0.79577583,414.0,444,408,550,-1.8957345971563981,842400,Normal,35,Negatif,Downtrend,Bearish,Strong Bearish,Strong Downtrend (5<20<50),Normal,Distribusi (Turun),Normal,Seimbang / Adu Mekanik,Normal,Tinggi,Normal,Dekat Support (Low Risk),< 1 Miliar,Di Bawah VWAP (Lemah),Distribusi Pro (Guyuran),Gorengan Sepi (< 5M),Normal (50-150%),Mark-Down (Fase Runtuh),Spesialis Tiang Jemuran (Banting Pucuk),Normal,Turun 7 Hari Beruntun,TP: 438 | CL: 398,Open = High (Tekanan Jual),Sangat Menarik (> 1:3),Oversold (Jenuh Jual - Peluang),Netral / Sepi Berita,Normal / Sedang Transisi,Mendekati Fibo Bottom / 100%,0,WAIT & SEE,TIDAK ADA,2026-09-28 11:55:04,Biasa / Mengikuti Pasar
11:55,KBLI,Transaksi Sepi (Skip Broksum),Mid Cap (Lapis 2),Undervalued (Murah),6.3333335,0.47220677,342.0,350,310,426,-2.840909090909091,208400,Normal,47,Negatif,Downtrend,Bullish,Bearish MACD,Perfect Uptrend (5>20>50),Normal,Distribusi (Turun),Gap Down (-2.3%),Dominan Jual (Guyur),Normal,Tinggi,Normal,Rawan Pucuk (High Risk),< 1 Miliar,Di Bawah VWAP (Lemah),Akumulasi Pro (Smart Money),Gorengan Sepi (< 5M),Sepi (< 50%),Distribution (Fase Jualan),Spesialis Tiang Jemuran (Banting Pucuk),Normal,Turun 4 Hari Beruntun,TP: 376 | CL: 318,Normal,Ideal (1:2),Netral / Sideways,Netral / Sepi Berita,Normal / Sedang Transisi,Mendekati Fibo 78.6%,1,WAIT & SEE,TIDAK ADA,2026-09-28 11:55:04,Biasa / Mengikuti Pasar
11:55,KBLM,Transaksi Sepi (Skip Broksum),Small Cap (Lapis 3),Overvalued (Mahal),104.11311,0.25119007,324.0,349,302,414,-4.142011834319527,275900,Normal,41,Negatif,Downtrend,Death Cross,Bearish MACD,Konsolidasi / Transisi,Normal,Distribusi (Turun),Normal,Dominan Jual (Guyur),Normal,Tinggi,Normal,Area Tengah,< 1 Miliar,Di Bawah VWAP (Lemah),Akumulasi Pro (Smart Money),Gorengan Sepi (< 5M),Sepi (< 50%),Distribution (Fase Jualan),Solid (Jarang Dibanting),Normal,Turun 9 Hari Beruntun,TP: 354 | CL: 303,Open = High (Tekanan Jual),Sangat Menarik (> 1:3),Oversold (Jenuh Jual - Peluang),Netral / Sepi Berita,Normal / Sedang Transisi,Mengambang (Jauh dari Fibo),0,WAIT & SEE,TIDAK ADA,2026-09-28 11:55:04,Biasa / Mengikuti Pasar
11:55,KBLV,Transaksi Sepi (Skip Broksum),Small Cap (Lapis 3),Fair Value (Wajar),0.0,0.11531246,100.0,125,95,143,-2.912621359223301,7859900,Normal,24,Negatif,Downtrend,Bearish,Strong Bearish,Strong Downtrend (5<20<50),Normal,Distribusi (Turun),Normal,Seimbang / Adu Mekanik,Normal,Tinggi,Normal,Area Tengah,< 1 Miliar,Di Bawah VWAP (Lemah),Distribusi Pro (Guyuran),Gorengan Sepi (< 5M),Normal (50-150%),Mark-Down (Fase Runtuh),Spesialis Tiang Jemuran (Banting Pucuk),Normal,Turun 3 Hari Beruntun,TP: 110 | CL: 92,Normal,Sangat Menarik (> 1:3),Oversold (Jenuh Jual - Peluang),Netral / Sepi Berita,Normal / Sedang Transisi,Mendekati Fibo 78.6%,0,WAIT & SEE,TIDAK ADA,2026-09-28 11:55:04,Biasa / Mengikuti Pasar
11:55,KDSI,Transaksi Sepi (Skip Broksum),Small Cap (Lapis 3),Undervalued (Murah),2.576055,0.93821776,462.0,463,444,468,0.0,500,Normal,51,Negatif,Downtrend,Golden Cross,Bearish MACD,Perfect Uptrend (5>20>50),Normal,Akumulasi (Naik),Normal,Dominan Jual (Guyur),Squeeze,Rendah,Normal,Area Tengah,< 1 Miliar,Persis di VWAP,Akumulasi Pro (Smart Money),Gorengan Sepi (< 5M),Sepi (< 50%),Distribution (Fase Jualan),Normal,Normal,Sideways / Stagnan,TP: 474 | CL: 453,Open = High (Tekanan Jual),Tidak Ideal (< 1:1),Death Cross (Awal Bearish),Netral / Sepi Berita,Supply Kering (Siap Pump) 🏜️,Golden Rebound Fibo 23.6% 🎯,3,WAIT & SEE,TIDAK ADA,2026-09-28 11:55:04,Biasa / Mengikuti Pasar
11:55,KICI,Transaksi Sepi (Skip Broksum),Small Cap (Lapis 3),Undervalued (Murah),3.9761968,0.7367202,294.0,282,250,440,0.0,1408200,Normal,59,Negatif,Uptrend,Bullish,Bearish MACD,Perfect Uptrend (5>20>50),Normal,Distribusi (Turun),Gap Up (+2.0%),Seimbang / Adu Mekanik,Normal,Tinggi,Normal,Rawan Pucuk (High Risk),< 1 Miliar,Di Bawah VWAP (Lemah),Distribusi Pro (Guyuran),Gorengan Sepi (< 5M),Sepi (< 50%),Mark-Up (Fase Pesta),Spesialis Tiang Jemuran (Banting Pucuk),Normal,Sideways / Stagnan,TP: 342 | CL: 261,Normal,Sangat Menarik (> 1:3),Netral / Sideways,Netral / Sepi Berita,Normal / Sedang Transisi,Mengambang (Jauh dari Fibo),4,WAIT & SEE,TIDAK ADA,2026-09-28 11:55:04,Biasa / Mengikuti Pasar
11:55,KIJA,Token Mati (Perlu Update),Mid Cap (Lapis 2),Fair Value (Wajar),0.0,0.58062834,169.0,188,166,220,-0.5882352941176471,53775200,Normal,44,Negatif,Downtrend,Bearish,Strong Bearish,Konsolidasi / Transisi,Normal,Distribusi (Turun),Normal,Seimbang / Adu Mekanik,Normal,Tinggi,Normal,Dekat Support (Low Risk),> 1 Miliar,Di Bawah VWAP (Lemah),Distribusi Pro (Guyuran),Ritel Aktif (5M - 50M),Sepi (< 50%),Distribution (Fase Jualan),Normal,Normal,Turun 3 Hari Beruntun,TP: 189 | CL: 155,Normal,Sangat Menarik (> 1:3),Oversold (Jenuh Jual - Peluang),Netral / Sepi Berita,Normal / Sedang Transisi,Golden Rebound Fibo 50.0% 🎯,0,WAIT & SEE,TIDAK ADA,2026-09-28 11:55:04,Biasa / Mengikuti Pasar
11:55,KKGI,Token Mati (Perlu Update),Mid Cap (Lapis 2),Overvalued (Mahal),20.265549,9666.667,290.0,292,264,315,-3.3333333333333335,6149900,Normal,52,Negatif,Downtrend,Bullish,Bearish MACD,Perfect Uptrend (5>20>50),Normal,Distribusi (Turun),Normal,Seimbang / Adu Mekanik,Normal,Tinggi,Normal,Area Tengah,> 1 Miliar,Di Bawah VWAP (Lemah),Akumulasi Pro (Smart Money),Gorengan Sepi (< 5M),Normal (50-150%),Distribution (Fase Jualan),Spesialis Tiang Jemuran (Banting Pucuk),Normal,Turun 3 Hari Beruntun,TP: 305 | CL: 279,Open = High (Tekanan Jual),Menengah (1:1),Netral / Sideways,Netral / Sepi Berita,Normal / Sedang Transisi,Mendekati Fibo 38.2%,2,WAIT & SEE,TIDAK ADA,2026-09-28 11:55:04,Biasa / Mengikuti Pasar
11:55,KLBF,Token Mati (Perlu Update),Big Cap (Lapis 1),Undervalued (Murah),9.108041,1.3484033,730.0,757,720,825,-0.6802721088435374,15074500,Normal,39,Negatif,Downtrend,Bearish,Strong Bearish,Strong Downtrend (5<20<50),Normal,Distribusi (Turun),Normal,Seimbang / Adu Mekanik,Bottom Rebound,Sedang,Normal,Dekat Support (Low Risk),> 1 Miliar,Di Bawah VWAP (Lemah),Akumulasi Pro (Smart Money),Ritel Aktif (5M - 50M),Sepi (< 50%),Mark-Down (Fase Runtuh),Normal,Normal,Turun 1 Hari Beruntun,TP: 764 | CL: 706,Open = High (Tekanan Jual),Sangat Menarik (> 1:3),Oversold (Jenuh Jual - Peluang),Netral / Sepi Berita,Normal / Sedang Transisi,Golden Rebound Fibo 78.6% 🎯,0,WAIT & SEE,TIDAK ADA,2026-09-28 11:55:04,Biasa / Mengikuti Pasar
11:55,KOBX,Transaksi Sepi (Skip Broksum),Small Cap (Lapis 3),Overvalued (Mahal),28166.666,0.795223,169.0,176,165,199,0.5952380952380952,508100,Normal,43,Positif,Downtrend,Bearish,Bearish MACD,Konsolidasi / Transisi,Normal,Distribusi (Turun),Normal,Seimbang / Adu Mekanik,Squeeze,Rendah,Normal,Dekat Support (Low Risk),< 1 Miliar,Di Bawah VWAP (Lemah),Distribusi Pro (Guyuran),Gorengan Sepi (< 5M),Sepi (< 50%),Distribution (Fase Jualan),Spesialis Tiang Jemuran (Banting Pucuk),Normal,Naik 1 Hari Beruntun,TP: 178 | CL: 162,Open = Low (Bullish Kuat),Sangat Menarik (> 1:3),Netral / Sideways,Netral / Sepi Berita,Normal / Sedang Transisi,Mendekati Fibo 61.8% (Golden Ratio),1,WAIT & SEE,TIDAK ADA,2026-09-28 11:55:04,Biasa / Mengikuti Pasar
11:55,KONI,Transaksi Sepi (Skip Broksum),Small Cap (Lapis 3),Overvalued (Mahal),28.027386,3.3619514,1965.0,2106,1940,2300,-4.146341463414634,9200,Normal,31,Negatif,Downtrend,Bearish,Bullish MACD,Strong Downtrend (5<20<50),Normal,Distribusi (Turun),Gap Down (-2.4%),Seimbang / Adu Mekanik,Normal,Sedang,Normal,Dekat Support (Low Risk),< 1 Miliar,Di Bawah VWAP (Lemah),Akumulasi Pro (Smart Money),Gorengan Sepi (< 5M),Normal (50-150%),Mark-Down (Fase Runtuh),Spesialis Tiang Jemuran (Banting Pucuk),Normal,Turun 3 Hari Beruntun,TP: 2116 | CL: 1864,Open = High (Tekanan Jual),Sangat Menarik (> 1:3),Netral / Sideways,Netral / Sepi Berita,Normal / Sedang Transisi,Dekat Support Fibo Bottom / 100%,1,WAIT & SEE,TIDAK ADA,2026-09-28 11:55:04,Biasa / Mengikuti Pasar
11:55,KOPI,Transaksi Sepi (Skip Broksum),Small Cap (Lapis 3),Overvalued (Mahal),83.50819,1.8826156,199.0,204,194,252,1.015228426395939,153800,Normal,45,Positif,Downtrend,Bearish,Strong Bearish,Strong Downtrend (5<20<50),Normal,Distribusi (Turun),Normal,Seimbang / Adu Mekanik,Normal,Sedang,Normal,Dekat Support (Low Risk),< 1 Miliar,Persis di VWAP,Distribusi Pro (Guyuran),Gorengan Sepi (< 5M),Sepi (< 50%),Mark-Down (Fase Runtuh),Spesialis Tiang Jemuran (Banting Pucuk),Normal,Naik 1 Hari Beruntun,TP: 222 | CL: 183,Open = Low (Bullish Kuat),Sangat Menarik (> 1:3),Oversold (Jenuh Jual - Peluang),Netral / Sepi Berita,Supply Kering (Siap Pump) 🏜️,Mengambang (Jauh dari Fibo),1,WAIT & SEE,TIDAK ADA,2026-09-28 11:55:04,Biasa / Mengikuti Pasar
11:55,KPIG,Token Mati (Perlu Update),Mid Cap (Lapis 2),Undervalued (Murah),6.7292647,0.15627669,43.0,66,43,89,-14.000000000000002,38294900,Normal,24,Negatif,Downtrend,Bearish,Strong Bearish,Strong Downtrend (5<20<50),Normal,Distribusi (Turun),Gap Down (-14.0%),Tidak Ada Transaksi,Normal,Tinggi,Doji (Ragu-ragu),Dekat Support (Low Risk),> 1 Miliar,Di Bawah VWAP (Lemah),Distribusi Pro (Guyuran),Ritel Aktif (5M - 50M),Sepi (< 50%),Mark-Down (Fase Runtuh),Normal,Normal,Turun 1 Hari Beruntun,TP: 54 | CL: 35,Normal,Di Area Support,Oversold (Jenuh Jual - Peluang),Netral / Sepi Berita,Normal / Sedang Transisi,Golden Rebound Fibo Bottom / 100% 🎯,0,WAIT & SEE,TIDAK ADA,2026-09-28 11:55:04,Biasa / Mengikuti Pasar
11:55,KRAS,Transaksi Sepi (Skip Broksum),Mid Cap (Lapis 2),Overvalued (Mahal),0.5235353,6285.7144,222.0,236,218,264,-0.8928571428571428,2375700,Normal,43,Negatif,Downtrend,Bearish,Strong Bearish,Konsolidasi / Transisi,Normal,Distribusi (Turun),Normal,Seimbang / Adu Mekanik,Normal,Tinggi,Normal,Dekat Support (Low Risk),< 1 Miliar,Di Bawah VWAP (Lemah),Distribusi Pro (Guyuran),Gorengan Sepi (< 5M),Normal (50-150%),Distribution (Fase Jualan),Spesialis Tiang Jemuran (Banting Pucuk),Normal,Turun 1 Hari Beruntun,TP: 235 | CL: 212,Normal,Sangat Menarik (> 1:3),Oversold (Jenuh Jual - Peluang),Netral / Sepi Berita,Normal / Sedang Transisi,Golden Rebound Fibo 61.8% (Golden Ratio) 🎯,0,WAIT & SEE,TIDAK ADA,2026-09-28 11:55:04,Biasa / Mengikuti Pasar
11:55,KREN,Token Mati (Perlu Update),Small Cap (Lapis 3),Fair Value (Wajar),0.0,-19000.0,18.0,15,13,20,20.0,438974800,Tembus MA20,69,Positif,Uptrend,Bullish,Strong Bullish,Perfect Uptrend (5>20>50),Akumulasi Kuat,Akumulasi (Naik),Gap Up (+6.7%),Seimbang / Adu Mekanik,Breakout Upper,Tinggi,Normal,Rawan Pucuk (High Risk),> 1 Miliar,Di Atas VWAP (Kuat),Akumulasi Pro (Smart Money),Gorengan Sepi (< 5M),Ledakan Ekstrem (> 300%),Mark-Up (Fase Pesta),Solid (Jarang Dibanting),Normal,Naik 1 Hari Beruntun,TP: 19 | CL: 16,Normal,Tidak Ideal (< 1:1),Death Cross (Awal Bearish),Netral / Sepi Berita,Normal / Sedang Transisi,Dekat Support Fibo 23.6%,9,BELI,TIDAK ADA,2026-09-28 11:55:04,⚠️ Anomali (Sudah Terbang)
11:55,LAPD,Token Mati (Perlu Update),Small Cap (Lapis 3),Fair Value (Wajar),0.0,-12.301989,73.0,76,65,105,-3.9473684210526314,21522900,Normal,48,Negatif,Downtrend,Bullish,Bearish MACD,Perfect Uptrend (5>20>50),Normal,Akumulasi (Naik),Normal,Dominan Jual (Guyur),Normal,Tinggi,Normal,Rawan Pucuk (High Risk),> 1 Miliar,Di Bawah VWAP (Lemah),Akumulasi Pro (Smart Money),Ritel Aktif (5M - 50M),Sepi (< 50%),Distribution (Fase Jualan),Normal,Normal,Turun 3 Hari Beruntun,TP: 87 | CL: 63,Normal,Sangat Menarik (> 1:3),Netral / Sideways,Netral / Sepi Berita,Normal / Sedang Transisi,Mengambang (Jauh dari Fibo),2,WAIT & SEE,TIDAK ADA,2026-09-28 11:55:04,Biasa / Mengikuti Pasar
11:55,LEAD,Transaksi Sepi (Skip Broksum),Small Cap (Lapis 3),Overvalued (Mahal),0.0,10777.778,97.0,107,95,121,-3.0,6101300,Normal,39,Negatif,Downtrend,Bearish,Strong Bearish,Konsolidasi / Transisi,Normal,Distribusi (Turun),Normal,Dominan Jual (Guyur),Normal,Tinggi,Normal,Dekat Support (Low Risk),< 1 Miliar,Di Bawah VWAP (Lemah),Distribusi Pro (Guyuran),Gorengan Sepi (< 5M),Sepi (< 50%),Distribution (Fase Jualan),Normal,Normal,Turun 3 Hari Beruntun,TP: 108 | CL: 89,Normal,Sangat Menarik (> 1:3),Oversold (Jenuh Jual - Peluang),Netral / Sepi Berita,Normal / Sedang Transisi,Mengambang (Jauh dari Fibo),0,WAIT & SEE,TIDAK ADA,2026-09-28 11:55:04,Biasa / Mengikuti Pasar
11:55,LINK,Transaksi Sepi (Skip Broksum),Mid Cap (Lapis 2),Fair Value (Wajar),0.0,1.5571269,1540.0,1631,1480,1905,-0.6451612903225806,3600,Normal,45,Negatif,Downtrend,Bearish,Bearish MACD,Konsolidasi / Transisi,Normal,Distribusi (Turun),Normal,Dominan Jual (Guyur),Normal,Tinggi,Normal,Area Tengah,< 1 Miliar,Di Bawah VWAP (Lemah),Distribusi Pro (Guyuran),Gorengan Sepi (< 5M),Sepi (< 50%),Distribution (Fase Jualan),Spesialis Tiang Jemuran (Banting Pucuk),Normal,Turun 6 Hari Beruntun,TP: 1724 | CL: 1416,Normal,Sangat Menarik (> 1:3),Oversold (Jenuh Jual - Peluang),Netral / Sepi Berita,Normal / Sedang Transisi,Mendekati Fibo 78.6%,0,WAIT & SEE,TIDAK ADA,2026-09-28 11:55:04,Biasa / Mengikuti Pasar
11:55,LION,Transaksi Sepi (Skip Broksum),Small Cap (Lapis 3),Fair Value (Wajar),0.0,0.4056781,348.0,373,330,460,-4.918032786885246,12700,Normal,41,Negatif,Downtrend,Bearish,Bearish MACD,Konsolidasi / Transisi,Normal,Distribusi (Turun),Normal,Seimbang / Adu Mekanik,Normal,Sedang,Normal,Area Tengah,< 1 Miliar,Di Bawah VWAP (Lemah),Distribusi Pro (Guyuran),Gorengan Sepi (< 5M),Sepi (< 50%),Distribution (Fase Jualan),Normal,Normal,Turun 2 Hari Beruntun,TP: 377 | CL: 328,Open = High (Tekanan Jual),Sangat Menarik (> 1:3),Netral / Sideways,Netral / Sepi Berita,Normal / Sedang Transisi,Mengambang (Jauh dari Fibo),0,WAIT & SEE,TIDAK ADA,2026-09-28 11:55:04,Biasa / Mengikuti Pasar
11:55,LMPI,Transaksi Sepi (Skip Broksum),Small Cap (Lapis 3),Fair Value (Wajar),0.0,-4.2982225,162.0,162,155,184,1.25,417100,Normal,53,Positif,Downtrend,Bullish,Bearish MACD,Perfect Uptrend (5>20>50),Normal,Distribusi (Turun),Normal,Seimbang / Adu Mekanik,Squeeze,Rendah,Normal,Area Tengah,< 1 Miliar,Di Bawah VWAP (Lemah),Distribusi Pro (Guyuran),Gorengan Sepi (< 5M),Sepi (< 50%),Distribution (Fase Jualan),Spesialis Tiang Jemuran (Banting Pucuk),Normal,Naik 1 Hari Beruntun,TP: 178 | CL: 151,Normal,Sangat Menarik (> 1:3),Golden Cross (Awal Bullish),Netral / Sepi Berita,Normal / Sedang Transisi,Dekat Support Fibo 38.2%,3,WAIT & SEE,TIDAK ADA,2026-09-28 11:55:04,Biasa / Mengikuti Pasar
11:55,LPCK,Transaksi Sepi (Skip Broksum),Mid Cap (Lapis 2),Undervalued (Murah),10.2921,0.39210474,525.0,583,500,620,0.9615384615384616,307300,Normal,28,Positif,Downtrend,Bearish,Strong Bearish,Konsolidasi / Transisi,Normal,Distribusi (Turun),Gap Up (+2.9%),Seimbang / Adu Mekanik,Normal,Tinggi,Normal,Area Tengah,< 1 Miliar,Di Bawah VWAP (Lemah),Distribusi Pro (Guyuran),Gorengan Sepi (< 5M),Normal (50-150%),Distribution (Fase Jualan),Spesialis Tiang Jemuran (Banting Pucuk),Normal,Naik 1 Hari Beruntun,TP: 571 | CL: 494,Normal,Sangat Menarik (> 1:3),Golden Cross (Awal Bullish),Netral / Sepi Berita,Normal / Sedang Transisi,Dekat Support Fibo 78.6%,2,WAIT & SEE,TIDAK ADA,2026-09-28 11:55:04,Biasa / Mengikuti Pasar
11:55,LPGI,Transaksi Sepi (Skip Broksum),Mid Cap (Lapis 2),Fair Value (Wajar),12.16522,1.7332746,645.0,642,610,705,0.0,1500,Normal,52,Negatif,Uptrend,Bullish,Strong Bullish,Perfect Uptrend (5>20>50),Normal,Akumulasi (Naik),Normal,Dominan Beli (Hajar Kanan),Squeeze,Rendah,Hammer (Potensi Reversal),Area Tengah,< 1 Miliar,Persis di VWAP,Akumulasi Pro (Smart Money),Gorengan Sepi (< 5M),Normal (50-150%),Mark-Up (Fase Pesta),Normal,Jarum Bawah (Sinyal Pantulan Kuat),Sideways / Stagnan,TP: 675 | CL: 624,Normal,Ideal (1:2),Netral / Sideways,Netral / Sepi Berita,Supply Kering (Siap Pump) 🏜️,Golden Rebound Fibo 50.0% 🎯,6,WAIT & SEE,TIDAK ADA,2026-09-28 11:55:04,Biasa / Mengikuti Pasar
11:55,LPIN,Transaksi Sepi (Skip Broksum),Small Cap (Lapis 3),Undervalued (Murah),6.9303694,0.5220094,424.0,430,420,436,-1.3953488372093024,164400,Tembus MA20,41,Negatif,Downtrend,Death Cross,Bearish MACD,Konsolidasi / Transisi,Normal,Distribusi (Turun),Normal,Seimbang / Adu Mekanik,Squeeze,Rendah,Normal,Dekat Support (Low Risk),< 1 Miliar,Persis di VWAP,Akumulasi Pro (Smart Money),Gorengan Sepi (< 5M),Normal (50-150%),Distribution (Fase Jualan),Normal,Normal,Turun 1 Hari Beruntun,TP: 433 | CL: 417,Open = High (Tekanan Jual),Sangat Menarik (> 1:3),Netral / Sideways,Netral / Sepi Berita,Normal / Sedang Transisi,Dekat Support Fibo 38.2%,1,WAIT & SEE,TIDAK ADA,2026-09-28 11:55:04,Biasa / Mengikuti Pasar
11:55,LPKR,Token Mati (Perlu Update),Mid Cap (Lapis 2),Undervalued (Murah),4.253215,0.10015279,43.0,57,43,64,-14.000000000000002,401288400,Tembus MA20,12,Negatif,Downtrend,Bearish,Strong Bearish,Strong Downtrend (5<20<50),Distribusi Kuat,Distribusi (Turun),Gap Down (-10.0%),Dominan Jual (Guyur),Normal,Tinggi,Normal,Dekat Support (Low Risk),> 1 Miliar,Di Bawah VWAP (Lemah),Distribusi Pro (Guyuran),Ritel Aktif (5M - 50M),Anomali Tinggi (150-300%),Mark-Down (Fase Runtuh),Normal,Normal,Turun 1 Hari Beruntun,TP: 47 | CL: 39,Normal,Di Area Support,Oversold (Jenuh Jual - Peluang),Netral / Sepi Berita,Normal / Sedang Transisi,Golden Rebound Fibo Bottom / 100% 🎯,1,WAIT & SEE,TIDAK ADA,2026-09-28 11:55:04,🔥 ANOMALI BANDAR (Siap Ledakan)
11:55,LPLI,Transaksi Sepi (Skip Broksum),Mid Cap (Lapis 2),Undervalued (Murah),0.47344851,0.1505048,222.0,234,210,256,-0.8928571428571428,78100,Normal,29,Negatif,Downtrend,Bearish,Strong Bearish,Strong Downtrend (5<20<50),Normal,Distribusi (Turun),Normal,Dominan Beli (Hajar Kanan),Normal,Sedang,Normal,Area Tengah,< 1 Miliar,Di Bawah VWAP (Lemah),Akumulasi Pro (Smart Money),Gorengan Sepi (< 5M),Sepi (< 50%),Mark-Down (Fase Runtuh),Normal,Jarum Bawah (Sinyal Pantulan Kuat),Turun 2 Hari Beruntun,TP: 237 | CL: 211,Normal,Ideal (1:2),Netral / Sideways,Netral / Sepi Berita,Normal / Sedang Transisi,Mengambang (Jauh dari Fibo),1,WAIT & SEE,TIDAK ADA,2026-09-28 11:55:04,Biasa / Mengikuti Pasar
11:55,LPPF,Transaksi Sepi (Skip Broksum),Mid Cap (Lapis 2),Overvalued (Mahal),4.56825,11.74866,1585.0,1606,1525,1665,0.0,550700,Normal,47,Negatif,Downtrend,Bearish,Strong Bearish,Konsolidasi / Transisi,Normal,Akumulasi (Naik),Normal,Seimbang / Adu Mekanik,Normal,Sedang,Doji (Ragu-ragu),Area Tengah,< 1 Miliar,Persis di VWAP,Akumulasi Pro (Smart Money),Gorengan Sepi (< 5M),Sepi (< 50%),Distribution (Fase Jualan),Normal,Jarum Bawah (Sinyal Pantulan Kuat),Sideways / Stagnan,TP: 1629 | CL: 1555,Normal,Menengah (1:1),Golden Cross (Awal Bullish),Netral / Sepi Berita,Normal / Sedang Transisi,Golden Rebound Fibo 50.0% 🎯,1,WAIT & SEE,TIDAK ADA,2026-09-28 11:55:04,Biasa / Mengikuti Pasar
11:55,LPPS,Transaksi Sepi (Skip Broksum),Small Cap (Lapis 3),Fair Value (Wajar),0.0,0.21039654,58.0,79,57,88,-13.432835820895523,3356700,Tembus MA20,15,Negatif,Downtrend,Bearish,Strong Bearish,Strong Downtrend (5<20<50),Normal,Distribusi (Turun),Normal,Dominan Jual (Guyur),Normal,Tinggi,Normal,Dekat Support (Low Risk),< 1 Miliar,Di Bawah VWAP (Lemah),Distribusi Pro (Guyuran),Gorengan Sepi (< 5M),Anomali Tinggi (150-300%),Mark-Down (Fase Runtuh),Normal,Normal,Turun 2 Hari Beruntun,TP: 65 | CL: 53,Open = High (Tekanan Jual),Sangat Menarik (> 1:3),Oversold (Jenuh Jual - Peluang),Netral / Sepi Berita,Normal / Sedang Transisi,Golden Rebound Fibo Bottom / 100% 🎯,1,WAIT & SEE,TIDAK ADA,2026-09-28 11:55:04,Biasa / Mengikuti Pasar
11:55,LRNA,Transaksi Sepi (Skip Broksum),Small Cap (Lapis 3),Fair Value (Wajar),0.0,0.29850456,214.0,211,189,256,-1.834862385321101,102100,Normal,58,Negatif,Uptrend,Bullish,Bearish MACD,Perfect Uptrend (5>20>50),Normal,Distribusi (Turun),Gap Up (+3.7%),Dominan Jual (Guyur),Normal,Tinggi,Normal,Rawan Pucuk (High Risk),< 1 Miliar,Di Bawah VWAP (Lemah),Distribusi Pro (Guyuran),Gorengan Sepi (< 5M),Sepi (< 50%),Mark-Up (Fase Pesta),Spesialis Tiang Jemuran (Banting Pucuk),Normal,Turun 3 Hari Beruntun,TP: 234 | CL: 200,Open = High (Tekanan Jual),Ideal (1:2),Netral / Sideways,Netral / Sepi Berita,Normal / Sedang Transisi,Dekat Support Fibo 50.0%,4,WAIT & SEE,TIDAK ADA,2026-09-28 11:55:04,Biasa / Mengikuti Pasar
11:55,LSIP,Token Mati (Perlu Update),Big Cap (Lapis 1),Undervalued (Murah),4.984485,0.71900517,1515.0,1641,1485,1790,-0.9803921568627451,8071200,Normal,41,Negatif,Downtrend,Bearish,Bearish MACD,Konsolidasi / Transisi,Normal,Distribusi (Turun),Normal,Seimbang / Adu Mekanik,Bottom Rebound,Tinggi,Normal,Dekat Support (Low Risk),> 1 Miliar,Di Bawah VWAP (Lemah),Distribusi Pro (Guyuran),Ritel Aktif (5M - 50M),Normal (50-150%),Distribution (Fase Jualan),Normal,Normal,Turun 7 Hari Beruntun,TP: 1608 | CL: 1452,Normal,Sangat Menarik (> 1:3),Oversold (Jenuh Jual - Peluang),Netral / Sepi Berita,Normal / Sedang Transisi,Mendekati Fibo 50.0%,0,WAIT & SEE,TIDAK ADA,2026-09-28 11:55:04,Biasa / Mengikuti Pasar
11:55,LTLS,Transaksi Sepi (Skip Broksum),Mid Cap (Lapis 2),Undervalued (Murah),7.4906363,0.4251524,960.0,976,845,1170,0.0,23000,Normal,52,Negatif,Downtrend,Bullish,Bearish MACD,Perfect Uptrend (5>20>50),Normal,Distribusi (Turun),Normal,Dominan Beli (Hajar Kanan),Normal,Tinggi,Doji (Ragu-ragu),Rawan Pucuk (High Risk),< 1 Miliar,Di Bawah VWAP (Lemah),Akumulasi Pro (Smart Money),Gorengan Sepi (< 5M),Sepi (< 50%),Distribution (Fase Jualan),Normal,Jarum Bawah (Sinyal Pantulan Kuat),Sideways / Stagnan,TP: 1049 | CL: 900,Normal,Ideal (1:2),Oversold (Jenuh Jual - Peluang),Netral / Sepi Berita,Normal / Sedang Transisi,Golden Rebound Fibo 50.0% 🎯,3,WAIT & SEE,TIDAK ADA,2026-09-28 11:55:04,Biasa / Mengikuti Pasar
11:55,MAIN,Transaksi Sepi (Skip Broksum),Mid Cap (Lapis 2),Undervalued (Murah),3.0288463,0.49057436,630.0,671,620,725,-1.5625,1098000,Normal,33,Negatif,Downtrend,Bearish,Strong Bearish,Strong Downtrend (5<20<50),Normal,Distribusi (Turun),Normal,Seimbang / Adu Mekanik,Normal,Sedang,Normal,Dekat Support (Low Risk),< 1 Miliar,Di Bawah VWAP (Lemah),Distribusi Pro (Guyuran),Gorengan Sepi (< 5M),Normal (50-150%),Mark-Down (Fase Runtuh),Normal,Normal,Turun 3 Hari Beruntun,TP: 659 | CL: 610,Normal,Sangat Menarik (> 1:3),Oversold (Jenuh Jual - Peluang),Netral / Sepi Berita,Normal / Sedang Transisi,Mendekati Fibo Bottom / 100%,0,WAIT & SEE,TIDAK ADA,2026-09-28 11:55:04,Biasa / Mengikuti Pasar
11:55,MAPI,Token Mati (Perlu Update),Big Cap (Lapis 1),Fair Value (Wajar),9.896672,1.5977417,1480.0,1432,1310,1515,-1.9867549668874174,1686800,Normal,52,Negatif,Uptrend,Bullish,Strong Bullish,Awal Reversal (5>20),Normal,Akumulasi (Naik),Normal,Dominan Jual (Guyur),Normal,Tinggi,Normal,Rawan Pucuk (High Risk),> 1 Miliar,Persis di VWAP,Akumulasi Pro (Smart Money),Ritel Aktif (5M - 50M),Sepi (< 50%),Accumulation (Kumpul Barang),Normal,Normal,Turun 1 Hari Beruntun,TP: 1567 | CL: 1421,Normal,Tidak Ideal (< 1:1),Overbought (Jenuh Beli - Rawan),Netral / Sepi Berita,Normal / Sedang Transisi,Dekat Support Fibo 78.6%,5,WAIT & SEE,TIDAK ADA,2026-09-28 11:55:04,Biasa / Mengikuti Pasar
11:55,MAYA,Transaksi Sepi (Skip Broksum),Mid Cap (Lapis 2),Overvalued (Mahal),77.51938,0.2694067,200.0,200,192,222,-3.8461538461538463,1430000,Normal,49,Negatif,Downtrend,Bullish,Strong Bullish,Perfect Uptrend (5>20>50),Normal,Distribusi (Turun),Normal,Dominan Jual (Guyur),Normal,Sedang,Normal,Area Tengah,< 1 Miliar,Di Bawah VWAP (Lemah),Distribusi Pro (Guyuran),Gorengan Sepi (< 5M),Sepi (< 50%),Distribution (Fase Jualan),Normal,Normal,Turun 1 Hari Beruntun,TP: 211 | CL: 192,Normal,Ideal (1:2),Netral / Sideways,Netral / Sepi Berita,Supply Banjir (Distribusi) 🌊,Dekat Support Fibo 61.8% (Golden Ratio),2,WAIT & SEE,TIDAK ADA,2026-09-28 11:55:04,Biasa / Mengikuti Pasar
11:55,MBAP,Transaksi Sepi (Skip Broksum),Mid Cap (Lapis 2),Overvalued (Mahal),31.552494,11151.316,1695.0,1718,1560,1830,-0.29411764705882354,47100,Normal,55,Negatif,Downtrend,Golden Cross,Bearish MACD,Perfect Uptrend (5>20>50),Normal,Akumulasi (Naik),Normal,Seimbang / Adu Mekanik,Normal,Sedang,Normal,Area Tengah,< 1 Miliar,Di Bawah VWAP (Lemah),Akumulasi Pro (Smart Money),Gorengan Sepi (< 5M),Normal (50-150%),Distribution (Fase Jualan),Spesialis Tiang Jemuran (Banting Pucuk),Jarum Bawah (Sinyal Pantulan Kuat),Turun 3 Hari Beruntun,TP: 1786 | CL: 1634,Normal,Menengah (1:1),Netral / Sideways,Netral / Sepi Berita,Normal / Sedang Transisi,Mendekati Fibo 38.2%,3,WAIT & SEE,TIDAK ADA,2026-09-28 11:55:04,Biasa / Mengikuti Pasar
11:55,MBSS,Transaksi Sepi (Skip Broksum),Mid Cap (Lapis 2),Undervalued (Murah),13.670862,1.2356447,2900.0,2879,2780,2920,0.34602076124567477,175200,Normal,60,Positif,Uptrend,Bullish,Bearish MACD,Perfect Uptrend (5>20>50),Normal,Akumulasi (Naik),Normal,Dominan Beli (Hajar Kanan),Squeeze,Rendah,Doji (Ragu-ragu),Area Tengah,< 1 Miliar,Persis di VWAP,Akumulasi Pro (Smart Money),Gorengan Sepi (< 5M),Sepi (< 50%),Mark-Up (Fase Pesta),Solid (Jarang Dibanting),Jarum Bawah (Sinyal Pantulan Kuat),Naik 1 Hari Beruntun,TP: 2923 | CL: 2884,Normal,Tidak Ideal (< 1:1),Death Cross (Awal Bearish),Netral / Sepi Berita,Supply Kering (Siap Pump) 🏜️,Mendekati Fibo 23.6%,6,WAIT & SEE,TIDAK ADA,2026-09-28 11:55:04,Biasa / Mengikuti Pasar
11:55,MBTO,Token Mati (Perlu Update),Small Cap (Lapis 3),Fair Value (Wajar),0.0,0.5341216,176.0,149,124,236,-14.563106796116504,266755000,Tembus MA20,62,Negatif,Uptrend,Bullish,Strong Bullish,Perfect Uptrend (5>20>50),Distribusi Kuat,Distribusi (Turun),Gap Down (-6.8%),Dominan Jual (Guyur),Normal,Tinggi,Normal,Rawan Pucuk (High Risk),> 1 Miliar,Di Bawah VWAP (Lemah),Distribusi Pro (Guyuran),Ritel Aktif (5M - 50M),Ledakan Ekstrem (> 300%),Mark-Up (Fase Pesta),Spesialis Tiang Jemuran (Banting Pucuk),Normal,Turun 1 Hari Beruntun,TP: 204 | CL: 157,Normal,Menengah (1:1),Netral / Sideways,Netral / Sepi Berita,Supply Banjir (Distribusi) 🌊,Mengambang (Jauh dari Fibo),5,WAIT & SEE,TIDAK ADA,2026-09-28 11:55:04,🔥 ANOMALI BANDAR (Siap Ledakan)
11:55,MCOR,Transaksi Sepi (Skip Broksum),Mid Cap (Lapis 2),Undervalued (Murah),8.260325,0.34398827,66.0,68,65,73,0.0,3297100,Normal,35,Negatif,Downtrend,Bearish,Strong Bearish,Strong Downtrend (5<20<50),Normal,Distribusi (Turun),Normal,Seimbang / Adu Mekanik,Bottom Rebound,Sedang,Doji (Ragu-ragu),Dekat Support (Low Risk),< 1 Miliar,Di Bawah VWAP (Lemah),Distribusi Pro (Guyuran),Gorengan Sepi (< 5M),Normal (50-150%),Mark-Down (Fase Runtuh),Normal,Normal,Sideways / Stagnan,TP: 68 | CL: 64,Normal,Sangat Menarik (> 1:3),Oversold (Jenuh Jual - Peluang),Netral / Sepi Berita,Normal / Sedang Transisi,Golden Rebound Fibo 78.6% 🎯,0,WAIT & SEE,TIDAK ADA,2026-09-28 11:55:04,Biasa / Mengikuti Pasar
11:55,MDIA,Token Mati (Perlu Update),Mid Cap (Lapis 2),Overvalued (Mahal),2328.5715,6.961944,163.0,209,157,304,-1.2121212121212122,70052800,Normal,37,Negatif,Downtrend,Bearish,Strong Bearish,Strong Downtrend (5<20<50),Normal,Distribusi (Turun),Normal,Dominan Jual (Guyur),Normal,Tinggi,Normal,Area Tengah,> 1 Miliar,Di Bawah VWAP (Lemah),Distribusi Pro (Guyuran),Ritel Aktif (5M - 50M),Sepi (< 50%),Mark-Down (Fase Runtuh),Normal,Normal,Turun 3 Hari Beruntun,TP: 192 | CL: 143,Normal,Sangat Menarik (> 1:3),Oversold (Jenuh Jual - Peluang),Netral / Sepi Berita,Normal / Sedang Transisi,Mengambang (Jauh dari Fibo),0,WAIT & SEE,TIDAK ADA,2026-09-28 11:55:04,Biasa / Mengikuti Pasar
11:55,MDKA,Token Mati (Perlu Update),Big Cap (Lapis 1),Overvalued (Mahal),1625.0,85428.57,2990.0,2952,2780,3160,-2.6058631921824107,14161400,Normal,53,Negatif,Uptrend,Bullish,Strong Bullish,Perfect Uptrend (5>20>50),Normal,Akumulasi (Naik),Normal,Dominan Jual (Guyur),Normal,Sedang,Normal,Area Tengah,> 1 Miliar,Persis di VWAP,Akumulasi Pro (Smart Money),Sultan (> 50M/hari),Sepi (< 50%),Mark-Up (Fase Pesta),Normal,Normal,Turun 1 Hari Beruntun,TP: 3167 | CL: 2871,Normal,Tidak Ideal (< 1:1),Death Cross (Awal Bearish),Netral / Sepi Berita,Normal / Sedang Transisi,Dekat Support Fibo 23.6%,5,WAIT & SEE,TIDAK ADA,2026-09-28 11:55:04,Biasa / Mengikuti Pasar
11:55,MDLN,Transaksi Sepi (Skip Broksum),Small Cap (Lapis 3),Fair Value (Wajar),0.0,0.16360821,43.0,49,43,50,-14.000000000000002,1088400,Tembus MA20,2,Negatif,Downtrend,Death Cross,Strong Bearish,Strong Downtrend (5<20<50),Normal,Distribusi (Turun),Gap Down (-14.0%),Tidak Ada Transaksi,Normal,Sedang,Doji (Ragu-ragu),Dekat Support (Low Risk),< 1 Miliar,Di Bawah VWAP (Lemah),Netral,Gorengan Sepi (< 5M),Ledakan Ekstrem (> 300%),Mark-Down (Fase Runtuh),Solid (Jarang Dibanting),Normal,Turun 1 Hari Beruntun,TP: 43 | CL: 42,Normal,Di Area Support,Oversold (Jenuh Jual - Peluang),Netral / Sepi Berita,Normal / Sedang Transisi,Golden Rebound Fibo Bottom / 100% 🎯,1,WAIT & SEE,TIDAK ADA,2026-09-28 11:55:04,Biasa / Mengikuti Pasar
11:55,MEDC,Token Mati (Perlu Update),Big Cap (Lapis 1),Overvalued (Mahal),5.9204736,16629.213,1480.0,1506,1400,1645,2.0689655172413794,23162800,Normal,53,Positif,Downtrend,Bearish,Bearish MACD,Konsolidasi / Transisi,Normal,Distribusi (Turun),Normal,Dominan Beli (Hajar Kanan),Normal,Sedang,Normal,Area Tengah,> 1 Miliar,Persis di VWAP,Distribusi Pro (Guyuran),Sultan (> 50M/hari),Sepi (< 50%),Distribution (Fase Jualan),Spesialis Tiang Jemuran (Banting Pucuk),Normal,Naik 1 Hari Beruntun,TP: 1585 | CL: 1410,Normal,Ideal (1:2),Golden Cross (Awal Bullish),Netral / Sepi Berita,Normal / Sedang Transisi,Mendekati Fibo 38.2%,3,WAIT & SEE,TIDAK ADA,2026-09-28 11:55:04,Biasa / Mengikuti Pasar
11:55,MEGA,Transaksi Sepi (Skip Broksum),Big Cap (Lapis 1),Fair Value (Wajar),13.621048,1.9947631,1900.0,1961,1850,2010,-2.0618556701030926,15000,Normal,25,Negatif,Downtrend,Bearish,Strong Bearish,Strong Downtrend (5<20<50),Normal,Distribusi (Turun),Gap Down (-2.1%),Dominan Beli (Hajar Kanan),Squeeze,Rendah,Doji (Ragu-ragu),Dekat Support (Low Risk),< 1 Miliar,Di Bawah VWAP (Lemah),Akumulasi Pro (Smart Money),Gorengan Sepi (< 5M),Sepi (< 50%),Mark-Down (Fase Runtuh),Solid (Jarang Dibanting),Jarum Bawah (Sinyal Pantulan Kuat),Turun 2 Hari Beruntun,TP: 1977 | CL: 1848,Normal,Ideal (1:2),Netral / Sideways,Netral / Sepi Berita,Supply Kering (Siap Pump) 🏜️,Golden Rebound Fibo 50.0% 🎯,1,WAIT & SEE,TIDAK ADA,2026-09-28 11:55:04,Biasa / Mengikuti Pasar
11:55,MERK,Transaksi Sepi (Skip Broksum),Mid Cap (Lapis 2),Fair Value (Wajar),5.127722,1.7700899,3810.0,3878,3800,3950,-0.5221932114882507,56500,Tembus MA20,37,Negatif,Downtrend,Bearish,Strong Bearish,Strong Downtrend (5<20<50),Normal,Distribusi (Turun),Normal,Dominan Jual (Guyur),Squeeze,Rendah,Normal,Dekat Support (Low Risk),< 1 Miliar,Persis di VWAP,Distribusi Pro (Guyuran),Gorengan Sepi (< 5M),Anomali Tinggi (150-300%),Mark-Down (Fase Runtuh),Spesialis Tiang Jemuran (Banting Pucuk),Normal,Turun 2 Hari Beruntun,TP: 3894 | CL: 3753,Normal,Sangat Menarik (> 1:3),Oversold (Jenuh Jual - Peluang),Netral / Sepi Berita,Normal / Sedang Transisi,Golden Rebound Fibo 50.0% 🎯,1,WAIT & SEE,TIDAK ADA,2026-09-28 11:55:04,Biasa / Mengikuti Pasar
11:55,MGNA,Transaksi Sepi (Skip Broksum),Small Cap (Lapis 3),Overvalued (Mahal),4.747099,21.281893,172.0,152,94,256,-11.794871794871794,5759900,Normal,57,Negatif,Uptrend,Bullish,Strong Bullish,Perfect Uptrend (5>20>50),Normal,Akumulasi (Naik),Gap Down (-2.1%),Dominan Jual (Guyur),Normal,Tinggi,Normal,Rawan Pucuk (High Risk),< 1 Miliar,Di Bawah VWAP (Lemah),Distribusi Pro (Guyuran),Gorengan Sepi (< 5M),Sepi (< 50%),Mark-Up (Fase Pesta),Spesialis Tiang Jemuran (Banting Pucuk),Normal,Turun 2 Hari Beruntun,TP: 229 | CL: 133,Open = High (Tekanan Jual),Menengah (1:1),Netral / Sideways,Netral / Sepi Berita,Normal / Sedang Transisi,Mendekati Fibo 50.0%,5,WAIT & SEE,TIDAK ADA,2026-09-28 11:55:04,Biasa / Mengikuti Pasar
11:55,MICE,Transaksi Sepi (Skip Broksum),Small Cap (Lapis 3),Undervalued (Murah),6.9715557,0.30208376,500.0,540,494,570,0.8064516129032258,1573400,Tembus MA20,40,Positif,Downtrend,Bearish,Strong Bearish,Konsolidasi / Transisi,Distribusi Kuat,Distribusi (Turun),Gap Up (+3.8%),Dominan Jual (Guyur),Bottom Rebound,Tinggi,Normal,Dekat Support (Low Risk),< 1 Miliar,Di Bawah VWAP (Lemah),Distribusi Pro (Guyuran),Gorengan Sepi (< 5M),Ledakan Ekstrem (> 300%),Distribution (Fase Jualan),Normal,Normal,Naik 1 Hari Beruntun,TP: 536 | CL: 475,Open = High (Tekanan Jual),Sangat Menarik (> 1:3),Oversold (Jenuh Jual - Peluang),Netral / Sepi Berita,Supply Banjir (Distribusi) 🌊,Golden Rebound Fibo 78.6% 🎯,3,WAIT & SEE,TIDAK ADA,2026-09-28 11:55:04,Biasa / Mengikuti Pasar
11:55,MIDI,Transaksi Sepi (Skip Broksum),Mid Cap (Lapis 2),Fair Value (Wajar),9.868174,1.8913417,262.0,269,258,282,0.7692307692307693,2497200,Normal,39,Positif,Downtrend,Bearish,Strong Bearish,Strong Downtrend (5<20<50),Normal,Distribusi (Turun),Normal,Seimbang / Adu Mekanik,Bottom Rebound,Sedang,Normal,Dekat Support (Low Risk),< 1 Miliar,Persis di VWAP,Distribusi Pro (Guyuran),Gorengan Sepi (< 5M),Sepi (< 50%),Mark-Down (Fase Runtuh),Normal,Normal,Naik 1 Hari Beruntun,TP: 273 | CL: 254,Normal,Sangat Menarik (> 1:3),Oversold (Jenuh Jual - Peluang),Netral / Sepi Berita,Supply Kering (Siap Pump) 🏜️,Golden Rebound Fibo Bottom / 100% 🎯,1,WAIT & SEE,TIDAK ADA,2026-09-28 11:55:04,Biasa / Mengikuti Pasar
11:55,MIKA,Transaksi Sepi (Skip Broksum),Big Cap (Lapis 1),Overvalued (Mahal),16.730827,3.222372,1700.0,1817,1660,1990,-1.1627906976744187,186800,Normal,34,Negatif,Downtrend,Bearish,Strong Bearish,Konsolidasi / Transisi,Normal,Distribusi (Turun),Normal,Seimbang / Adu Mekanik,Normal,Tinggi,Normal,Dekat Support (Low Risk),< 1 Miliar,Di Bawah VWAP (Lemah),Akumulasi Pro (Smart Money),Gorengan Sepi (< 5M),Sepi (< 50%),Distribution (Fase Jualan),Normal,Normal,Turun 3 Hari Beruntun,TP: 1780 | CL: 1646,Open = High (Tekanan Jual),Sangat Menarik (> 1:3),Oversold (Jenuh Jual - Peluang),Netral / Sepi Berita,Normal / Sedang Transisi,Mendekati Fibo Bottom / 100%,0,WAIT & SEE,TIDAK ADA,2026-09-28 11:55:04,Biasa / Mengikuti Pasar
11:55,MIRA,Token Mati (Perlu Update),Small Cap (Lapis 3),Fair Value (Wajar),0.0,0.809807,29.0,24,23,30,20.833333333333336,118088000,Tembus MA20,68,Positif,Uptrend,Golden Cross,Strong Bullish,Awal Reversal (5>20),Akumulasi Kuat,Akumulasi (Naik),Gap Up (+16.7%),Dominan Beli (Hajar Kanan),Breakout Upper,Tinggi,Normal,Rawan Pucuk (High Risk),> 1 Miliar,Di Atas VWAP (Kuat),Akumulasi Pro (Smart Money),Gorengan Sepi (< 5M),Ledakan Ekstrem (> 300%),Accumulation (Kumpul Barang),Solid (Jarang Dibanting),Jarum Bawah (Sinyal Pantulan Kuat),Naik 1 Hari Beruntun,TP: 30 | CL: 27,Normal,Tidak Ideal (< 1:1),Netral / Sideways,Netral / Sepi Berita,Normal / Sedang Transisi,Mendekati Fibo 23.6%,10,BELI,TIDAK ADA,2026-09-28 11:55:04,⚠️ Anomali (Sudah Terbang)
11:55,MITI,Transaksi Sepi (Skip Broksum),Small Cap (Lapis 3),Overvalued (Mahal),84.142395,2.0792847,260.0,256,218,324,-1.5151515151515151,2370400,Normal,54,Negatif,Uptrend,Bullish,Bearish MACD,Perfect Uptrend (5>20>50),Normal,Distribusi (Turun),Gap Down (-3.8%),Seimbang / Adu Mekanik,Normal,Tinggi,Normal,Rawan Pucuk (High Risk),< 1 Miliar,Di Bawah VWAP (Lemah),Distribusi Pro (Guyuran),Gorengan Sepi (< 5M),Sepi (< 50%),Mark-Up (Fase Pesta),Spesialis Tiang Jemuran (Banting Pucuk),Normal,Turun 3 Hari Beruntun,TP: 309 | CL: 226,Normal,Ideal (1:2),Netral / Sideways,Netral / Sepi Berita,Normal / Sedang Transisi,Dekat Support Fibo 38.2%,3,WAIT & SEE,TIDAK ADA,2026-09-28 11:55:04,Biasa / Mengikuti Pasar
11:55,MKPI,Transaksi Sepi (Skip Broksum),Big Cap (Lapis 1),Fair Value (Wajar),17.5131,2.7373307,21525.0,21745,21025,22000,0.0,36100,Normal,34,Negatif,Downtrend,Bearish,Strong Bearish,Strong Downtrend (5<20<50),Normal,Distribusi (Turun),Normal,Dominan Jual (Guyur),Squeeze,Rendah,Doji (Ragu-ragu),Dekat Support (Low Risk),< 1 Miliar,Persis di VWAP,Akumulasi Pro (Smart Money),Gorengan Sepi (< 5M),Normal (50-150%),Mark-Down (Fase Runtuh),Normal,Normal,Sideways / Stagnan,TP: 21825 | CL: 21325,Normal,Tidak Ideal (< 1:1),Netral / Sideways,Netral / Sepi Berita,Normal / Sedang Transisi,Dekat Support Fibo 38.2%,0,WAIT & SEE,TIDAK ADA,2026-09-28 11:55:04,Biasa / Mengikuti Pasar
11:55,MLBI,Transaksi Sepi (Skip Broksum),Big Cap (Lapis 1),Overvalued (Mahal),11.210762,13.064416,6850.0,6846,6300,6975,0.3663003663003663,8700,Normal,51,Positif,Uptrend,Bearish,Bearish MACD,Konsolidasi / Transisi,Normal,Distribusi (Turun),Normal,Dominan Jual (Guyur),Squeeze,Rendah,Doji (Ragu-ragu),Area Tengah,< 1 Miliar,Persis di VWAP,Distribusi Pro (Guyuran),Gorengan Sepi (< 5M),Sepi (< 50%),Mark-Up (Fase Pesta),Spesialis Tiang Jemuran (Banting Pucuk),Normal,Naik 1 Hari Beruntun,TP: 6981 | CL: 6762,Normal,Tidak Ideal (< 1:1),Netral / Sideways,Netral / Sepi Berita,Normal / Sedang Transisi,Dekat Support Fibo 38.2%,3,WAIT & SEE,TIDAK ADA,2026-09-28 11:55:04,Biasa / Mengikuti Pasar
11:55,MLIA,Transaksi Sepi (Skip Broksum),Mid Cap (Lapis 2),Fair Value (Wajar),0.0,0.2575751,204.0,218,204,232,-2.857142857142857,157900,Tembus MA20,19,Negatif,Downtrend,Bearish,Strong Bearish,Strong Downtrend (5<20<50),Normal,Distribusi (Turun),Gap Up (+2.9%),Dominan Jual (Guyur),Normal,Sedang,Normal,Dekat Support (Low Risk),< 1 Miliar,Di Bawah VWAP (Lemah),Distribusi Pro (Guyuran),Gorengan Sepi (< 5M),Normal (50-150%),Mark-Down (Fase Runtuh),Solid (Jarang Dibanting),Normal,Turun 1 Hari Beruntun,TP: 209 | CL: 200,Normal,Di Area Support,Oversold (Jenuh Jual - Peluang),Netral / Sepi Berita,Normal / Sedang Transisi,Golden Rebound Fibo Bottom / 100% 🎯,2,WAIT & SEE,TIDAK ADA,2026-09-28 11:55:04,Biasa / Mengikuti Pasar
11:55,MLPL,Token Mati (Perlu Update),Mid Cap (Lapis 2),Fair Value (Wajar),0.0,0.23084618,72.0,87,68,95,-4.0,15349600,Normal,20,Negatif,Downtrend,Bearish,Strong Bearish,Strong Downtrend (5<20<50),Normal,Distribusi (Turun),Gap Down (-2.7%),Seimbang / Adu Mekanik,Normal,Tinggi,Normal,Area Tengah,> 1 Miliar,Di Bawah VWAP (Lemah),Distribusi Pro (Guyuran),Gorengan Sepi (< 5M),Normal (50-150%),Mark-Down (Fase Runtuh),Normal,Jarum Bawah (Sinyal Pantulan Kuat),Turun 3 Hari Beruntun,TP: 77 | CL: 68,Normal,Sangat Menarik (> 1:3),Oversold (Jenuh Jual - Peluang),Netral / Sepi Berita,Normal / Sedang Transisi,Mendekati Fibo Bottom / 100%,0,WAIT & SEE,TIDAK ADA,2026-09-28 11:55:04,Biasa / Mengikuti Pasar
11:55,MLPT,Transaksi Sepi (Skip Broksum),Big Cap (Lapis 1),Overvalued (Mahal),121.62162,62.571106,990.0,1163,965,1315,-1.4925373134328357,740000,Normal,32,Negatif,Downtrend,Bearish,Strong Bearish,Strong Downtrend (5<20<50),Normal,Distribusi (Turun),Normal,Seimbang / Adu Mekanik,Normal,Tinggi,Normal,Dekat Support (Low Risk),< 1 Miliar,Di Bawah VWAP (Lemah),Distribusi Pro (Guyuran),Gorengan Sepi (< 5M),Sepi (< 50%),Mark-Down (Fase Runtuh),Normal,Normal,Turun 6 Hari Beruntun,TP: 1095 | CL: 920,Normal,Sangat Menarik (> 1:3),Oversold (Jenuh Jual - Peluang),Netral / Sepi Berita,Normal / Sedang Transisi,Mendekati Fibo 78.6%,0,WAIT & SEE,TIDAK ADA,2026-09-28 11:55:04,Biasa / Mengikuti Pasar
11:55,MMLP,Transaksi Sepi (Skip Broksum),Mid Cap (Lapis 2),Fair Value (Wajar),19.986675,0.43677595,300.0,307,294,368,1.3513513513513513,299800,Normal,46,Positif,Downtrend,Death Cross,Bearish MACD,Konsolidasi / Transisi,Normal,Distribusi (Turun),Normal,Dominan Beli (Hajar Kanan),Normal,Sedang,Marubozu (Strong Bullish),Dekat Support (Low Risk),< 1 Miliar,Di Bawah VWAP (Lemah),Distribusi Pro (Guyuran),Gorengan Sepi (< 5M),Sepi (< 50%),Distribution (Fase Jualan),Spesialis Tiang Jemuran (Banting Pucuk),Normal,Naik 1 Hari Beruntun,TP: 322 | CL: 284,Open = Low (Bullish Kuat),Sangat Menarik (> 1:3),Oversold (Jenuh Jual - Peluang),Netral / Sepi Berita,Normal / Sedang Transisi,Mendekati Fibo 78.6%,2,WAIT & SEE,TIDAK ADA,2026-09-28 11:55:04,Biasa / Mengikuti Pasar
11:55,MNCN,Token Mati (Perlu Update),Mid Cap (Lapis 2),Undervalued (Murah),1.3936511,0.07496408,126.0,186,125,214,-7.352941176470589,76946200,Normal,11,Negatif,Downtrend,Bearish,Strong Bearish,Strong Downtrend (5<20<50),Normal,Distribusi (Turun),Gap Down (-3.7%),Dominan Jual (Guyur),Normal,Tinggi,Normal,Dekat Support (Low Risk),> 1 Miliar,Di Bawah VWAP (Lemah),Distribusi Pro (Guyuran),Ritel Aktif (5M - 50M),Normal (50-150%),Mark-Down (Fase Runtuh),Normal,Normal,Turun 3 Hari Beruntun,TP: 142 | CL: 115,Normal,Sangat Menarik (> 1:3),Oversold (Jenuh Jual - Peluang),Netral / Sepi Berita,Supply Banjir (Distribusi) 🌊,Golden Rebound Fibo Bottom / 100% 🎯,0,WAIT & SEE,TIDAK ADA,2026-09-28 11:55:04,Biasa / Mengikuti Pasar
11:55,MPMX,Transaksi Sepi (Skip Broksum),Mid Cap (Lapis 2),Undervalued (Murah),8.641138,0.8038218,1020.0,1028,1010,1060,0.0,789600,Normal,49,Negatif,Downtrend,Bearish,Bearish MACD,Konsolidasi / Transisi,Normal,Distribusi (Turun),Normal,Seimbang / Adu Mekanik,Squeeze,Rendah,Doji (Ragu-ragu),Dekat Support (Low Risk),< 1 Miliar,Persis di VWAP,Distribusi Pro (Guyuran),Gorengan Sepi (< 5M),Sepi (< 50%),Distribution (Fase Jualan),Normal,Jarum Bawah (Sinyal Pantulan Kuat),Sideways / Stagnan,TP: 1044 | CL: 1003,Normal,Sangat Menarik (> 1:3),Golden Cross (Awal Bullish),Netral / Sepi Berita,Normal / Sedang Transisi,Golden Rebound Fibo 38.2% 🎯,0,WAIT & SEE,TIDAK ADA,2026-09-28 11:55:04,Biasa / Mengikuti Pasar
11:55,MPPA,Transaksi Sepi (Skip Broksum),Mid Cap (Lapis 2),Fair Value (Wajar),0.0,-12.140132,35.0,41,35,46,-2.7777777777777777,6577600,Normal,27,Negatif,Downtrend,Bearish,Strong Bearish,Strong Downtrend (5<20<50),Normal,Distribusi (Turun),Gap Down (-2.8%),Tidak Ada Transaksi,Normal,Tinggi,Doji (Ragu-ragu),Dekat Support (Low Risk),< 1 Miliar,Di Bawah VWAP (Lemah),Distribusi Pro (Guyuran),Gorengan Sepi (< 5M),Normal (50-150%),Mark-Down (Fase Runtuh),Solid (Jarang Dibanting),Normal,Turun 2 Hari Beruntun,TP: 37 | CL: 33,Normal,Di Area Support,Oversold (Jenuh Jual - Peluang),Netral / Sepi Berita,Normal / Sedang Transisi,Golden Rebound Fibo Bottom / 100% 🎯,0,WAIT & SEE,TIDAK ADA,2026-09-28 11:55:04,Biasa / Mengikuti Pasar
11:55,MRAT,Transaksi Sepi (Skip Broksum),Small Cap (Lapis 3),Overvalued (Mahal),46.854084,0.25916195,350.0,384,346,420,-4.371584699453552,114500,Normal,27,Negatif,Downtrend,Bearish,Strong Bearish,Strong Downtrend (5<20<50),Normal,Akumulasi (Naik),Normal,Dominan Jual (Guyur),Normal,Tinggi,Normal,Dekat Support (Low Risk),< 1 Miliar,Di Bawah VWAP (Lemah),Akumulasi Pro (Smart Money),Gorengan Sepi (< 5M),Sepi (< 50%),Mark-Down (Fase Runtuh),Normal,Normal,Turun 1 Hari Beruntun,TP: 372 | CL: 335,Open = High (Tekanan Jual),Sangat Menarik (> 1:3),Oversold (Jenuh Jual - Peluang),Netral / Sepi Berita,Normal / Sedang Transisi,Golden Rebound Fibo Bottom / 100% 🎯,1,WAIT & SEE,TIDAK ADA,2026-09-28 11:55:04,Biasa / Mengikuti Pasar
11:55,MSKY,Transaksi Sepi (Skip Broksum),Small Cap (Lapis 3),Fair Value (Wajar),0.0,0.647714,46.0,66,46,89,-13.20754716981132,5710700,Normal,28,Negatif,Downtrend,Bearish,Strong Bearish,Konsolidasi / Transisi,Normal,Distribusi (Turun),Gap Down (-13.2%),Dominan Jual (Guyur),Normal,Tinggi,Doji (Ragu-ragu),Dekat Support (Low Risk),< 1 Miliar,Di Bawah VWAP (Lemah),Distribusi Pro (Guyuran),Gorengan Sepi (< 5M),Sepi (< 50%),Distribution (Fase Jualan),Spesialis Tiang Jemuran (Banting Pucuk),Normal,Turun 3 Hari Beruntun,TP: 56 | CL: 38,Normal,Di Area Support,Oversold (Jenuh Jual - Peluang),Netral / Sepi Berita,Normal / Sedang Transisi,Golden Rebound Fibo Bottom / 100% 🎯,0,WAIT & SEE,TIDAK ADA,2026-09-28 11:55:04,Biasa / Mengikuti Pasar
11:55,MTDL,Transaksi Sepi (Skip Broksum),Mid Cap (Lapis 2),Undervalued (Murah),7.355104,1.3075724,500.0,508,496,525,0.4016064257028112,439300,Normal,42,Positif,Downtrend,Bearish,Strong Bearish,Strong Downtrend (5<20<50),Normal,Distribusi (Turun),Normal,Dominan Jual (Guyur),Squeeze,Rendah,Doji (Ragu-ragu),Dekat Support (Low Risk),< 1 Miliar,Persis di VWAP,Distribusi Pro (Guyuran),Gorengan Sepi (< 5M),Sepi (< 50%),Mark-Down (Fase Runtuh),Spesialis Tiang Jemuran (Banting Pucuk),Normal,Naik 1 Hari Beruntun,TP: 515 | CL: 489,Normal,Sangat Menarik (> 1:3),Oversold (Jenuh Jual - Peluang),Netral / Sepi Berita,Normal / Sedang Transisi,Golden Rebound Fibo Bottom / 100% 🎯,1,WAIT & SEE,TIDAK ADA,2026-09-28 11:55:04,Biasa / Mengikuti Pasar
11:55,MTLA,Transaksi Sepi (Skip Broksum),Mid Cap (Lapis 2),Undervalued (Murah),13.02297,0.8711925,630.0,534,510,650,9.565217391304348,547800,Tembus MA20,81,Positif,Uptrend,Bullish,Strong Bullish,Perfect Uptrend (5>20>50),Akumulasi Kuat,Akumulasi (Naik),Normal,Dominan Beli (Hajar Kanan),Breakout Upper,Tinggi,Normal,Rawan Pucuk (High Risk),< 1 Miliar,Di Atas VWAP (Kuat),Akumulasi Pro (Smart Money),Gorengan Sepi (< 5M),Anomali Tinggi (150-300%),Mark-Up (Fase Pesta),Normal,Normal,Naik 2 Hari Beruntun,TP: 669 | CL: 603,Normal,Tidak Ideal (< 1:1),Netral / Sideways,Netral / Sepi Berita,Normal / Sedang Transisi,Mendekati Fibo 23.6%,9,BELI,TIDAK ADA,2026-09-28 11:55:04,⚠️ Anomali (Sudah Terbang)
11:55,MYOH,Transaksi Sepi (Skip Broksum),Mid Cap (Lapis 2),Overvalued (Mahal),8.68892,12784.81,1010.0,1087,1000,1235,-1.4634146341463417,113800,Normal,35,Negatif,Downtrend,Bearish,Strong Bearish,Konsolidasi / Transisi,Normal,Distribusi (Turun),Normal,Seimbang / Adu Mekanik,Normal,Tinggi,Normal,Dekat Support (Low Risk),< 1 Miliar,Di Bawah VWAP (Lemah),Distribusi Pro (Guyuran),Gorengan Sepi (< 5M),Sepi (< 50%),Distribution (Fase Jualan),Spesialis Tiang Jemuran (Banting Pucuk),Normal,Turun 3 Hari Beruntun,TP: 1093 | CL: 954,Open = High (Tekanan Jual),Sangat Menarik (> 1:3),Oversold (Jenuh Jual - Peluang),Netral / Sepi Berita,Normal / Sedang Transisi,Golden Rebound Fibo Bottom / 100% 🎯,0,WAIT & SEE,TIDAK ADA,2026-09-28 11:55:04,Biasa / Mengikuti Pasar
11:55,MYOR,Token Mati (Perlu Update),Big Cap (Lapis 1),Fair Value (Wajar),9.256845,1.7217882,1420.0,1510,1420,1605,-1.0452961672473868,4034800,Normal,25,Negatif,Downtrend,Bearish,Strong Bearish,Strong Downtrend (5<20<50),Normal,Distribusi (Turun),Normal,Dominan Jual (Guyur),Normal,Sedang,Normal,Dekat Support (Low Risk),> 1 Miliar,Di Bawah VWAP (Lemah),Distribusi Pro (Guyuran),Ritel Aktif (5M - 50M),Sepi (< 50%),Mark-Down (Fase Runtuh),Normal,Normal,Turun 3 Hari Beruntun,TP: 1465 | CL: 1390,Normal,Di Area Support,Oversold (Jenuh Jual - Peluang),Netral / Sepi Berita,Normal / Sedang Transisi,Golden Rebound Fibo Bottom / 100% 🎯,0,WAIT & SEE,TIDAK ADA,2026-09-28 11:55:04,Biasa / Mengikuti Pasar
11:55,NELY,Transaksi Sepi (Skip Broksum),Small Cap (Lapis 3),Undervalued (Murah),6.96089,0.5207481,194.0,207,190,222,-0.5128205128205128,381700,Normal,35,Negatif,Downtrend,Bearish,Strong Bearish,Konsolidasi / Transisi,Normal,Distribusi (Turun),Normal,Seimbang / Adu Mekanik,Bottom Rebound,Sedang,Normal,Dekat Support (Low Risk),< 1 Miliar,Di Bawah VWAP (Lemah),Distribusi Pro (Guyuran),Gorengan Sepi (< 5M),Sepi (< 50%),Distribution (Fase Jualan),Normal,Normal,Turun 4 Hari Beruntun,TP: 206 | CL: 186,Open = High (Tekanan Jual),Sangat Menarik (> 1:3),Oversold (Jenuh Jual - Peluang),Netral / Sepi Berita,Normal / Sedang Transisi,Golden Rebound Fibo Bottom / 100% 🎯,0,WAIT & SEE,TIDAK ADA,2026-09-28 11:55:04,Biasa / Mengikuti Pasar
11:55,NIKL,Transaksi Sepi (Skip Broksum),Small Cap (Lapis 3),Overvalued (Mahal),14.840715,8681.818,191.0,217,188,256,-2.051282051282051,1995600,Normal,39,Negatif,Downtrend,Bearish,Strong Bearish,Konsolidasi / Transisi,Normal,Distribusi (Turun),Normal,Seimbang / Adu Mekanik,Bottom Rebound,Tinggi,Normal,Dekat Support (Low Risk),< 1 Miliar,Di Bawah VWAP (Lemah),Distribusi Pro (Guyuran),Gorengan Sepi (< 5M),Sepi (< 50%),Distribution (Fase Jualan),Normal,Normal,Turun 3 Hari Beruntun,TP: 214 | CL: 175,Open = High (Tekanan Jual),Sangat Menarik (> 1:3),Oversold (Jenuh Jual - Peluang),Netral / Sepi Berita,Normal / Sedang Transisi,Golden Rebound Fibo 78.6% 🎯,0,WAIT & SEE,TIDAK ADA,2026-09-28 11:55:04,Biasa / Mengikuti Pasar
11:55,NIRO,Transaksi Sepi (Skip Broksum),Mid Cap (Lapis 2),Fair Value (Wajar),0.0,2.2166476,166.0,172,152,236,1.8404907975460123,140000,Normal,48,Positif,Downtrend,Bearish,Bearish MACD,Konsolidasi / Transisi,Normal,Akumulasi (Naik),Normal,Dominan Beli (Hajar Kanan),Normal,Tinggi,Normal,Area Tengah,< 1 Miliar,Di Bawah VWAP (Lemah),Distribusi Pro (Guyuran),Gorengan Sepi (< 5M),Sepi (< 50%),Distribution (Fase Jualan),Spesialis Tiang Jemuran (Banting Pucuk),Jarum Bawah (Sinyal Pantulan Kuat),Naik 1 Hari Beruntun,TP: 197 | CL: 145,Normal,Sangat Menarik (> 1:3),Oversold (Jenuh Jual - Peluang),Netral / Sepi Berita,Normal / Sedang Transisi,Mengambang (Jauh dari Fibo),3,WAIT & SEE,TIDAK ADA,2026-09-28 11:55:04,Biasa / Mengikuti Pasar
11:55,NISP,Token Mati (Perlu Update),Big Cap (Lapis 1),Undervalued (Murah),5.515756,0.6489615,1255.0,1260,1240,1295,0.0,3375400,Normal,48,Negatif,Downtrend,Bearish,Bearish MACD,Konsolidasi / Transisi,Normal,Distribusi (Turun),Normal,Dominan Beli (Hajar Kanan),Squeeze,Rendah,Doji (Ragu-ragu),Dekat Support (Low Risk),> 1 Miliar,Persis di VWAP,Distribusi Pro (Guyuran),Ritel Aktif (5M - 50M),Normal (50-150%),Distribution (Fase Jualan),Normal,Jarum Bawah (Sinyal Pantulan Kuat),Sideways / Stagnan,TP: 1285 | CL: 1234,Normal,Ideal (1:2),Netral / Sideways,Netral / Sepi Berita,Normal / Sedang Transisi,Golden Rebound Fibo 38.2% 🎯,1,WAIT & SEE,TIDAK ADA,2026-09-28 11:55:04,Biasa / Mengikuti Pasar
11:55,NOBU,Token Mati (Perlu Update),Mid Cap (Lapis 2),Undervalued (Murah),6.684492,0.8819186,525.0,532,498,570,-1.8691588785046727,2058000,Normal,51,Negatif,Downtrend,Bullish,Bearish MACD,Perfect Uptrend (5>20>50),Normal,Akumulasi (Naik),Normal,Seimbang / Adu Mekanik,Normal,Sedang,Normal,Area Tengah,> 1 Miliar,Di Bawah VWAP (Lemah),Akumulasi Pro (Smart Money),Gorengan Sepi (< 5M),Sepi (< 50%),Distribution (Fase Jualan),Spesialis Tiang Jemuran (Banting Pucuk),Normal,Turun 1 Hari Beruntun,TP: 559 | CL: 502,Open = High (Tekanan Jual),Ideal (1:2),Netral / Sideways,Netral / Sepi Berita,Normal / Sedang Transisi,Mendekati Fibo 38.2%,3,WAIT & SEE,TIDAK ADA,2026-09-28 11:55:04,Biasa / Mengikuti Pasar
11:55,NRCA,Token Mati (Perlu Update),Mid Cap (Lapis 2),Undervalued (Murah),6.882223,0.9730002,530.0,562,510,630,0.0,2931100,Normal,44,Negatif,Downtrend,Bearish,Strong Bearish,Konsolidasi / Transisi,Normal,Distribusi (Turun),Normal,Dominan Beli (Hajar Kanan),Normal,Tinggi,Doji (Ragu-ragu),Area Tengah,> 1 Miliar,Di Bawah VWAP (Lemah),Distribusi Pro (Guyuran),Gorengan Sepi (< 5M),Sepi (< 50%),Distribution (Fase Jualan),Normal,Jarum Bawah (Sinyal Pantulan Kuat),Sideways / Stagnan,TP: 577 | CL: 498,Normal,Sangat Menarik (> 1:3),Oversold (Jenuh Jual - Peluang),Netral / Sepi Berita,Normal / Sedang Transisi,Mendekati Fibo 50.0%,1,WAIT & SEE,TIDAK ADA,2026-09-28 11:55:04,Biasa / Mengikuti Pasar
11:55,OKAS,Transaksi Sepi (Skip Broksum),Small Cap (Lapis 3),Overvalued (Mahal),0.0,14714.285,103.0,116,101,126,-5.5045871559633035,1574900,Normal,28,Negatif,Downtrend,Bearish,Strong Bearish,Konsolidasi / Transisi,Normal,Distribusi (Turun),Normal,Seimbang / Adu Mekanik,Normal,Tinggi,Normal,Dekat Support (Low Risk),< 1 Miliar,Di Bawah VWAP (Lemah),Distribusi Pro (Guyuran),Gorengan Sepi (< 5M),Normal (50-150%),Distribution (Fase Jualan),Spesialis Tiang Jemuran (Banting Pucuk),Normal,Turun 3 Hari Beruntun,TP: 109 | CL: 98,Open = High (Tekanan Jual),Sangat Menarik (> 1:3),Oversold (Jenuh Jual - Peluang),Netral / Sepi Berita,Normal / Sedang Transisi,Mengambang (Jauh dari Fibo),0,WAIT & SEE,TIDAK ADA,2026-09-28 11:55:04,Biasa / Mengikuti Pasar
11:55,OMRE,Transaksi Sepi (Skip Broksum),Mid Cap (Lapis 2),Fair Value (Wajar),0.0,0.8312567,905.0,964,810,1170,-4.736842105263158,5500,Normal,40,Negatif,Downtrend,Death Cross,Strong Bearish,Strong Downtrend (5<20<50),Normal,Distribusi (Turun),Gap Up (+2.6%),Seimbang / Adu Mekanik,Bottom Rebound,Sedang,Normal,Rawan Pucuk (High Risk),< 1 Miliar,Di Bawah VWAP (Lemah),Distribusi Pro (Guyuran),Gorengan Sepi (< 5M),Sepi (< 50%),Mark-Down (Fase Runtuh),Spesialis Tiang Jemuran (Banting Pucuk),Normal,Turun 4 Hari Beruntun,TP: 1103 | CL: 772,Normal,Ideal (1:2),Netral / Sideways,Netral / Sepi Berita,Normal / Sedang Transisi,Mengambang (Jauh dari Fibo),1,WAIT & SEE,TIDAK ADA,2026-09-28 11:55:04,Biasa / Mengikuti Pasar
11:55,PADI,Token Mati (Perlu Update),Small Cap (Lapis 3),Overvalued (Mahal),0.0,3.449659,43.0,66,43,76,-14.000000000000002,99016400,Normal,18,Negatif,Downtrend,Bearish,Strong Bearish,Strong Downtrend (5<20<50),Normal,Distribusi (Turun),Gap Down (-10.0%),Dominan Jual (Guyur),Normal,Tinggi,Normal,Dekat Support (Low Risk),> 1 Miliar,Di Bawah VWAP (Lemah),Distribusi Pro (Guyuran),Ritel Aktif (5M - 50M),Sepi (< 50%),Mark-Down (Fase Runtuh),Normal,Normal,Turun 3 Hari Beruntun,TP: 49 | CL: 38,Open = High (Tekanan Jual),Di Area Support,Oversold (Jenuh Jual - Peluang),Netral / Sepi Berita,Normal / Sedang Transisi,Golden Rebound Fibo Bottom / 100% 🎯,0,WAIT & SEE,TIDAK ADA,2026-09-28 11:55:04,Biasa / Mengikuti Pasar
11:55,PALM,Transaksi Sepi (Skip Broksum),Mid Cap (Lapis 2),Undervalued (Murah),8.178229,0.91109586,290.0,292,282,302,1.3986013986013985,256400,Normal,46,Positif,Downtrend,Bearish,Strong Bearish,Strong Downtrend (5<20<50),Normal,Distribusi (Turun),Normal,Dominan Beli (Hajar Kanan),Squeeze,Rendah,Normal,Dekat Support (Low Risk),< 1 Miliar,Persis di VWAP,Akumulasi Pro (Smart Money),Gorengan Sepi (< 5M),Normal (50-150%),Mark-Down (Fase Runtuh),Normal,Normal,Naik 1 Hari Beruntun,TP: 300 | CL: 283,Normal,Ideal (1:2),Golden Cross (Awal Bullish),Netral / Sepi Berita,Normal / Sedang Transisi,Dekat Support Fibo 61.8% (Golden Ratio),2,WAIT & SEE,TIDAK ADA,2026-09-28 11:55:04,Biasa / Mengikuti Pasar
11:55,PANR,Transaksi Sepi (Skip Broksum),Small Cap (Lapis 3),Fair Value (Wajar),0.0,0.6039636,402.0,418,400,440,-1.951219512195122,49300,Normal,33,Negatif,Downtrend,Bearish,Strong Bearish,Strong Downtrend (5<20<50),Normal,Distribusi (Turun),Normal,Dominan Jual (Guyur),Bottom Rebound,Sedang,Normal,Dekat Support (Low Risk),< 1 Miliar,Di Bawah VWAP (Lemah),Distribusi Pro (Guyuran),Gorengan Sepi (< 5M),Normal (50-150%),Mark-Down (Fase Runtuh),Solid (Jarang Dibanting),Normal,Turun 1 Hari Beruntun,TP: 414 | CL: 393,Open = High (Tekanan Jual),Sangat Menarik (> 1:3),Oversold (Jenuh Jual - Peluang),Netral / Sepi Berita,Supply Kering (Siap Pump) 🏜️,Mendekati Fibo Bottom / 100%,0,WAIT & SEE,TIDAK ADA,2026-09-28 11:55:04,Biasa / Mengikuti Pasar
11:55,PANS,Transaksi Sepi (Skip Broksum),Mid Cap (Lapis 2),Undervalued (Murah),6.8887053,0.8373626,1665.0,1639,1580,1680,0.30120481927710846,61200,Normal,67,Positif,Uptrend,Bullish,Bearish MACD,Perfect Uptrend (5>20>50),Normal,Akumulasi (Naik),Normal,Dominan Beli (Hajar Kanan),Squeeze,Rendah,Hammer (Potensi Reversal),Area Tengah,< 1 Miliar,Di Atas VWAP (Kuat),Akumulasi Pro (Smart Money),Gorengan Sepi (< 5M),Sepi (< 50%),Mark-Up (Fase Pesta),Normal,Jarum Bawah (Sinyal Pantulan Kuat),Naik 1 Hari Beruntun,TP: 1711 | CL: 1634,Normal,Tidak Ideal (< 1:1),Netral / Sideways,Netral / Sepi Berita,Normal / Sedang Transisi,Mendekati Fibo 23.6%,6,WAIT & SEE,TIDAK ADA,2026-09-28 11:55:04,Biasa / Mengikuti Pasar
11:55,PBRX,Token Mati (Perlu Update),Small Cap (Lapis 3),Overvalued (Mahal),0.0,9666.667,29.0,26,24,32,20.833333333333336,175529500,Tembus MA20,61,Positif,Uptrend,Bearish,Bullish MACD,Strong Downtrend (5<20<50),Akumulasi Kuat,Akumulasi (Naik),Normal,Seimbang / Adu Mekanik,Normal,Tinggi,Normal,Rawan Pucuk (High Risk),> 1 Miliar,Di Atas VWAP (Kuat),Akumulasi Pro (Smart Money),Gorengan Sepi (< 5M),Ledakan Ekstrem (> 300%),Accumulation (Kumpul Barang),Normal,Normal,Naik 1 Hari Beruntun,TP: 31 | CL: 27,Open = Low (Bullish Kuat),Tidak Ideal (< 1:1),Netral / Sideways,Netral / Sepi Berita,Normal / Sedang Transisi,Dekat Support Fibo 38.2%,7,BELI,TIDAK ADA,2026-09-28 11:55:04,⚠️ Anomali (Sudah Terbang)
11:55,PDES,Transaksi Sepi (Skip Broksum),Small Cap (Lapis 3),Fair Value (Wajar),0.0,2.4421475,370.0,382,370,396,-1.06951871657754,6900,Normal,42,Negatif,Downtrend,Bearish,Strong Bearish,Strong Downtrend (5<20<50),Normal,Akumulasi (Naik),Normal,Dominan Jual (Guyur),Squeeze,Rendah,Normal,Dekat Support (Low Risk),< 1 Miliar,Di Bawah VWAP (Lemah),Akumulasi Pro (Smart Money),Gorengan Sepi (< 5M),Sepi (< 50%),Mark-Down (Fase Runtuh),Normal,Normal,Turun 3 Hari Beruntun,TP: 388 | CL: 357,Open = High (Tekanan Jual),Di Area Support,Netral / Sideways,Netral / Sepi Berita,Supply Kering (Siap Pump) 🏜️,Mendekati Fibo Bottom / 100%,1,WAIT & SEE,TIDAK ADA,2026-09-28 11:55:04,Biasa / Mengikuti Pasar
11:55,PEGE,Token Mati (Perlu Update),Small Cap (Lapis 3),Fair Value (Wajar),0.0,2.9037812,140.0,131,115,146,-0.7092198581560284,14824100,Normal,68,Negatif,Uptrend,Bullish,Strong Bullish,Perfect Uptrend (5>20>50),Normal,Akumulasi (Naik),Normal,Seimbang / Adu Mekanik,Normal,Tinggi,Normal,Rawan Pucuk (High Risk),> 1 Miliar,Di Atas VWAP (Kuat),Akumulasi Pro (Smart Money),Gorengan Sepi (< 5M),Normal (50-150%),Mark-Up (Fase Pesta),Spesialis Tiang Jemuran (Banting Pucuk),Normal,Turun 1 Hari Beruntun,TP: 152 | CL: 131,Normal,Tidak Ideal (< 1:1),Death Cross (Awal Bearish),Netral / Sepi Berita,Normal / Sedang Transisi,Mendekati Fibo 38.2%,5,WAIT & SEE,TIDAK ADA,2026-09-28 11:55:04,Biasa / Mengikuti Pasar
11:55,PGAS,Token Mati (Perlu Update),Big Cap (Lapis 1),Overvalued (Mahal),8.021689,12264.957,1430.0,1502,1415,1570,0.0,5480000,Normal,35,Negatif,Downtrend,Bearish,Strong Bearish,Strong Downtrend (5<20<50),Normal,Distribusi (Turun),Normal,Seimbang / Adu Mekanik,Bottom Rebound,Sedang,Normal,Dekat Support (Low Risk),> 1 Miliar,Di Bawah VWAP (Lemah),Distribusi Pro (Guyuran),Ritel Aktif (5M - 50M),Sepi (< 50%),Mark-Down (Fase Runtuh),Normal,Normal,Sideways / Stagnan,TP: 1477 | CL: 1398,Normal,Sangat Menarik (> 1:3),Oversold (Jenuh Jual - Peluang),Netral / Sepi Berita,Supply Kering (Siap Pump) 🏜️,Golden Rebound Fibo 78.6% 🎯,0,WAIT & SEE,TIDAK ADA,2026-09-28 11:55:04,Biasa / Mengikuti Pasar
11:55,PGLI,Transaksi Sepi (Skip Broksum),Small Cap (Lapis 3),Overvalued (Mahal),0.0,7.590698,204.0,210,197,244,-5.555555555555555,216700,Normal,46,Negatif,Downtrend,Bullish,Strong Bullish,Perfect Uptrend (5>20>50),Normal,Akumulasi (Naik),Normal,Dominan Jual (Guyur),Normal,Sedang,Normal,Area Tengah,< 1 Miliar,Di Bawah VWAP (Lemah),Akumulasi Pro (Smart Money),Gorengan Sepi (< 5M),Sepi (< 50%),Distribution (Fase Jualan),Spesialis Tiang Jemuran (Banting Pucuk),Normal,Turun 2 Hari Beruntun,TP: 226 | CL: 189,Open = High (Tekanan Jual),Sangat Menarik (> 1:3),Netral / Sideways,Netral / Sepi Berita,Normal / Sedang Transisi,Dekat Support Fibo 50.0%,3,WAIT & SEE,TIDAK ADA,2026-09-28 11:55:04,Biasa / Mengikuti Pasar
11:55,PICO,Transaksi Sepi (Skip Broksum),Small Cap (Lapis 3),Fair Value (Wajar),0.0,0.4356949,163.0,179,156,214,-1.2121212121212122,452500,Normal,44,Negatif,Downtrend,Bearish,Bearish MACD,Konsolidasi / Transisi,Normal,Distribusi (Turun),Normal,Dominan Beli (Hajar Kanan),Bottom Rebound,Tinggi,Hammer (Potensi Reversal),Area Tengah,< 1 Miliar,Di Bawah VWAP (Lemah),Distribusi Pro (Guyuran),Gorengan Sepi (< 5M),Normal (50-150%),Distribution (Fase Jualan),Normal,Jarum Bawah (Sinyal Pantulan Kuat),Turun 3 Hari Beruntun,TP: 176 | CL: 153,Open = High (Tekanan Jual),Sangat Menarik (> 1:3),Oversold (Jenuh Jual - Peluang),Netral / Sepi Berita,Normal / Sedang Transisi,Golden Rebound Fibo 61.8% (Golden Ratio) 🎯,1,WAIT & SEE,TIDAK ADA,2026-09-28 11:55:04,Biasa / Mengikuti Pasar
11:55,PJAA,Transaksi Sepi (Skip Broksum),Small Cap (Lapis 3),Undervalued (Murah),4.560912,0.40532106,456.0,465,454,484,-0.43668122270742354,103800,Tembus MA20,41,Negatif,Downtrend,Bearish,Strong Bearish,Konsolidasi / Transisi,Normal,Distribusi (Turun),Normal,Dominan Jual (Guyur),Squeeze,Rendah,Normal,Dekat Support (Low Risk),< 1 Miliar,Di Bawah VWAP (Lemah),Distribusi Pro (Guyuran),Gorengan Sepi (< 5M),Normal (50-150%),Distribution (Fase Jualan),Normal,Normal,Turun 2 Hari Beruntun,TP: 471 | CL: 445,Open = High (Tekanan Jual),Sangat Menarik (> 1:3),Oversold (Jenuh Jual - Peluang),Netral / Sepi Berita,Normal / Sedang Transisi,Golden Rebound Fibo 78.6% 🎯,1,WAIT & SEE,TIDAK ADA,2026-09-28 11:55:04,Biasa / Mengikuti Pasar
11:55,PKPK,Token Mati (Perlu Update),Mid Cap (Lapis 2),Overvalued (Mahal),73.695435,21.641195,5900.0,4530,3660,6050,5.829596412556054,2762700,Normal,86,Positif,Uptrend,Bullish,Strong Bullish,Perfect Uptrend (5>20>50),Normal,Akumulasi (Naik),Gap Down (-2.2%),Dominan Beli (Hajar Kanan),Breakout Upper,Tinggi,Marubozu (Strong Bullish),Rawan Pucuk (High Risk),> 1 Miliar,Di Atas VWAP (Kuat),Akumulasi Pro (Smart Money),Ritel Aktif (5M - 50M),Normal (50-150%),Mark-Up (Fase Pesta),Normal,Normal,Naik 4 Hari Beruntun,TP: 6407 | CL: 5561,Normal,Tidak Ideal (< 1:1),Overbought (Jenuh Beli - Rawan),Netral / Sepi Berita,Normal / Sedang Transisi,Mengambang (Jauh dari Fibo),7,BELI,TIDAK ADA,2026-09-28 11:55:04,Biasa / Mengikuti Pasar
11:55,PNBN,Token Mati (Perlu Update),Big Cap (Lapis 1),Undervalued (Murah),7.3529415,0.3768947,835.0,886,835,935,-1.7647058823529411,1658400,Normal,27,Negatif,Downtrend,Bearish,Strong Bearish,Strong Downtrend (5<20<50),Normal,Distribusi (Turun),Normal,Dominan Jual (Guyur),Bottom Rebound,Sedang,Normal,Dekat Support (Low Risk),> 1 Miliar,Di Bawah VWAP (Lemah),Distribusi Pro (Guyuran),Gorengan Sepi (< 5M),Sepi (< 50%),Mark-Down (Fase Runtuh),Normal,Normal,Turun 1 Hari Beruntun,TP: 861 | CL: 817,Open = High (Tekanan Jual),Di Area Support,Oversold (Jenuh Jual - Peluang),Netral / Sepi Berita,Normal / Sedang Transisi,Golden Rebound Fibo Bottom / 100% 🎯,0,WAIT & SEE,TIDAK ADA,2026-09-28 11:55:04,Biasa / Mengikuti Pasar
11:55,PNBS,Token Mati (Perlu Update),Mid Cap (Lapis 2),Fair Value (Wajar),22.279793,0.5546455,43.0,49,43,50,-14.000000000000002,44485200,Tembus MA20,2,Negatif,Downtrend,Death Cross,Strong Bearish,Strong Downtrend (5<20<50),Normal,Distribusi (Turun),Gap Down (-14.0%),Dominan Jual (Guyur),Normal,Sedang,Doji (Ragu-ragu),Dekat Support (Low Risk),> 1 Miliar,Di Bawah VWAP (Lemah),Distribusi Pro (Guyuran),Gorengan Sepi (< 5M),Ledakan Ekstrem (> 300%),Mark-Down (Fase Runtuh),Normal,Normal,Turun 1 Hari Beruntun,TP: 43 | CL: 42,Normal,Di Area Support,Oversold (Jenuh Jual - Peluang),Netral / Sepi Berita,Normal / Sedang Transisi,Golden Rebound Fibo Bottom / 100% 🎯,1,WAIT & SEE,TIDAK ADA,2026-09-28 11:55:04,🔥 ANOMALI BANDAR (Siap Ledakan)
11:55,PNIN,Transaksi Sepi (Skip Broksum),Mid Cap (Lapis 2),Undervalued (Murah),2.6440039,0.12841654,700.0,715,680,750,1.4492753623188406,126700,Normal,42,Positif,Downtrend,Bearish,Strong Bearish,Strong Downtrend (5<20<50),Normal,Distribusi (Turun),Normal,Seimbang / Adu Mekanik,Squeeze,Rendah,Normal,Dekat Support (Low Risk),< 1 Miliar,Persis di VWAP,Akumulasi Pro (Smart Money),Gorengan Sepi (< 5M),Sepi (< 50%),Mark-Down (Fase Runtuh),Normal,Normal,Naik 1 Hari Beruntun,TP: 731 | CL: 678,Normal,Ideal (1:2),Golden Cross (Awal Bullish),Netral / Sepi Berita,Normal / Sedang Transisi,Dekat Support Fibo 78.6%,1,WAIT & SEE,TIDAK ADA,2026-09-28 11:55:04,Biasa / Mengikuti Pasar
11:55,PNLF,Token Mati (Perlu Update),Mid Cap (Lapis 2),Undervalued (Murah),3.6065574,0.2008959,198.0,217,198,232,-1.9801980198019802,19658100,Normal,24,Negatif,Downtrend,Bearish,Strong Bearish,Strong Downtrend (5<20<50),Normal,Distribusi (Turun),Normal,Dominan Jual (Guyur),Bottom Rebound,Tinggi,Normal,Dekat Support (Low Risk),> 1 Miliar,Di Bawah VWAP (Lemah),Distribusi Pro (Guyuran),Gorengan Sepi (< 5M),Sepi (< 50%),Mark-Down (Fase Runtuh),Normal,Normal,Turun 3 Hari Beruntun,TP: 206 | CL: 192,Normal,Di Area Support,Oversold (Jenuh Jual - Peluang),Netral / Sepi Berita,Normal / Sedang Transisi,Golden Rebound Fibo Bottom / 100% 🎯,0,WAIT & SEE,TIDAK ADA,2026-09-28 11:55:04,Biasa / Mengikuti Pasar
11:55,PSAB,Token Mati (Perlu Update),Big Cap (Lapis 1),Overvalued (Mahal),3.930164,32499.998,525.0,543,515,575,-1.8691588785046727,37935000,Normal,47,Negatif,Downtrend,Bearish,Bearish MACD,Konsolidasi / Transisi,Normal,Distribusi (Turun),Normal,Seimbang / Adu Mekanik,Bottom Rebound,Sedang,Normal,Dekat Support (Low Risk),> 1 Miliar,Di Bawah VWAP (Lemah),Distribusi Pro (Guyuran),Ritel Aktif (5M - 50M),Normal (50-150%),Distribution (Fase Jualan),Solid (Jarang Dibanting),Normal,Turun 1 Hari Beruntun,TP: 558 | CL: 502,Open = High (Tekanan Jual),Sangat Menarik (> 1:3),Netral / Sideways,Netral / Sepi Berita,Normal / Sedang Transisi,Dekat Support Fibo 38.2%,0,WAIT & SEE,TIDAK ADA,2026-09-28 11:55:04,Biasa / Mengikuti Pasar
11:55,PSDN,Transaksi Sepi (Skip Broksum),Small Cap (Lapis 3),Overvalued (Mahal),21.507353,3.5929248,117.0,137,107,157,-5.64516129032258,3536000,Normal,36,Negatif,Downtrend,Death Cross,Strong Bearish,Konsolidasi / Transisi,Normal,Distribusi (Turun),Gap Down (-4.8%),Dominan Beli (Hajar Kanan),Normal,Tinggi,Doji (Ragu-ragu),Area Tengah,< 1 Miliar,Di Bawah VWAP (Lemah),Distribusi Pro (Guyuran),Gorengan Sepi (< 5M),Sepi (< 50%),Distribution (Fase Jualan),Spesialis Tiang Jemuran (Banting Pucuk),Jarum Bawah (Sinyal Pantulan Kuat),Turun 2 Hari Beruntun,TP: 132 | CL: 106,Normal,Sangat Menarik (> 1:3),Netral / Sideways,Netral / Sepi Berita,Normal / Sedang Transisi,Mengambang (Jauh dari Fibo),1,WAIT & SEE,TIDAK ADA,2026-09-28 11:55:04,Biasa / Mengikuti Pasar
11:55,PSKT,Token Mati (Perlu Update),Mid Cap (Lapis 2),Overvalued (Mahal),0.0,7.8237057,240.0,240,222,270,-3.225806451612903,8906400,Normal,52,Negatif,Downtrend,Bearish,Bearish MACD,Konsolidasi / Transisi,Normal,Distribusi (Turun),Normal,Seimbang / Adu Mekanik,Normal,Sedang,Normal,Area Tengah,> 1 Miliar,Persis di VWAP,Akumulasi Pro (Smart Money),Gorengan Sepi (< 5M),Normal (50-150%),Distribution (Fase Jualan),Spesialis Tiang Jemuran (Banting Pucuk),Normal,Turun 2 Hari Beruntun,TP: 263 | CL: 224,Normal,Ideal (1:2),Netral / Sideways,Netral / Sepi Berita,Normal / Sedang Transisi,Mendekati Fibo 38.2%,1,WAIT & SEE,TIDAK ADA,2026-09-28 11:55:04,Biasa / Mengikuti Pasar
11:55,PTBA,Token Mati (Perlu Update),Big Cap (Lapis 1),Undervalued (Murah),7.7445984,1.4560697,3190.0,3013,2660,3200,3.2362459546925564,39794300,Normal,74,Positif,Uptrend,Bullish,Bearish MACD,Perfect Uptrend (5>20>50),Normal,Akumulasi (Naik),Normal,Dominan Beli (Hajar Kanan),Normal,Tinggi,Normal,Rawan Pucuk (High Risk),> 1 Miliar,Di Atas VWAP (Kuat),Akumulasi Pro (Smart Money),Sultan (> 50M/hari),Normal (50-150%),Mark-Up (Fase Pesta),Spesialis Tiang Jemuran (Banting Pucuk),Normal,Naik 2 Hari Beruntun,TP: 3348 | CL: 3084,Normal,Tidak Ideal (< 1:1),Netral / Sideways,Netral / Sepi Berita,Normal / Sedang Transisi,Mengambang (Jauh dari Fibo),6,WAIT & SEE,TIDAK ADA,2026-09-28 11:55:04,Biasa / Mengikuti Pasar
11:55,PTIS,Transaksi Sepi (Skip Broksum),Small Cap (Lapis 3),Overvalued (Mahal),0.0,7081.081,262.0,257,242,292,1.550387596899225,42300,Normal,53,Positif,Uptrend,Bearish,Bullish MACD,Strong Downtrend (5<20<50),Normal,Distribusi (Turun),Gap Up (+3.1%),Dominan Jual (Guyur),Squeeze,Rendah,Normal,Area Tengah,< 1 Miliar,Persis di VWAP,Distribusi Pro (Guyuran),Gorengan Sepi (< 5M),Sepi (< 50%),Accumulation (Kumpul Barang),Spesialis Tiang Jemuran (Banting Pucuk),Normal,Naik 1 Hari Beruntun,TP: 289 | CL: 243,Normal,Ideal (1:2),Golden Cross (Awal Bullish),Netral / Sepi Berita,Supply Banjir (Distribusi) 🌊,Dekat Support Fibo 78.6%,5,WAIT & SEE,TIDAK ADA,2026-09-28 11:55:04,Biasa / Mengikuti Pasar
11:55,PTPP,Token Mati (Perlu Update),Mid Cap (Lapis 2),Fair Value (Wajar),0.0,0.32773095,180.0,200,179,222,-4.761904761904762,6037700,Normal,29,Negatif,Downtrend,Bearish,Strong Bearish,Strong Downtrend (5<20<50),Normal,Distribusi (Turun),Normal,Dominan Jual (Guyur),Normal,Tinggi,Normal,Dekat Support (Low Risk),> 1 Miliar,Di Bawah VWAP (Lemah),Distribusi Pro (Guyuran),Gorengan Sepi (< 5M),Normal (50-150%),Mark-Down (Fase Runtuh),Spesialis Tiang Jemuran (Banting Pucuk),Normal,Turun 3 Hari Beruntun,TP: 190 | CL: 173,Open = High (Tekanan Jual),Sangat Menarik (> 1:3),Oversold (Jenuh Jual - Peluang),Netral / Sepi Berita,Normal / Sedang Transisi,Mendekati Fibo Bottom / 100%,0,WAIT & SEE,TIDAK ADA,2026-09-28 11:55:04,Biasa / Mengikuti Pasar
11:55,PTRO,Token Mati (Perlu Update),Big Cap (Lapis 1),Overvalued (Mahal),107.8884,206730.77,5375.0,5348,5025,5850,1.4150943396226416,11426500,Normal,56,Positif,Uptrend,Bullish,Bearish MACD,Perfect Uptrend (5>20>50),Normal,Distribusi (Turun),Normal,Seimbang / Adu Mekanik,Squeeze,Rendah,Normal,Area Tengah,> 1 Miliar,Persis di VWAP,Akumulasi Pro (Smart Money),Sultan (> 50M/hari),Sepi (< 50%),Mark-Up (Fase Pesta),Spesialis Tiang Jemuran (Banting Pucuk),Normal,Naik 1 Hari Beruntun,TP: 5763 | CL: 5116,Normal,Menengah (1:1),Golden Cross (Awal Bullish),Netral / Sepi Berita,Normal / Sedang Transisi,Dekat Support Fibo 23.6%,4,WAIT & SEE,TIDAK ADA,2026-09-28 11:55:04,Biasa / Mengikuti Pasar
11:55,PTSN,Token Mati (Perlu Update),Mid Cap (Lapis 2),Overvalued (Mahal),10.33966,17250.0,414.0,369,292,500,3.5000000000000004,2800400,Normal,60,Positif,Uptrend,Bullish,Bearish MACD,Perfect Uptrend (5>20>50),Normal,Distribusi (Turun),Normal,Dominan Beli (Hajar Kanan),Normal,Tinggi,Normal,Rawan Pucuk (High Risk),> 1 Miliar,Persis di VWAP,Distribusi Pro (Guyuran),Ritel Aktif (5M - 50M),Sepi (< 50%),Mark-Up (Fase Pesta),Normal,Jarum Bawah (Sinyal Pantulan Kuat),Naik 2 Hari Beruntun,TP: 494 | CL: 360,Normal,Tidak Ideal (< 1:1),Netral / Sideways,Netral / Sepi Berita,Normal / Sedang Transisi,Mendekati Fibo 38.2%,5,WAIT & SEE,TIDAK ADA,2026-09-28 11:55:04,Biasa / Mengikuti Pasar
11:55,PTSP,Transaksi Sepi (Skip Broksum),Small Cap (Lapis 3),Undervalued (Murah),9.451946,1.3777342,1180.0,1262,915,1740,-0.8403361344537815,30800,Normal,52,Negatif,Downtrend,Bearish,Bearish MACD,Konsolidasi / Transisi,Normal,Distribusi (Turun),Normal,Dominan Beli (Hajar Kanan),Normal,Tinggi,Doji (Ragu-ragu),Rawan Pucuk (High Risk),< 1 Miliar,Persis di VWAP,Distribusi Pro (Guyuran),Gorengan Sepi (< 5M),Normal (50-150%),Distribution (Fase Jualan),Normal,Jarum Bawah (Sinyal Pantulan Kuat),Turun 1 Hari Beruntun,TP: 1331 | CL: 1078,Normal,Ideal (1:2),Netral / Sideways,Netral / Sepi Berita,Normal / Sedang Transisi,Mengambang (Jauh dari Fibo),2,WAIT & SEE,TIDAK ADA,2026-09-28 11:55:04,Biasa / Mengikuti Pasar
11:55,PUDP,Transaksi Sepi (Skip Broksum),Small Cap (Lapis 3),Fair Value (Wajar),0.0,0.34129602,260.0,271,250,310,-2.2556390977443606,43500,Normal,25,Negatif,Downtrend,Bearish,Strong Bearish,Strong Downtrend (5<20<50),Normal,Distribusi (Turun),Normal,Dominan Beli (Hajar Kanan),Squeeze,Rendah,Hammer (Potensi Reversal),Area Tengah,< 1 Miliar,Di Bawah VWAP (Lemah),Akumulasi Pro (Smart Money),Gorengan Sepi (< 5M),Normal (50-150%),Mark-Down (Fase Runtuh),Normal,Jarum Bawah (Sinyal Pantulan Kuat),Turun 2 Hari Beruntun,TP: 272 | CL: 251,Open = High (Tekanan Jual),Sangat Menarik (> 1:3),Golden Cross (Awal Bullish),Netral / Sepi Berita,Supply Kering (Siap Pump) 🏜️,Mendekati Fibo Bottom / 100%,1,WAIT & SEE,TIDAK ADA,2026-09-28 11:55:04,Biasa / Mengikuti Pasar
11:55,PWON,Token Mati (Perlu Update),Big Cap (Lapis 1),Undervalued (Murah),5.6931767,0.5523499,264.0,271,262,284,-0.7518796992481203,11578600,Normal,45,Negatif,Downtrend,Bearish,Strong Bearish,Konsolidasi / Transisi,Normal,Akumulasi (Naik),Normal,Seimbang / Adu Mekanik,Squeeze,Rendah,Normal,Dekat Support (Low Risk),> 1 Miliar,Di Bawah VWAP (Lemah),Distribusi Pro (Guyuran),Gorengan Sepi (< 5M),Normal (50-150%),Distribution (Fase Jualan),Normal,Normal,Turun 3 Hari Beruntun,TP: 273 | CL: 257,Open = High (Tekanan Jual),Sangat Menarik (> 1:3),Oversold (Jenuh Jual - Peluang),Netral / Sepi Berita,Normal / Sedang Transisi,Golden Rebound Fibo 50.0% 🎯,1,WAIT & SEE,TIDAK ADA,2026-09-28 11:55:04,Biasa / Mengikuti Pasar
11:55,PYFA,Token Mati (Perlu Update),Mid Cap (Lapis 2),Overvalued (Mahal),0.0,3.5146499,214.0,249,204,314,1.9047619047619049,6405000,Normal,40,Positif,Downtrend,Bearish,Strong Bearish,Konsolidasi / Transisi,Normal,Distribusi (Turun),Normal,Dominan Beli (Hajar Kanan),Normal,Tinggi,Normal,Area Tengah,> 1 Miliar,Di Bawah VWAP (Lemah),Distribusi Pro (Guyuran),Gorengan Sepi (< 5M),Sepi (< 50%),Distribution (Fase Jualan),Normal,Normal,Naik 1 Hari Beruntun,TP: 239 | CL: 196,Normal,Sangat Menarik (> 1:3),Oversold (Jenuh Jual - Peluang),Netral / Sepi Berita,Normal / Sedang Transisi,Mengambang (Jauh dari Fibo),2,WAIT & SEE,TIDAK ADA,2026-09-28 11:55:04,Biasa / Mengikuti Pasar
11:55,RAJA,Token Mati (Perlu Update),Big Cap (Lapis 1),Overvalued (Mahal),20.32396,66500.0,665.0,767,645,855,0.0,23321100,Normal,25,Negatif,Downtrend,Bearish,Strong Bearish,Strong Downtrend (5<20<50),Normal,Distribusi (Turun),Gap Down (-2.3%),Seimbang / Adu Mekanik,Bottom Rebound,Tinggi,Normal,Area Tengah,> 1 Miliar,Di Bawah VWAP (Lemah),Distribusi Pro (Guyuran),Ritel Aktif (5M - 50M),Normal (50-150%),Mark-Down (Fase Runtuh),Normal,Normal,Sideways / Stagnan,TP: 720 | CL: 627,Normal,Sangat Menarik (> 1:3),Oversold (Jenuh Jual - Peluang),Netral / Sepi Berita,Normal / Sedang Transisi,Mendekati Fibo Bottom / 100%,0,WAIT & SEE,TIDAK ADA,2026-09-28 11:55:04,Biasa / Mengikuti Pasar
11:55,RALS,Transaksi Sepi (Skip Broksum),Mid Cap (Lapis 2),Undervalued (Murah),9.588353,0.67584664,382.0,386,376,398,0.0,1764200,Normal,42,Negatif,Downtrend,Bearish,Bearish MACD,Konsolidasi / Transisi,Normal,Distribusi (Turun),Normal,Dominan Beli (Hajar Kanan),Squeeze,Rendah,Doji (Ragu-ragu),Dekat Support (Low Risk),< 1 Miliar,Persis di VWAP,Akumulasi Pro (Smart Money),Gorengan Sepi (< 5M),Normal (50-150%),Distribution (Fase Jualan),Normal,Jarum Bawah (Sinyal Pantulan Kuat),Sideways / Stagnan,TP: 392 | CL: 375,Normal,Ideal (1:2),Golden Cross (Awal Bullish),Netral / Sepi Berita,Normal / Sedang Transisi,Golden Rebound Fibo 50.0% 🎯,1,WAIT & SEE,TIDAK ADA,2026-09-28 11:55:04,Biasa / Mengikuti Pasar
11:55,RANC,Transaksi Sepi (Skip Broksum),Small Cap (Lapis 3),Overvalued (Mahal),0.0,3.1518557,545.0,549,515,585,-1.8018018018018018,1500,Normal,51,Negatif,Downtrend,Bullish,Bearish MACD,Perfect Uptrend (5>20>50),Normal,Distribusi (Turun),Gap Up (+2.7%),Dominan Jual (Guyur),Squeeze,Rendah,Normal,Area Tengah,< 1 Miliar,Di Bawah VWAP (Lemah),Distribusi Pro (Guyuran),Gorengan Sepi (< 5M),Sepi (< 50%),Distribution (Fase Jualan),Normal,Normal,Turun 1 Hari Beruntun,TP: 590 | CL: 515,Open = High (Tekanan Jual),Menengah (1:1),Netral / Sideways,Netral / Sepi Berita,Supply Kering (Siap Pump) 🏜️,Golden Rebound Fibo 50.0% 🎯,3,WAIT & SEE,TIDAK ADA,2026-09-28 11:55:04,Biasa / Mengikuti Pasar
11:55,RBMS,Transaksi Sepi (Skip Broksum),Small Cap (Lapis 3),Fair Value (Wajar),0.0,0.22941531,43.0,59,43,65,-14.000000000000002,20666400,Tembus MA20,20,Negatif,Downtrend,Bearish,Strong Bearish,Strong Downtrend (5<20<50),Normal,Distribusi (Turun),Gap Down (-14.0%),Dominan Jual (Guyur),Normal,Tinggi,Doji (Ragu-ragu),Dekat Support (Low Risk),< 1 Miliar,Di Bawah VWAP (Lemah),Distribusi Pro (Guyuran),Gorengan Sepi (< 5M),Normal (50-150%),Mark-Down (Fase Runtuh),Normal,Normal,Turun 3 Hari Beruntun,TP: 48 | CL: 39,Normal,Di Area Support,Oversold (Jenuh Jual - Peluang),Netral / Sepi Berita,Normal / Sedang Transisi,Golden Rebound Fibo Bottom / 100% 🎯,1,WAIT & SEE,TIDAK ADA,2026-09-28 11:55:04,Biasa / Mengikuti Pasar
11:55,RELI,Transaksi Sepi (Skip Broksum),Small Cap (Lapis 3),Overvalued (Mahal),44.650524,1.7644523,520.0,556,500,605,-1.8867924528301887,900,Normal,44,Negatif,Downtrend,Bullish,Bearish MACD,Perfect Uptrend (5>20>50),Normal,Distribusi (Turun),Normal,Seimbang / Adu Mekanik,Bottom Rebound,Sedang,Normal,Area Tengah,< 1 Miliar,Di Bawah VWAP (Lemah),Akumulasi Pro (Smart Money),Gorengan Sepi (< 5M),Sepi (< 50%),Distribution (Fase Jualan),Solid (Jarang Dibanting),Normal,Turun 3 Hari Beruntun,TP: 583 | CL: 477,Open = High (Tekanan Jual),Sangat Menarik (> 1:3),Netral / Sideways,Netral / Sepi Berita,Supply Banjir (Distribusi) 🌊,Dekat Support Fibo 61.8% (Golden Ratio),1,WAIT & SEE,TIDAK ADA,2026-09-28 11:55:04,Biasa / Mengikuti Pasar
11:55,RICY,Transaksi Sepi (Skip Broksum),Small Cap (Lapis 3),Fair Value (Wajar),0.0,0.19920728,68.0,77,64,89,-5.555555555555555,645000,Normal,15,Negatif,Downtrend,Bearish,Strong Bearish,Strong Downtrend (5<20<50),Normal,Distribusi (Turun),Gap Up (+4.2%),Dominan Jual (Guyur),Normal,Tinggi,Normal,Area Tengah,< 1 Miliar,Di Bawah VWAP (Lemah),Distribusi Pro (Guyuran),Gorengan Sepi (< 5M),Sepi (< 50%),Mark-Down (Fase Runtuh),Spesialis Tiang Jemuran (Banting Pucuk),Normal,Turun 6 Hari Beruntun,TP: 75 | CL: 63,Open = High (Tekanan Jual),Sangat Menarik (> 1:3),Oversold (Jenuh Jual - Peluang),Netral / Sepi Berita,Normal / Sedang Transisi,Mengambang (Jauh dari Fibo),1,WAIT & SEE,TIDAK ADA,2026-09-28 11:55:04,Biasa / Mengikuti Pasar
11:55,RIGS,Transaksi Sepi (Skip Broksum),Small Cap (Lapis 3),Overvalued (Mahal),4.405131,8561.644,625.0,663,580,790,0.0,12400,Normal,39,Negatif,Downtrend,Bearish,Strong Bearish,Strong Downtrend (5<20<50),Normal,Akumulasi (Naik),Normal,Dominan Beli (Hajar Kanan),Normal,Tinggi,Normal,Area Tengah,< 1 Miliar,Di Atas VWAP (Kuat),Akumulasi Pro (Smart Money),Gorengan Sepi (< 5M),Sepi (< 50%),Mark-Down (Fase Runtuh),Normal,Normal,Sideways / Stagnan,TP: 674 | CL: 591,Normal,Sangat Menarik (> 1:3),Golden Cross (Awal Bullish),Netral / Sepi Berita,Normal / Sedang Transisi,Dekat Support Fibo 78.6%,2,WAIT & SEE,TIDAK ADA,2026-09-28 11:55:04,Biasa / Mengikuti Pasar
11:55,RODA,Transaksi Sepi (Skip Broksum),Small Cap (Lapis 3),Fair Value (Wajar),0.0,0.32887286,45.0,61,45,74,-13.461538461538462,8222900,Normal,27,Negatif,Downtrend,Bearish,Strong Bearish,Strong Downtrend (5<20<50),Normal,Akumulasi (Naik),Gap Down (-11.5%),Dominan Jual (Guyur),Normal,Tinggi,Normal,Dekat Support (Low Risk),< 1 Miliar,Di Bawah VWAP (Lemah),Distribusi Pro (Guyuran),Gorengan Sepi (< 5M),Sepi (< 50%),Mark-Down (Fase Runtuh),Spesialis Tiang Jemuran (Banting Pucuk),Normal,Turun 2 Hari Beruntun,TP: 53 | CL: 39,Open = High (Tekanan Jual),Di Area Support,Oversold (Jenuh Jual - Peluang),Netral / Sepi Berita,Supply Banjir (Distribusi) 🌊,Golden Rebound Fibo Bottom / 100% 🎯,1,WAIT & SEE,TIDAK ADA,2026-09-28 11:55:04,Biasa / Mengikuti Pasar
11:55,ROTI,Transaksi Sepi (Skip Broksum),Mid Cap (Lapis 2),Fair Value (Wajar),17.302572,2.061725,585.0,584,580,595,0.8620689655172413,152100,Normal,50,Positif,Uptrend,Bearish,Bullish MACD,Strong Downtrend (5<20<50),Normal,Distribusi (Turun),Normal,Dominan Beli (Hajar Kanan),Squeeze,Rendah,Marubozu (Strong Bullish),Dekat Support (Low Risk),< 1 Miliar,Persis di VWAP,Distribusi Pro (Guyuran),Gorengan Sepi (< 5M),Sepi (< 50%),Accumulation (Kumpul Barang),Spesialis Tiang Jemuran (Banting Pucuk),Normal,Naik 1 Hari Beruntun,TP: 595 | CL: 578,Open = Low (Bullish Kuat),Ideal (1:2),Golden Cross (Awal Bullish),Netral / Sepi Berita,Normal / Sedang Transisi,Dekat Support Fibo Bottom / 100%,4,WAIT & SEE,TIDAK ADA,2026-09-28 11:55:04,Biasa / Mengikuti Pasar
11:55,RUIS,Transaksi Sepi (Skip Broksum),Small Cap (Lapis 3),Undervalued (Murah),10.880829,0.25769293,189.0,204,189,224,-3.571428571428571,331100,Normal,32,Negatif,Downtrend,Bearish,Strong Bearish,Strong Downtrend (5<20<50),Normal,Distribusi (Turun),Normal,Dominan Jual (Guyur),Normal,Sedang,Normal,Dekat Support (Low Risk),< 1 Miliar,Di Bawah VWAP (Lemah),Distribusi Pro (Guyuran),Gorengan Sepi (< 5M),Normal (50-150%),Mark-Down (Fase Runtuh),Spesialis Tiang Jemuran (Banting Pucuk),Normal,Turun 2 Hari Beruntun,TP: 201 | CL: 180,Open = High (Tekanan Jual),Di Area Support,Oversold (Jenuh Jual - Peluang),Netral / Sepi Berita,Supply Kering (Siap Pump) 🏜️,Golden Rebound Fibo 61.8% (Golden Ratio) 🎯,0,WAIT & SEE,TIDAK ADA,2026-09-28 11:55:04,Biasa / Mengikuti Pasar
11:55,SAFE,Transaksi Sepi (Skip Broksum),Small Cap (Lapis 3),Overvalued (Mahal),10.251006,5.655391,535.0,885,535,1275,-14.399999999999999,156100,Normal,34,Negatif,Downtrend,Bearish,Bearish MACD,Konsolidasi / Transisi,Normal,Distribusi (Turun),Gap Down (-8.8%),Dominan Jual (Guyur),Normal,Tinggi,Normal,Dekat Support (Low Risk),< 1 Miliar,Di Bawah VWAP (Lemah),Distribusi Pro (Guyuran),Gorengan Sepi (< 5M),Sepi (< 50%),Distribution (Fase Jualan),Normal,Normal,Turun 5 Hari Beruntun,TP: 668 | CL: 446,Open = High (Tekanan Jual),Di Area Support,Oversold (Jenuh Jual - Peluang),Netral / Sepi Berita,Supply Banjir (Distribusi) 🌊,Mengambang (Jauh dari Fibo),0,WAIT & SEE,TIDAK ADA,2026-09-28 11:55:04,Biasa / Mengikuti Pasar
11:55,SAME,Transaksi Sepi (Skip Broksum),Mid Cap (Lapis 2),Overvalued (Mahal),228.57143,1.2920302,288.0,303,286,338,-1.36986301369863,144600,Normal,38,Negatif,Downtrend,Bearish,Strong Bearish,Konsolidasi / Transisi,Normal,Distribusi (Turun),Normal,Dominan Jual (Guyur),Normal,Tinggi,Normal,Dekat Support (Low Risk),< 1 Miliar,Di Bawah VWAP (Lemah),Distribusi Pro (Guyuran),Gorengan Sepi (< 5M),Sepi (< 50%),Distribution (Fase Jualan),Spesialis Tiang Jemuran (Banting Pucuk),Normal,Turun 1 Hari Beruntun,TP: 306 | CL: 275,Normal,Sangat Menarik (> 1:3),Oversold (Jenuh Jual - Peluang),Netral / Sepi Berita,Normal / Sedang Transisi,Golden Rebound Fibo Bottom / 100% 🎯,0,WAIT & SEE,TIDAK ADA,2026-09-28 11:55:04,Biasa / Mengikuti Pasar
11:55,SCCO,Transaksi Sepi (Skip Broksum),Mid Cap (Lapis 2),Undervalued (Murah),6.259781,0.36699152,2560.0,2607,2340,3290,-1.1583011583011582,24300,Normal,50,Negatif,Downtrend,Death Cross,Bearish MACD,Konsolidasi / Transisi,Normal,Distribusi (Turun),Normal,Dominan Beli (Hajar Kanan),Normal,Tinggi,Doji (Ragu-ragu),Area Tengah,< 1 Miliar,Di Bawah VWAP (Lemah),Distribusi Pro (Guyuran),Gorengan Sepi (< 5M),Sepi (< 50%),Distribution (Fase Jualan),Spesialis Tiang Jemuran (Banting Pucuk),Jarum Bawah (Sinyal Pantulan Kuat),Turun 1 Hari Beruntun,TP: 2867 | CL: 2355,Normal,Sangat Menarik (> 1:3),Oversold (Jenuh Jual - Peluang),Netral / Sepi Berita,Normal / Sedang Transisi,Mengambang (Jauh dari Fibo),1,WAIT & SEE,TIDAK ADA,2026-09-28 11:55:04,Biasa / Mengikuti Pasar
11:55,SCMA,Token Mati (Perlu Update),Big Cap (Lapis 1),Fair Value (Wajar),11.003861,1.7196645,172.0,192,167,210,0.5847953216374269,21346200,Normal,26,Positif,Downtrend,Bearish,Strong Bearish,Strong Downtrend (5<20<50),Normal,Distribusi (Turun),Normal,Dominan Beli (Hajar Kanan),Normal,Tinggi,Normal,Dekat Support (Low Risk),> 1 Miliar,Di Bawah VWAP (Lemah),Distribusi Pro (Guyuran),Ritel Aktif (5M - 50M),Sepi (< 50%),Mark-Down (Fase Runtuh),Normal,Normal,Naik 1 Hari Beruntun,TP: 181 | CL: 165,Normal,Sangat Menarik (> 1:3),Oversold (Jenuh Jual - Peluang),Netral / Sepi Berita,Normal / Sedang Transisi,Mendekati Fibo Bottom / 100%,2,WAIT & SEE,TIDAK ADA,2026-09-28 11:55:04,Biasa / Mengikuti Pasar
11:55,SDMU,Token Mati (Perlu Update),Small Cap (Lapis 3),Fair Value (Wajar),0.0,1.8457211,64.0,87,60,116,-5.88235294117647,38608500,Normal,25,Negatif,Downtrend,Bearish,Strong Bearish,Konsolidasi / Transisi,Normal,Distribusi (Turun),Normal,Seimbang / Adu Mekanik,Normal,Tinggi,Normal,Area Tengah,> 1 Miliar,Di Bawah VWAP (Lemah),Distribusi Pro (Guyuran),Ritel Aktif (5M - 50M),Sepi (< 50%),Distribution (Fase Jualan),Spesialis Tiang Jemuran (Banting Pucuk),Normal,Turun 3 Hari Beruntun,TP: 76 | CL: 55,Open = High (Tekanan Jual),Sangat Menarik (> 1:3),Oversold (Jenuh Jual - Peluang),Netral / Sepi Berita,Supply Banjir (Distribusi) 🌊,Mengambang (Jauh dari Fibo),0,WAIT & SEE,TIDAK ADA,2026-09-28 11:55:04,Biasa / Mengikuti Pasar
11:55,SDPC,Transaksi Sepi (Skip Broksum),Small Cap (Lapis 3),Undervalued (Murah),5.9240975,0.7386291,192.0,196,188,214,0.5235602094240838,370300,Normal,47,Positif,Downtrend,Bearish,Bearish MACD,Konsolidasi / Transisi,Normal,Distribusi (Turun),Normal,Seimbang / Adu Mekanik,Squeeze,Rendah,Doji (Ragu-ragu),Dekat Support (Low Risk),< 1 Miliar,Persis di VWAP,Distribusi Pro (Guyuran),Gorengan Sepi (< 5M),Normal (50-150%),Distribution (Fase Jualan),Spesialis Tiang Jemuran (Banting Pucuk),Normal,Naik 1 Hari Beruntun,TP: 202 | CL: 184,Normal,Sangat Menarik (> 1:3),Golden Cross (Awal Bullish),Netral / Sepi Berita,Normal / Sedang Transisi,Mendekati Fibo 78.6%,1,WAIT & SEE,TIDAK ADA,2026-09-28 11:55:04,Biasa / Mengikuti Pasar
11:55,SDRA,Transaksi Sepi (Skip Broksum),Mid Cap (Lapis 2),Fair Value (Wajar),0.0,0.2689026,204.0,214,202,228,-0.9708737864077669,524600,Normal,29,Negatif,Downtrend,Bearish,Strong Bearish,Strong Downtrend (5<20<50),Normal,Distribusi (Turun),Normal,Seimbang / Adu Mekanik,Bottom Rebound,Sedang,Normal,Dekat Support (Low Risk),< 1 Miliar,Persis di VWAP,Akumulasi Pro (Smart Money),Gorengan Sepi (< 5M),Normal (50-150%),Mark-Down (Fase Runtuh),Normal,Normal,Turun 1 Hari Beruntun,TP: 211 | CL: 198,Open = High (Tekanan Jual),Sangat Menarik (> 1:3),Oversold (Jenuh Jual - Peluang),Netral / Sepi Berita,Normal / Sedang Transisi,Golden Rebound Fibo Bottom / 100% 🎯,0,WAIT & SEE,TIDAK ADA,2026-09-28 11:55:04,Biasa / Mengikuti Pasar
11:55,SGRO,Transaksi Sepi (Skip Broksum),Mid Cap (Lapis 2),Fair Value (Wajar),16.075018,1.5327144,4320.0,4745,4100,5075,-2.262443438914027,500,Normal,34,Negatif,Downtrend,Bearish,Strong Bearish,Konsolidasi / Transisi,Normal,Distribusi (Turun),Gap Down (-2.0%),Dominan Jual (Guyur),Normal,Tinggi,Normal,Area Tengah,< 1 Miliar,Di Bawah VWAP (Lemah),Akumulasi Pro (Smart Money),Gorengan Sepi (< 5M),Sepi (< 50%),Distribution (Fase Jualan),Solid (Jarang Dibanting),Normal,Turun 2 Hari Beruntun,TP: 4599 | CL: 4133,Open = High (Tekanan Jual),Sangat Menarik (> 1:3),Netral / Sideways,Netral / Sepi Berita,Normal / Sedang Transisi,Mengambang (Jauh dari Fibo),0,WAIT & SEE,TIDAK ADA,2026-09-28 11:55:04,Biasa / Mengikuti Pasar
11:55,SHID,Transaksi Sepi (Skip Broksum),Small Cap (Lapis 3),Fair Value (Wajar),0.0,1.2184335,770.0,731,480,1050,-14.917127071823206,842100,Tembus MA20,55,Negatif,Uptrend,Bullish,Strong Bullish,Perfect Uptrend (5>20>50),Distribusi Kuat,Distribusi (Turun),Gap Up (+10.5%),Dominan Jual (Guyur),Normal,Tinggi,Normal,Rawan Pucuk (High Risk),< 1 Miliar,Di Bawah VWAP (Lemah),Akumulasi Pro (Smart Money),Gorengan Sepi (< 5M),Ledakan Ekstrem (> 300%),Mark-Up (Fase Pesta),Spesialis Tiang Jemuran (Banting Pucuk),Normal,Turun 1 Hari Beruntun,TP: 936 | CL: 658,Normal,Tidak Ideal (< 1:1),Netral / Sideways,Netral / Sepi Berita,Normal / Sedang Transisi,Dekat Support Fibo 50.0%,6,WAIT & SEE,TIDAK ADA,2026-09-28 11:55:04,Biasa / Mengikuti Pasar
11:55,SIDO,Token Mati (Perlu Update),Big Cap (Lapis 1),Overvalued (Mahal),10.7394905,3.4396346,350.0,352,346,360,0.0,11535900,Normal,45,Negatif,Downtrend,Bearish,Bullish MACD,Strong Downtrend (5<20<50),Normal,Distribusi (Turun),Normal,Seimbang / Adu Mekanik,Squeeze,Rendah,Doji (Ragu-ragu),Dekat Support (Low Risk),> 1 Miliar,Persis di VWAP,Distribusi Pro (Guyuran),Gorengan Sepi (< 5M),Normal (50-150%),Mark-Down (Fase Runtuh),Normal,Normal,Sideways / Stagnan,TP: 358 | CL: 344,Normal,Ideal (1:2),Netral / Sideways,Netral / Sepi Berita,Normal / Sedang Transisi,Dekat Support Fibo Bottom / 100%,1,WAIT & SEE,TIDAK ADA,2026-09-28 11:55:04,Biasa / Mengikuti Pasar
11:55,SILO,Token Mati (Perlu Update),Big Cap (Lapis 1),Fair Value (Wajar),20.765429,2.4949722,1975.0,2065,1925,2350,1.5424164524421593,603000,Normal,39,Positif,Downtrend,Bearish,Strong Bearish,Strong Downtrend (5<20<50),Normal,Akumulasi (Naik),Normal,Seimbang / Adu Mekanik,Normal,Tinggi,Normal,Dekat Support (Low Risk),> 1 Miliar,Di Bawah VWAP (Lemah),Akumulasi Pro (Smart Money),Gorengan Sepi (< 5M),Sepi (< 50%),Mark-Down (Fase Runtuh),Spesialis Tiang Jemuran (Banting Pucuk),Normal,Naik 1 Hari Beruntun,TP: 2078 | CL: 1905,Open = Low (Bullish Kuat),Sangat Menarik (> 1:3),Oversold (Jenuh Jual - Peluang),Netral / Sepi Berita,Normal / Sedang Transisi,Mendekati Fibo Bottom / 100%,2,WAIT & SEE,TIDAK ADA,2026-09-28 11:55:04,Biasa / Mengikuti Pasar
11:55,SIMP,Token Mati (Perlu Update),Mid Cap (Lapis 2),Undervalued (Murah),4.1068497,0.42622584,570.0,618,565,665,-0.8695652173913043,6009500,Normal,35,Negatif,Downtrend,Bearish,Strong Bearish,Konsolidasi / Transisi,Normal,Distribusi (Turun),Normal,Seimbang / Adu Mekanik,Normal,Sedang,Normal,Dekat Support (Low Risk),> 1 Miliar,Di Bawah VWAP (Lemah),Distribusi Pro (Guyuran),Ritel Aktif (5M - 50M),Normal (50-150%),Distribution (Fase Jualan),Normal,Normal,Turun 2 Hari Beruntun,TP: 602 | CL: 548,Normal,Sangat Menarik (> 1:3),Oversold (Jenuh Jual - Peluang),Netral / Sepi Berita,Normal / Sedang Transisi,Golden Rebound Fibo 61.8% (Golden Ratio) 🎯,0,WAIT & SEE,TIDAK ADA,2026-09-28 11:55:04,Biasa / Mengikuti Pasar
11:55,SIPD,Transaksi Sepi (Skip Broksum),Mid Cap (Lapis 2),Fair Value (Wajar),0.0,1.2589779,810.0,900,760,985,-4.142011834319527,9700,Normal,40,Negatif,Downtrend,Bearish,Bearish MACD,Konsolidasi / Transisi,Normal,Distribusi (Turun),Gap Down (-4.7%),Dominan Beli (Hajar Kanan),Normal,Tinggi,Doji (Ragu-ragu),Area Tengah,< 1 Miliar,Di Bawah VWAP (Lemah),Akumulasi Pro (Smart Money),Gorengan Sepi (< 5M),Sepi (< 50%),Distribution (Fase Jualan),Solid (Jarang Dibanting),Jarum Bawah (Sinyal Pantulan Kuat),Turun 1 Hari Beruntun,TP: 897 | CL: 751,Normal,Sangat Menarik (> 1:3),Netral / Sideways,Netral / Sepi Berita,Normal / Sedang Transisi,Mendekati Fibo 61.8% (Golden Ratio),1,WAIT & SEE,TIDAK ADA,2026-09-28 11:55:04,Biasa / Mengikuti Pasar
11:55,SKBM,Transaksi Sepi (Skip Broksum),Small Cap (Lapis 3),Undervalued (Murah),6.4028687,0.8337349,500.0,536,494,580,0.4016064257028112,35400,Normal,33,Positif,Downtrend,Bearish,Strong Bearish,Strong Downtrend (5<20<50),Normal,Distribusi (Turun),Normal,Dominan Beli (Hajar Kanan),Normal,Sedang,Normal,Dekat Support (Low Risk),< 1 Miliar,Di Bawah VWAP (Lemah),Distribusi Pro (Guyuran),Gorengan Sepi (< 5M),Sepi (< 50%),Mark-Down (Fase Runtuh),Spesialis Tiang Jemuran (Banting Pucuk),Normal,Naik 1 Hari Beruntun,TP: 528 | CL: 481,Normal,Sangat Menarik (> 1:3),Oversold (Jenuh Jual - Peluang),Netral / Sepi Berita,Normal / Sedang Transisi,Golden Rebound Fibo 78.6% 🎯,2,WAIT & SEE,TIDAK ADA,2026-09-28 11:55:04,Biasa / Mengikuti Pasar
11:55,SKLT,Transaksi Sepi (Skip Broksum),Mid Cap (Lapis 2),Fair Value (Wajar),10.938368,1.5963309,197.0,210,194,240,0.0,14400,Normal,32,Negatif,Downtrend,Bearish,Strong Bearish,Konsolidasi / Transisi,Normal,Distribusi (Turun),Normal,Seimbang / Adu Mekanik,Normal,Sedang,Normal,Dekat Support (Low Risk),< 1 Miliar,Di Bawah VWAP (Lemah),Distribusi Pro (Guyuran),Gorengan Sepi (< 5M),Sepi (< 50%),Distribution (Fase Jualan),Normal,Normal,Sideways / Stagnan,TP: 210 | CL: 188,Open = Low (Bullish Kuat),Sangat Menarik (> 1:3),Oversold (Jenuh Jual - Peluang),Netral / Sepi Berita,Normal / Sedang Transisi,Golden Rebound Fibo 61.8% (Golden Ratio) 🎯,0,WAIT & SEE,TIDAK ADA,2026-09-28 11:55:04,Biasa / Mengikuti Pasar
11:55,SMAR,Transaksi Sepi (Skip Broksum),Big Cap (Lapis 1),Undervalued (Murah),4.2509274,0.7234185,6075.0,6387,5800,6975,-2.0161290322580645,18500,Normal,47,Negatif,Downtrend,Bearish,Bearish MACD,Konsolidasi / Transisi,Normal,Distribusi (Turun),Normal,Dominan Jual (Guyur),Normal,Tinggi,Normal,Area Tengah,< 1 Miliar,Di Bawah VWAP (Lemah),Distribusi Pro (Guyuran),Gorengan Sepi (< 5M),Sepi (< 50%),Distribution (Fase Jualan),Normal,Normal,Turun 3 Hari Beruntun,TP: 6519 | CL: 5778,Open = High (Tekanan Jual),Sangat Menarik (> 1:3),Netral / Sideways,Netral / Sepi Berita,Normal / Sedang Transisi,Dekat Support Fibo 38.2%,0,WAIT & SEE,TIDAK ADA,2026-09-28 11:55:04,Biasa / Mengikuti Pasar
11:55,SMBR,Transaksi Sepi (Skip Broksum),Mid Cap (Lapis 2),Undervalued (Murah),13.636364,0.43811992,150.0,172,148,208,-2.5974025974025974,3053800,Normal,33,Negatif,Downtrend,Bearish,Strong Bearish,Konsolidasi / Transisi,Normal,Distribusi (Turun),Normal,Dominan Jual (Guyur),Normal,Tinggi,Normal,Dekat Support (Low Risk),< 1 Miliar,Di Bawah VWAP (Lemah),Distribusi Pro (Guyuran),Gorengan Sepi (< 5M),Sepi (< 50%),Distribution (Fase Jualan),Spesialis Tiang Jemuran (Banting Pucuk),Normal,Turun 3 Hari Beruntun,TP: 162 | CL: 141,Normal,Sangat Menarik (> 1:3),Oversold (Jenuh Jual - Peluang),Netral / Sepi Berita,Normal / Sedang Transisi,Mengambang (Jauh dari Fibo),0,WAIT & SEE,TIDAK ADA,2026-09-28 11:55:04,Biasa / Mengikuti Pasar
11:55,SMDM,Transaksi Sepi (Skip Broksum),Mid Cap (Lapis 2),Overvalued (Mahal),127.225136,0.9925133,486.0,538,486,575,-2.0161290322580645,30600,Normal,28,Negatif,Downtrend,Bearish,Strong Bearish,Strong Downtrend (5<20<50),Normal,Distribusi (Turun),Normal,Dominan Jual (Guyur),Normal,Sedang,Normal,Dekat Support (Low Risk),< 1 Miliar,Di Bawah VWAP (Lemah),Distribusi Pro (Guyuran),Gorengan Sepi (< 5M),Normal (50-150%),Mark-Down (Fase Runtuh),Normal,Normal,Turun 3 Hari Beruntun,TP: 526 | CL: 459,Normal,Di Area Support,Oversold (Jenuh Jual - Peluang),Netral / Sepi Berita,Normal / Sedang Transisi,Golden Rebound Fibo Bottom / 100% 🎯,0,WAIT & SEE,TIDAK ADA,2026-09-28 11:55:04,Biasa / Mengikuti Pasar
11:55,SMDR,Token Mati (Perlu Update),Mid Cap (Lapis 2),Overvalued (Mahal),7.118897,11235.294,380.0,378,314,414,-3.061224489795918,28438300,Normal,58,Negatif,Uptrend,Bullish,Bearish MACD,Perfect Uptrend (5>20>50),Normal,Distribusi (Turun),Normal,Dominan Jual (Guyur),Normal,Tinggi,Normal,Rawan Pucuk (High Risk),> 1 Miliar,Di Bawah VWAP (Lemah),Distribusi Pro (Guyuran),Ritel Aktif (5M - 50M),Normal (50-150%),Mark-Up (Fase Pesta),Normal,Normal,Turun 2 Hari Beruntun,TP: 407 | CL: 361,Open = High (Tekanan Jual),Tidak Ideal (< 1:1),Netral / Sideways,Netral / Sepi Berita,Normal / Sedang Transisi,Dekat Support Fibo 23.6%,3,WAIT & SEE,TIDAK ADA,2026-09-28 11:55:04,Biasa / Mengikuti Pasar
11:55,SMGR,Token Mati (Perlu Update),Big Cap (Lapis 1),Overvalued (Mahal),27.534418,0.2381949,1540.0,1655,1525,1840,-2.5316455696202533,6770500,Normal,43,Negatif,Downtrend,Bearish,Strong Bearish,Konsolidasi / Transisi,Normal,Akumulasi (Naik),Normal,Dominan Jual (Guyur),Normal,Tinggi,Normal,Dekat Support (Low Risk),> 1 Miliar,Di Bawah VWAP (Lemah),Distribusi Pro (Guyuran),Ritel Aktif (5M - 50M),Sepi (< 50%),Distribution (Fase Jualan),Spesialis Tiang Jemuran (Banting Pucuk),Normal,Turun 1 Hari Beruntun,TP: 1630 | CL: 1479,Normal,Sangat Menarik (> 1:3),Oversold (Jenuh Jual - Peluang),Netral / Sepi Berita,Normal / Sedang Transisi,Mendekati Fibo 78.6%,1,WAIT & SEE,TIDAK ADA,2026-09-28 11:55:04,Biasa / Mengikuti Pasar
11:55,SMMA,Transaksi Sepi (Skip Broksum),Big Cap (Lapis 1),Overvalued (Mahal),41.370663,4.786713,19800.0,19987,19000,21150,-1.1235955056179776,100,Normal,40,Negatif,Downtrend,Death Cross,Bullish MACD,Strong Downtrend (5<20<50),Normal,Akumulasi (Naik),Normal,Tidak Ada Transaksi,Squeeze,Rendah,Doji (Ragu-ragu),Area Tengah,< 1 Miliar,Persis di VWAP,Akumulasi Pro (Smart Money),Gorengan Sepi (< 5M),Sepi (< 50%),Mark-Down (Fase Runtuh),Normal,Normal,Turun 1 Hari Beruntun,TP: 20196 | CL: 19535,Normal,Ideal (1:2),Death Cross (Awal Bearish),Netral / Sepi Berita,Supply Kering (Siap Pump) 🏜️,Golden Rebound Fibo 61.8% (Golden Ratio) 🎯,2,WAIT & SEE,TIDAK ADA,2026-09-28 11:55:04,Biasa / Mengikuti Pasar
11:55,SMMT,Token Mati (Perlu Update),Big Cap (Lapis 1),Overvalued (Mahal),146.75926,288181.8,3170.0,2740,1960,3260,1.2779552715654952,477800,Normal,75,Positif,Uptrend,Bullish,Strong Bullish,Perfect Uptrend (5>20>50),Normal,Distribusi (Turun),Normal,Seimbang / Adu Mekanik,Normal,Tinggi,Normal,Rawan Pucuk (High Risk),> 1 Miliar,Di Atas VWAP (Kuat),Akumulasi Pro (Smart Money),Gorengan Sepi (< 5M),Sepi (< 50%),Mark-Up (Fase Pesta),Normal,Normal,Naik 1 Hari Beruntun,TP: 3461 | CL: 2975,Normal,Tidak Ideal (< 1:1),Overbought (Jenuh Beli - Rawan),Netral / Sepi Berita,Normal / Sedang Transisi,Mengambang (Jauh dari Fibo),5,WAIT & SEE,TIDAK ADA,2026-09-28 11:55:04,Biasa / Mengikuti Pasar
11:55,SMRA,Token Mati (Perlu Update),Mid Cap (Lapis 2),Undervalued (Murah),6.9864154,0.34978282,250.0,300,250,342,-1.574803149606299,15873600,Normal,23,Negatif,Downtrend,Bearish,Strong Bearish,Strong Downtrend (5<20<50),Normal,Distribusi (Turun),Normal,Dominan Jual (Guyur),Normal,Tinggi,Normal,Dekat Support (Low Risk),> 1 Miliar,Di Bawah VWAP (Lemah),Distribusi Pro (Guyuran),Ritel Aktif (5M - 50M),Sepi (< 50%),Mark-Down (Fase Runtuh),Spesialis Tiang Jemuran (Banting Pucuk),Normal,Turun 3 Hari Beruntun,TP: 271 | CL: 236,Open = High (Tekanan Jual),Di Area Support,Oversold (Jenuh Jual - Peluang),Netral / Sepi Berita,Normal / Sedang Transisi,Golden Rebound Fibo Bottom / 100% 🎯,0,WAIT & SEE,TIDAK ADA,2026-09-28 11:55:04,Biasa / Mengikuti Pasar
11:55,SMSM,Token Mati (Perlu Update),Mid Cap (Lapis 2),Fair Value (Wajar),8.417086,2.406229,1680.0,1719,1665,1780,-0.2967359050445104,1142000,Normal,39,Negatif,Downtrend,Bearish,Strong Bearish,Strong Downtrend (5<20<50),Normal,Distribusi (Turun),Normal,Dominan Beli (Hajar Kanan),Squeeze,Rendah,Doji (Ragu-ragu),Dekat Support (Low Risk),> 1 Miliar,Persis di VWAP,Distribusi Pro (Guyuran),Gorengan Sepi (< 5M),Normal (50-150%),Mark-Down (Fase Runtuh),Normal,Jarum Bawah (Sinyal Pantulan Kuat),Turun 1 Hari Beruntun,TP: 1713 | CL: 1657,Normal,Sangat Menarik (> 1:3),Oversold (Jenuh Jual - Peluang),Netral / Sepi Berita,Normal / Sedang Transisi,Golden Rebound Fibo 50.0% 🎯,1,WAIT & SEE,TIDAK ADA,2026-09-28 11:55:04,Biasa / Mengikuti Pasar
11:55,SOCI,Token Mati (Perlu Update),Mid Cap (Lapis 2),Overvalued (Mahal),12.026851,10750.0,645.0,640,565,730,-0.7692307692307693,5763400,Normal,58,Negatif,Uptrend,Bullish,Bearish MACD,Perfect Uptrend (5>20>50),Normal,Distribusi (Turun),Normal,Seimbang / Adu Mekanik,Normal,Tinggi,Normal,Rawan Pucuk (High Risk),> 1 Miliar,Di Bawah VWAP (Lemah),Distribusi Pro (Guyuran),Ritel Aktif (5M - 50M),Sepi (< 50%),Mark-Up (Fase Pesta),Spesialis Tiang Jemuran (Banting Pucuk),Normal,Turun 3 Hari Beruntun,TP: 718 | CL: 596,Normal,Menengah (1:1),Netral / Sideways,Netral / Sepi Berita,Normal / Sedang Transisi,Mendekati Fibo 23.6%,3,WAIT & SEE,TIDAK ADA,2026-09-28 11:55:04,Biasa / Mengikuti Pasar
11:55,SONA,Transaksi Sepi (Skip Broksum),Mid Cap (Lapis 2),Fair Value (Wajar),20.541807,2.7138822,2980.0,2399,2140,2980,24.686192468619247,248000,Tembus MA20,69,Positif,Uptrend,Bullish,Strong Bullish,Awal Reversal (5>20),Akumulasi Kuat,Akumulasi (Naik),Gap Up (+3.8%),Dominan Beli (Hajar Kanan),Breakout Upper,Tinggi,Marubozu (Strong Bullish),Rawan Pucuk (High Risk),< 1 Miliar,Di Atas VWAP (Kuat),Akumulasi Pro (Smart Money),Gorengan Sepi (< 5M),Ledakan Ekstrem (> 300%),Accumulation (Kumpul Barang),Solid (Jarang Dibanting),Normal,Naik 1 Hari Beruntun,TP: 3170 | CL: 2852,Normal,Tidak Ideal (< 1:1),Netral / Sideways,Netral / Sepi Berita,Normal / Sedang Transisi,Mendekati Fibo 38.2%,10,BELI,TIDAK ADA,2026-09-28 11:55:04,⚠️ Anomali (Sudah Terbang)
11:55,SPMA,Transaksi Sepi (Skip Broksum),Small Cap (Lapis 3),Undervalued (Murah),9.515367,0.3396947,161.0,169,160,177,-2.4242424242424243,442100,Normal,33,Negatif,Downtrend,Bearish,Strong Bearish,Konsolidasi / Transisi,Normal,Distribusi (Turun),Normal,Dominan Jual (Guyur),Squeeze,Rendah,Normal,Dekat Support (Low Risk),< 1 Miliar,Di Bawah VWAP (Lemah),Distribusi Pro (Guyuran),Gorengan Sepi (< 5M),Normal (50-150%),Distribution (Fase Jualan),Spesialis Tiang Jemuran (Banting Pucuk),Normal,Turun 2 Hari Beruntun,TP: 167 | CL: 156,Normal,Sangat Menarik (> 1:3),Oversold (Jenuh Jual - Peluang),Netral / Sepi Berita,Normal / Sedang Transisi,Golden Rebound Fibo 78.6% 🎯,0,WAIT & SEE,TIDAK ADA,2026-09-28 11:55:04,Biasa / Mengikuti Pasar
11:55,SQMI,Token Mati (Perlu Update),Mid Cap (Lapis 2),Overvalued (Mahal),0.0,14.317532,90.0,96,63,123,4.651162790697675,184015200,Normal,51,Positif,Downtrend,Death Cross,Bearish MACD,Konsolidasi / Transisi,Normal,Distribusi (Turun),Normal,Dominan Beli (Hajar Kanan),Normal,Tinggi,Normal,Rawan Pucuk (High Risk),> 1 Miliar,Di Bawah VWAP (Lemah),Distribusi Pro (Guyuran),Ritel Aktif (5M - 50M),Sepi (< 50%),Distribution (Fase Jualan),Spesialis Tiang Jemuran (Banting Pucuk),Normal,Naik 1 Hari Beruntun,TP: 109 | CL: 76,Normal,Menengah (1:1),Golden Cross (Awal Bullish),Netral / Sepi Berita,Normal / Sedang Transisi,Mendekati Fibo 38.2%,3,WAIT & SEE,TIDAK ADA,2026-09-28 11:55:04,Biasa / Mengikuti Pasar
11:55,SRAJ,Transaksi Sepi (Skip Broksum),Big Cap (Lapis 1),Overvalued (Mahal),0.0,146.06906,13000.0,13450,11850,15600,0.0,1200,Normal,47,Negatif,Downtrend,Bearish,Strong Bearish,Konsolidasi / Transisi,Normal,Akumulasi (Naik),Normal,Dominan Beli (Hajar Kanan),Normal,Tinggi,Normal,Area Tengah,< 1 Miliar,Persis di VWAP,Akumulasi Pro (Smart Money),Gorengan Sepi (< 5M),Normal (50-150%),Distribution (Fase Jualan),Spesialis Tiang Jemuran (Banting Pucuk),Normal,Sideways / Stagnan,TP: 14036 | CL: 12308,Normal,Ideal (1:2),Netral / Sideways,Netral / Sepi Berita,Normal / Sedang Transisi,Mendekati Fibo 61.8% (Golden Ratio),2,WAIT & SEE,TIDAK ADA,2026-09-28 11:55:04,Biasa / Mengikuti Pasar
11:55,SRSN,Token Mati (Perlu Update),Small Cap (Lapis 3),Undervalued (Murah),5.654906,0.80471545,118.0,110,90,143,-4.0650406504065035,124676600,Normal,60,Negatif,Uptrend,Bullish,Strong Bullish,Perfect Uptrend (5>20>50),Normal,Akumulasi (Naik),Gap Down (-2.4%),Dominan Jual (Guyur),Normal,Tinggi,Normal,Rawan Pucuk (High Risk),> 1 Miliar,Di Bawah VWAP (Lemah),Distribusi Pro (Guyuran),Sultan (> 50M/hari),Sepi (< 50%),Mark-Up (Fase Pesta),Spesialis Tiang Jemuran (Banting Pucuk),Normal,Turun 2 Hari Beruntun,TP: 136 | CL: 106,Normal,Tidak Ideal (< 1:1),Death Cross (Awal Bearish),Netral / Sepi Berita,Normal / Sedang Transisi,Mendekati Fibo 38.2%,5,WAIT & SEE,TIDAK ADA,2026-09-28 11:55:04,Biasa / Mengikuti Pasar
11:55,SRTG,Token Mati (Perlu Update),Big Cap (Lapis 1),Undervalued (Murah),7.082211,0.4380436,1740.0,1799,1730,1895,-1.41643059490085,659000,Normal,41,Negatif,Downtrend,Bearish,Strong Bearish,Strong Downtrend (5<20<50),Normal,Distribusi (Turun),Normal,Dominan Jual (Guyur),Squeeze,Rendah,Normal,Dekat Support (Low Risk),> 1 Miliar,Di Bawah VWAP (Lemah),Distribusi Pro (Guyuran),Gorengan Sepi (< 5M),Sepi (< 50%),Mark-Down (Fase Runtuh),Normal,Normal,Turun 3 Hari Beruntun,TP: 1804 | CL: 1697,Open = High (Tekanan Jual),Sangat Menarik (> 1:3),Oversold (Jenuh Jual - Peluang),Netral / Sepi Berita,Supply Kering (Siap Pump) 🏜️,Mendekati Fibo 50.0%,0,WAIT & SEE,TIDAK ADA,2026-09-28 11:55:04,Biasa / Mengikuti Pasar
11:55,SSIA,Token Mati (Perlu Update),Mid Cap (Lapis 2),Overvalued (Mahal),38.576008,1.3708727,1685.0,1749,1600,1950,0.2976190476190476,3474200,Normal,45,Positif,Downtrend,Bearish,Strong Bearish,Konsolidasi / Transisi,Normal,Akumulasi (Naik),Normal,Seimbang / Adu Mekanik,Normal,Tinggi,Doji (Ragu-ragu),Area Tengah,> 1 Miliar,Persis di VWAP,Distribusi Pro (Guyuran),Ritel Aktif (5M - 50M),Sepi (< 50%),Distribution (Fase Jualan),Spesialis Tiang Jemuran (Banting Pucuk),Normal,Naik 1 Hari Beruntun,TP: 1785 | CL: 1618,Normal,Sangat Menarik (> 1:3),Netral / Sideways,Netral / Sepi Berita,Normal / Sedang Transisi,Mendekati Fibo 61.8% (Golden Ratio),2,WAIT & SEE,TIDAK ADA,2026-09-28 11:55:04,Biasa / Mengikuti Pasar
11:55,SSMS,Token Mati (Perlu Update),Big Cap (Lapis 1),Overvalued (Mahal),6.6402683,4.2743254,1090.0,1128,930,1290,1.3953488372093024,8611200,Normal,52,Positif,Downtrend,Bearish,Bearish MACD,Konsolidasi / Transisi,Normal,Akumulasi (Naik),Normal,Dominan Beli (Hajar Kanan),Normal,Tinggi,Normal,Rawan Pucuk (High Risk),> 1 Miliar,Di Atas VWAP (Kuat),Distribusi Pro (Guyuran),Ritel Aktif (5M - 50M),Normal (50-150%),Distribution (Fase Jualan),Spesialis Tiang Jemuran (Banting Pucuk),Normal,Naik 1 Hari Beruntun,TP: 1206 | CL: 1012,Normal,Menengah (1:1),Golden Cross (Awal Bullish),Netral / Sepi Berita,Normal / Sedang Transisi,Mendekati Fibo 38.2%,4,WAIT & SEE,TIDAK ADA,2026-09-28 11:55:04,Biasa / Mengikuti Pasar
11:55,SSTM,Transaksi Sepi (Skip Broksum),Small Cap (Lapis 3),Fair Value (Wajar),0.0,2.6065302,448.0,467,410,580,-0.8849557522123894,67400,Normal,49,Negatif,Downtrend,Bearish,Bearish MACD,Konsolidasi / Transisi,Normal,Distribusi (Turun),Normal,Seimbang / Adu Mekanik,Normal,Tinggi,Normal,Area Tengah,< 1 Miliar,Di Bawah VWAP (Lemah),Distribusi Pro (Guyuran),Gorengan Sepi (< 5M),Sepi (< 50%),Distribution (Fase Jualan),Spesialis Tiang Jemuran (Banting Pucuk),Normal,Turun 2 Hari Beruntun,TP: 509 | CL: 406,Normal,Sangat Menarik (> 1:3),Golden Cross (Awal Bullish),Netral / Sepi Berita,Normal / Sedang Transisi,Mengambang (Jauh dari Fibo),0,WAIT & SEE,TIDAK ADA,2026-09-28 11:55:04,Biasa / Mengikuti Pasar
11:55,STAR,Transaksi Sepi (Skip Broksum),Mid Cap (Lapis 2),Overvalued (Mahal),67.896675,3.230394,368.0,390,326,474,-1.6042780748663104,19900,Normal,46,Negatif,Downtrend,Bullish,Bearish MACD,Perfect Uptrend (5>20>50),Normal,Akumulasi (Naik),Normal,Seimbang / Adu Mekanik,Normal,Tinggi,Normal,Rawan Pucuk (High Risk),< 1 Miliar,Di Bawah VWAP (Lemah),Akumulasi Pro (Smart Money),Gorengan Sepi (< 5M),Sepi (< 50%),Distribution (Fase Jualan),Normal,Jarum Bawah (Sinyal Pantulan Kuat),Turun 4 Hari Beruntun,TP: 424 | CL: 330,Normal,Ideal (1:2),Netral / Sideways,Netral / Sepi Berita,Normal / Sedang Transisi,Mengambang (Jauh dari Fibo),2,WAIT & SEE,TIDAK ADA,2026-09-28 11:55:04,Biasa / Mengikuti Pasar
11:55,STTP,Transaksi Sepi (Skip Broksum),Big Cap (Lapis 1),Fair Value (Wajar),9.790017,1.5349877,9250.0,9387,8775,11125,0.5434782608695652,500,Normal,39,Positif,Downtrend,Bearish,Strong Bearish,Strong Downtrend (5<20<50),Normal,Distribusi (Turun),Normal,Dominan Jual (Guyur),Squeeze,Rendah,Normal,Area Tengah,< 1 Miliar,Di Bawah VWAP (Lemah),Distribusi Pro (Guyuran),Gorengan Sepi (< 5M),Sepi (< 50%),Mark-Down (Fase Runtuh),Spesialis Tiang Jemuran (Banting Pucuk),Normal,Naik 1 Hari Beruntun,TP: 9694 | CL: 8953,Open = High (Tekanan Jual),Sangat Menarik (> 1:3),Golden Cross (Awal Bullish),Netral / Sepi Berita,Supply Banjir (Distribusi) 🌊,Mendekati Fibo Bottom / 100%,1,WAIT & SEE,TIDAK ADA,2026-09-28 11:55:04,Biasa / Mengikuti Pasar
11:55,SULI,Transaksi Sepi (Skip Broksum),Small Cap (Lapis 3),Overvalued (Mahal),0.0,36000.0,72.0,86,69,95,-7.6923076923076925,5156800,Normal,27,Negatif,Downtrend,Bearish,Strong Bearish,Strong Downtrend (5<20<50),Normal,Distribusi (Turun),Gap Down (-3.8%),Seimbang / Adu Mekanik,Normal,Tinggi,Normal,Area Tengah,< 1 Miliar,Di Bawah VWAP (Lemah),Distribusi Pro (Guyuran),Gorengan Sepi (< 5M),Normal (50-150%),Mark-Down (Fase Runtuh),Normal,Normal,Turun 3 Hari Beruntun,TP: 78 | CL: 67,Open = High (Tekanan Jual),Sangat Menarik (> 1:3),Oversold (Jenuh Jual - Peluang),Netral / Sepi Berita,Normal / Sedang Transisi,Mendekati Fibo Bottom / 100%,0,WAIT & SEE,TIDAK ADA,2026-09-28 11:55:04,Biasa / Mengikuti Pasar
11:55,TALF,Transaksi Sepi (Skip Broksum),Small Cap (Lapis 3),Overvalued (Mahal),41.748848,0.6564346,635.0,693,595,745,-6.61764705882353,202500,Tembus MA20,36,Negatif,Downtrend,Bearish,Strong Bearish,Strong Downtrend (5<20<50),Normal,Distribusi (Turun),Normal,Seimbang / Adu Mekanik,Normal,Sedang,Normal,Area Tengah,< 1 Miliar,Di Bawah VWAP (Lemah),Akumulasi Pro (Smart Money),Gorengan Sepi (< 5M),Ledakan Ekstrem (> 300%),Mark-Down (Fase Runtuh),Solid (Jarang Dibanting),Normal,Turun 2 Hari Beruntun,TP: 685 | CL: 601,Normal,Ideal (1:2),Golden Cross (Awal Bullish),Netral / Sepi Berita,Normal / Sedang Transisi,Mengambang (Jauh dari Fibo),1,WAIT & SEE,TIDAK ADA,2026-09-28 11:55:04,Biasa / Mengikuti Pasar
11:55,TARA,Transaksi Sepi (Skip Broksum),Small Cap (Lapis 3),Fair Value (Wajar),0.0,0.36766484,38.0,31,29,43,18.75,24785800,Tembus MA20,71,Positif,Uptrend,Bullish,Strong Bullish,Perfect Uptrend (5>20>50),Akumulasi Kuat,Akumulasi (Naik),Gap Up (+3.1%),Seimbang / Adu Mekanik,Breakout Upper,Tinggi,Normal,Rawan Pucuk (High Risk),< 1 Miliar,Di Atas VWAP (Kuat),Akumulasi Pro (Smart Money),Gorengan Sepi (< 5M),Ledakan Ekstrem (> 300%),Mark-Up (Fase Pesta),Normal,Normal,Naik 1 Hari Beruntun,TP: 41 | CL: 35,Normal,Tidak Ideal (< 1:1),Netral / Sideways,Netral / Sepi Berita,Normal / Sedang Transisi,Mendekati Fibo 38.2%,9,BELI,TIDAK ADA,2026-09-28 11:55:04,⚠️ Anomali (Sudah Terbang)
11:55,TAXI,Token Mati (Perlu Update),Small Cap (Lapis 3),Overvalued (Mahal),0.0,4.564984,17.0,14,13,18,21.428571428571427,634179800,Tembus MA20,64,Positif,Uptrend,Bullish,Strong Bullish,Perfect Uptrend (5>20>50),Akumulasi Kuat,Akumulasi (Naik),Gap Up (+7.1%),Dominan Beli (Hajar Kanan),Breakout Upper,Tinggi,Normal,Rawan Pucuk (High Risk),> 1 Miliar,Di Atas VWAP (Kuat),Akumulasi Pro (Smart Money),Gorengan Sepi (< 5M),Ledakan Ekstrem (> 300%),Mark-Up (Fase Pesta),Normal,Normal,Naik 1 Hari Beruntun,TP: 18 | CL: 15,Normal,Tidak Ideal (< 1:1),Netral / Sideways,Netral / Sepi Berita,Normal / Sedang Transisi,Mendekati Fibo 23.6%,10,BELI,TIDAK ADA,2026-09-28 11:55:04,⚠️ Anomali (Sudah Terbang)
11:55,TBIG,Transaksi Sepi (Skip Broksum),Big Cap (Lapis 1),Fair Value (Wajar),22.51831,2.5242379,1445.0,1473,1400,1580,-1.3651877133105803,105400,Normal,47,Negatif,Downtrend,Bearish,Bearish MACD,Konsolidasi / Transisi,Normal,Akumulasi (Naik),Normal,Dominan Jual (Guyur),Normal,Sedang,Normal,Area Tengah,< 1 Miliar,Persis di VWAP,Akumulasi Pro (Smart Money),Gorengan Sepi (< 5M),Sepi (< 50%),Distribution (Fase Jualan),Normal,Normal,Turun 2 Hari Beruntun,TP: 1508 | CL: 1402,Open = High (Tekanan Jual),Sangat Menarik (> 1:3),Netral / Sideways,Netral / Sepi Berita,Normal / Sedang Transisi,Dekat Support Fibo 61.8% (Golden Ratio),1,WAIT & SEE,TIDAK ADA,2026-09-28 11:55:04,Biasa / Mengikuti Pasar
11:55,TBLA,Token Mati (Perlu Update),Mid Cap (Lapis 2),Undervalued (Murah),4.0830216,0.37258124,600.0,625,595,650,-1.639344262295082,1872800,Normal,31,Negatif,Downtrend,Bearish,Strong Bearish,Strong Downtrend (5<20<50),Normal,Distribusi (Turun),Normal,Seimbang / Adu Mekanik,Squeeze,Rendah,Normal,Dekat Support (Low Risk),> 1 Miliar,Di Bawah VWAP (Lemah),Distribusi Pro (Guyuran),Gorengan Sepi (< 5M),Normal (50-150%),Mark-Down (Fase Runtuh),Normal,Normal,Turun 3 Hari Beruntun,TP: 616 | CL: 589,Open = High (Tekanan Jual),Sangat Menarik (> 1:3),Oversold (Jenuh Jual - Peluang),Netral / Sepi Berita,Normal / Sedang Transisi,Golden Rebound Fibo Bottom / 100% 🎯,0,WAIT & SEE,TIDAK ADA,2026-09-28 11:55:04,Biasa / Mengikuti Pasar
11:55,TBMS,Transaksi Sepi (Skip Broksum),Small Cap (Lapis 3),Overvalued (Mahal),65000.004,11761.905,1235.0,1225,1165,1400,0.40650406504065045,6800,Normal,53,Positif,Uptrend,Bearish,Bearish MACD,Konsolidasi / Transisi,Normal,Distribusi (Turun),Normal,Dominan Jual (Guyur),Squeeze,Rendah,Normal,Area Tengah,< 1 Miliar,Persis di VWAP,Distribusi Pro (Guyuran),Gorengan Sepi (< 5M),Sepi (< 50%),Mark-Up (Fase Pesta),Normal,Normal,Naik 2 Hari Beruntun,TP: 1304 | CL: 1188,Open = High (Tekanan Jual),Ideal (1:2),Golden Cross (Awal Bullish),Netral / Sepi Berita,Supply Kering (Siap Pump) 🏜️,Golden Rebound Fibo 61.8% (Golden Ratio) 🎯,3,WAIT & SEE,TIDAK ADA,2026-09-28 11:55:04,Biasa / Mengikuti Pasar
11:55,TCID,Transaksi Sepi (Skip Broksum),Mid Cap (Lapis 2),Fair Value (Wajar),0.0,0.55343306,2490.0,2575,2320,2700,1.6326530612244898,11600,Tembus MA20,39,Positif,Downtrend,Bearish,Strong Bearish,Strong Downtrend (5<20<50),Normal,Distribusi (Turun),Normal,Dominan Beli (Hajar Kanan),Bottom Rebound,Sedang,Marubozu (Strong Bullish),Area Tengah,< 1 Miliar,Di Bawah VWAP (Lemah),Distribusi Pro (Guyuran),Gorengan Sepi (< 5M),Normal (50-150%),Mark-Down (Fase Runtuh),Normal,Normal,Naik 1 Hari Beruntun,TP: 2607 | CL: 2411,Open = Low (Bullish Kuat),Menengah (1:1),Golden Cross (Awal Bullish),Netral / Sepi Berita,Normal / Sedang Transisi,Dekat Support Fibo 78.6%,3,WAIT & SEE,TIDAK ADA,2026-09-28 11:55:04,Biasa / Mengikuti Pasar
11:55,TFCO,Transaksi Sepi (Skip Broksum),Mid Cap (Lapis 2),Overvalued (Mahal),0.0,13615.385,885.0,845,800,935,-5.347593582887701,11600,Tembus MA20,57,Negatif,Uptrend,Bullish,Strong Bullish,Perfect Uptrend (5>20>50),Distribusi Kuat,Distribusi (Turun),Normal,Dominan Jual (Guyur),Normal,Tinggi,Normal,Rawan Pucuk (High Risk),< 1 Miliar,Di Bawah VWAP (Lemah),Distribusi Pro (Guyuran),Gorengan Sepi (< 5M),Ledakan Ekstrem (> 300%),Mark-Up (Fase Pesta),Normal,Normal,Turun 1 Hari Beruntun,TP: 915 | CL: 864,Open = High (Tekanan Jual),Tidak Ideal (< 1:1),Death Cross (Awal Bearish),Netral / Sepi Berita,Normal / Sedang Transisi,Dekat Support Fibo 23.6%,5,WAIT & SEE,TIDAK ADA,2026-09-28 11:55:04,Biasa / Mengikuti Pasar
11:55,TGKA,Transaksi Sepi (Skip Broksum),Mid Cap (Lapis 2),Fair Value (Wajar),10.517641,1.8266518,4850.0,4968,4700,5100,-0.81799591002045,700,Normal,40,Negatif,Downtrend,Bearish,Strong Bearish,Konsolidasi / Transisi,Normal,Distribusi (Turun),Normal,Dominan Jual (Guyur),Squeeze,Rendah,Normal,Area Tengah,< 1 Miliar,Di Bawah VWAP (Lemah),Akumulasi Pro (Smart Money),Gorengan Sepi (< 5M),Sepi (< 50%),Distribution (Fase Jualan),Normal,Normal,Turun 1 Hari Beruntun,TP: 5017 | CL: 4738,Open = High (Tekanan Jual),Ideal (1:2),Netral / Sideways,Netral / Sepi Berita,Supply Kering (Siap Pump) 🏜️,Golden Rebound Fibo 78.6% 🎯,0,WAIT & SEE,TIDAK ADA,2026-09-28 11:55:04,Biasa / Mengikuti Pasar
11:55,TIFA,Transaksi Sepi (Skip Broksum),Mid Cap (Lapis 2),Fair Value (Wajar),15.298317,0.8715255,300.0,314,290,382,2.0408163265306123,37000,Normal,44,Positif,Downtrend,Bearish,Strong Bearish,Strong Downtrend (5<20<50),Normal,Distribusi (Turun),Normal,Dominan Beli (Hajar Kanan),Normal,Sedang,Normal,Area Tengah,< 1 Miliar,Di Bawah VWAP (Lemah),Distribusi Pro (Guyuran),Gorengan Sepi (< 5M),Sepi (< 50%),Mark-Down (Fase Runtuh),Spesialis Tiang Jemuran (Banting Pucuk),Normal,Naik 1 Hari Beruntun,TP: 341 | CL: 272,Normal,Sangat Menarik (> 1:3),Oversold (Jenuh Jual - Peluang),Netral / Sepi Berita,Normal / Sedang Transisi,Mengambang (Jauh dari Fibo),2,WAIT & SEE,TIDAK ADA,2026-09-28 11:55:04,Biasa / Mengikuti Pasar
11:55,TINS,Token Mati (Perlu Update),Big Cap (Lapis 1),Overvalued (Mahal),9.342803,3.2976453,4660.0,4579,3970,5000,-1.2711864406779663,9685200,Normal,57,Negatif,Uptrend,Bullish,Bearish MACD,Perfect Uptrend (5>20>50),Normal,Distribusi (Turun),Normal,Dominan Jual (Guyur),Normal,Tinggi,Normal,Rawan Pucuk (High Risk),> 1 Miliar,Di Bawah VWAP (Lemah),Distribusi Pro (Guyuran),Sultan (> 50M/hari),Sepi (< 50%),Mark-Up (Fase Pesta),Spesialis Tiang Jemuran (Banting Pucuk),Normal,Turun 2 Hari Beruntun,TP: 4991 | CL: 4439,Normal,Tidak Ideal (< 1:1),Netral / Sideways,Netral / Sepi Berita,Normal / Sedang Transisi,Dekat Support Fibo 23.6%,3,WAIT & SEE,TIDAK ADA,2026-09-28 11:55:04,Biasa / Mengikuti Pasar
11:55,TIRA,Transaksi Sepi (Skip Broksum),Small Cap (Lapis 3),Overvalued (Mahal),93.68308,1.1324515,350.0,395,336,424,-5.913978494623656,46200,Normal,11,Negatif,Downtrend,Bearish,Strong Bearish,Strong Downtrend (5<20<50),Normal,Distribusi (Turun),Normal,Dominan Jual (Guyur),Normal,Tinggi,Normal,Area Tengah,< 1 Miliar,Di Bawah VWAP (Lemah),Akumulasi Pro (Smart Money),Gorengan Sepi (< 5M),Sepi (< 50%),Mark-Down (Fase Runtuh),Solid (Jarang Dibanting),Normal,Turun 2 Hari Beruntun,TP: 383 | CL: 327,Open = High (Tekanan Jual),Sangat Menarik (> 1:3),Netral / Sideways,Netral / Sepi Berita,Normal / Sedang Transisi,Mendekati Fibo Bottom / 100%,0,WAIT & SEE,TIDAK ADA,2026-09-28 11:55:04,Biasa / Mengikuti Pasar
11:55,TKIM,Token Mati (Perlu Update),Big Cap (Lapis 1),Overvalued (Mahal),2.8200734,6910.766,7125.0,7793,7025,8500,0.0,1028700,Normal,37,Negatif,Downtrend,Bearish,Strong Bearish,Konsolidasi / Transisi,Normal,Distribusi (Turun),Normal,Seimbang / Adu Mekanik,Normal,Tinggi,Normal,Dekat Support (Low Risk),> 1 Miliar,Di Bawah VWAP (Lemah),Distribusi Pro (Guyuran),Ritel Aktif (5M - 50M),Sepi (< 50%),Distribution (Fase Jualan),Normal,Normal,Sideways / Stagnan,TP: 7548 | CL: 6842,Normal,Sangat Menarik (> 1:3),Oversold (Jenuh Jual - Peluang),Netral / Sepi Berita,Normal / Sedang Transisi,Mendekati Fibo 50.0%,0,WAIT & SEE,TIDAK ADA,2026-09-28 11:55:04,Biasa / Mengikuti Pasar
11:55,TLKM,Token Mati (Perlu Update),Big Cap (Lapis 1),Fair Value (Wajar),13.345296,1.9827319,2390.0,2569,2370,2720,-0.8298755186721992,56762700,Normal,29,Negatif,Downtrend,Bearish,Strong Bearish,Strong Downtrend (5<20<50),Normal,Distribusi (Turun),Normal,Seimbang / Adu Mekanik,Bottom Rebound,Tinggi,Normal,Dekat Support (Low Risk),> 1 Miliar,Di Bawah VWAP (Lemah),Akumulasi Pro (Smart Money),Sultan (> 50M/hari),Sepi (< 50%),Mark-Down (Fase Runtuh),Solid (Jarang Dibanting),Normal,Turun 1 Hari Beruntun,TP: 2480 | CL: 2330,Normal,Sangat Menarik (> 1:3),Oversold (Jenuh Jual - Peluang),Netral / Sepi Berita,Normal / Sedang Transisi,Golden Rebound Fibo Bottom / 100% 🎯,0,WAIT & SEE,TIDAK ADA,2026-09-28 11:55:04,Biasa / Mengikuti Pasar
11:55,TMAS,Transaksi Sepi (Skip Broksum),Mid Cap (Lapis 2),Fair Value (Wajar),10.657785,2.247033,128.0,143,128,154,-4.477611940298507,7039200,Normal,32,Negatif,Downtrend,Bearish,Bearish MACD,Konsolidasi / Transisi,Normal,Distribusi (Turun),Normal,Dominan Jual (Guyur),Normal,Sedang,Normal,Dekat Support (Low Risk),< 1 Miliar,Di Bawah VWAP (Lemah),Distribusi Pro (Guyuran),Gorengan Sepi (< 5M),Normal (50-150%),Distribution (Fase Jualan),Spesialis Tiang Jemuran (Banting Pucuk),Normal,Turun 5 Hari Beruntun,TP: 136 | CL: 122,Open = High (Tekanan Jual),Di Area Support,Oversold (Jenuh Jual - Peluang),Netral / Sepi Berita,Normal / Sedang Transisi,Golden Rebound Fibo 61.8% (Golden Ratio) 🎯,0,WAIT & SEE,TIDAK ADA,2026-09-28 11:55:04,Biasa / Mengikuti Pasar
11:55,TMPO,Token Mati (Perlu Update),Small Cap (Lapis 3),Overvalued (Mahal),38.22222,0.7823267,172.0,163,145,200,-3.910614525139665,18536100,Normal,54,Negatif,Uptrend,Bullish,Strong Bullish,Perfect Uptrend (5>20>50),Normal,Akumulasi (Naik),Normal,Seimbang / Adu Mekanik,Normal,Tinggi,Normal,Rawan Pucuk (High Risk),> 1 Miliar,Persis di VWAP,Distribusi Pro (Guyuran),Ritel Aktif (5M - 50M),Sepi (< 50%),Mark-Up (Fase Pesta),Spesialis Tiang Jemuran (Banting Pucuk),Normal,Turun 1 Hari Beruntun,TP: 192 | CL: 158,Open = High (Tekanan Jual),Menengah (1:1),Netral / Sideways,Netral / Sepi Berita,Supply Banjir (Distribusi) 🌊,Mengambang (Jauh dari Fibo),5,WAIT & SEE,TIDAK ADA,2026-09-28 11:55:04,Biasa / Mengikuti Pasar
11:55,TOBA,Token Mati (Perlu Update),Mid Cap (Lapis 2),Overvalued (Mahal),0.0,22272.727,490.0,545,480,625,-1.2096774193548387,4886100,Normal,39,Negatif,Downtrend,Bearish,Strong Bearish,Konsolidasi / Transisi,Normal,Distribusi (Turun),Normal,Seimbang / Adu Mekanik,Normal,Tinggi,Normal,Dekat Support (Low Risk),> 1 Miliar,Di Bawah VWAP (Lemah),Distribusi Pro (Guyuran),Gorengan Sepi (< 5M),Normal (50-150%),Distribution (Fase Jualan),Normal,Normal,Turun 3 Hari Beruntun,TP: 526 | CL: 465,Open = High (Tekanan Jual),Sangat Menarik (> 1:3),Oversold (Jenuh Jual - Peluang),Netral / Sepi Berita,Normal / Sedang Transisi,Golden Rebound Fibo 50.0% 🎯,0,WAIT & SEE,TIDAK ADA,2026-09-28 11:55:04,Biasa / Mengikuti Pasar
11:55,TOTL,Token Mati (Perlu Update),Mid Cap (Lapis 2),Overvalued (Mahal),10.102362,4.1969857,1515.0,1534,1400,1680,-3.8095238095238098,1904600,Normal,51,Negatif,Downtrend,Bullish,Bearish MACD,Perfect Uptrend (5>20>50),Normal,Akumulasi (Naik),Normal,Dominan Jual (Guyur),Normal,Tinggi,Normal,Area Tengah,> 1 Miliar,Di Bawah VWAP (Lemah),Akumulasi Pro (Smart Money),Ritel Aktif (5M - 50M),Sepi (< 50%),Distribution (Fase Jualan),Normal,Normal,Turun 3 Hari Beruntun,TP: 1600 | CL: 1457,Normal,Menengah (1:1),Netral / Sideways,Netral / Sepi Berita,Normal / Sedang Transisi,Mengambang (Jauh dari Fibo),3,WAIT & SEE,TIDAK ADA,2026-09-28 11:55:04,Biasa / Mengikuti Pasar
11:55,TOTO,Transaksi Sepi (Skip Broksum),Mid Cap (Lapis 2),Undervalued (Murah),9.181332,0.9819606,240.0,240,236,244,-0.8264462809917356,367800,Normal,51,Negatif,Downtrend,Bullish,Bearish MACD,Perfect Uptrend (5>20>50),Normal,Distribusi (Turun),Normal,Dominan Jual (Guyur),Squeeze,Rendah,Doji (Ragu-ragu),Dekat Support (Low Risk),< 1 Miliar,Persis di VWAP,Distribusi Pro (Guyuran),Gorengan Sepi (< 5M),Normal (50-150%),Distribution (Fase Jualan),Normal,Normal,Turun 1 Hari Beruntun,TP: 245 | CL: 236,Normal,Menengah (1:1),Netral / Sideways,Netral / Sepi Berita,Normal / Sedang Transisi,Dekat Support Fibo 38.2%,2,WAIT & SEE,TIDAK ADA,2026-09-28 11:55:04,Biasa / Mengikuti Pasar
11:55,TOWR,Token Mati (Perlu Update),Big Cap (Lapis 1),Undervalued (Murah),5.704205,0.7900068,390.0,434,382,490,0.0,20440300,Normal,33,Negatif,Downtrend,Bearish,Strong Bearish,Konsolidasi / Transisi,Normal,Distribusi (Turun),Normal,Dominan Beli (Hajar Kanan),Normal,Tinggi,Hammer (Potensi Reversal),Dekat Support (Low Risk),> 1 Miliar,Di Bawah VWAP (Lemah),Distribusi Pro (Guyuran),Ritel Aktif (5M - 50M),Sepi (< 50%),Distribution (Fase Jualan),Normal,Jarum Bawah (Sinyal Pantulan Kuat),Sideways / Stagnan,TP: 413 | CL: 374,Normal,Sangat Menarik (> 1:3),Oversold (Jenuh Jual - Peluang),Netral / Sepi Berita,Normal / Sedang Transisi,Golden Rebound Fibo 78.6% 🎯,1,WAIT & SEE,TIDAK ADA,2026-09-28 11:55:04,Biasa / Mengikuti Pasar
11:55,TPIA,Token Mati (Perlu Update),Big Cap (Lapis 1),Overvalued (Mahal),124.47257,38478.26,1775.0,1892,1770,2060,-1.3888888888888888,51428100,Normal,37,Negatif,Downtrend,Bearish,Strong Bearish,Strong Downtrend (5<20<50),Normal,Distribusi (Turun),Normal,Dominan Jual (Guyur),Normal,Tinggi,Normal,Dekat Support (Low Risk),> 1 Miliar,Di Bawah VWAP (Lemah),Distribusi Pro (Guyuran),Sultan (> 50M/hari),Normal (50-150%),Mark-Down (Fase Runtuh),Spesialis Tiang Jemuran (Banting Pucuk),Normal,Turun 3 Hari Beruntun,TP: 1863 | CL: 1715,Normal,Sangat Menarik (> 1:3),Oversold (Jenuh Jual - Peluang),Netral / Sepi Berita,Normal / Sedang Transisi,Mengambang (Jauh dari Fibo),0,WAIT & SEE,TIDAK ADA,2026-09-28 11:55:04,Biasa / Mengikuti Pasar
11:55,TPMA,Transaksi Sepi (Skip Broksum),Mid Cap (Lapis 2),Overvalued (Mahal),7.672807,11947.369,454.0,476,450,498,-0.8733624454148471,1435700,Tembus MA20,37,Negatif,Downtrend,Bearish,Strong Bearish,Konsolidasi / Transisi,Normal,Distribusi (Turun),Normal,Dominan Jual (Guyur),Bottom Rebound,Sedang,Normal,Dekat Support (Low Risk),< 1 Miliar,Di Bawah VWAP (Lemah),Distribusi Pro (Guyuran),Gorengan Sepi (< 5M),Normal (50-150%),Distribution (Fase Jualan),Spesialis Tiang Jemuran (Banting Pucuk),Normal,Turun 3 Hari Beruntun,TP: 471 | CL: 442,Normal,Sangat Menarik (> 1:3),Oversold (Jenuh Jual - Peluang),Netral / Sepi Berita,Normal / Sedang Transisi,Golden Rebound Fibo 61.8% (Golden Ratio) 🎯,1,WAIT & SEE,TIDAK ADA,2026-09-28 11:55:04,Biasa / Mengikuti Pasar
11:55,TRIM,Transaksi Sepi (Skip Broksum),Mid Cap (Lapis 2),Fair Value (Wajar),7.9436007,2.4311085,800.0,764,615,930,-0.6211180124223602,76900,Normal,61,Negatif,Uptrend,Bullish,Bearish MACD,Perfect Uptrend (5>20>50),Normal,Distribusi (Turun),Normal,Dominan Jual (Guyur),Normal,Tinggi,Normal,Rawan Pucuk (High Risk),< 1 Miliar,Di Bawah VWAP (Lemah),Distribusi Pro (Guyuran),Gorengan Sepi (< 5M),Sepi (< 50%),Mark-Up (Fase Pesta),Spesialis Tiang Jemuran (Banting Pucuk),Normal,Turun 1 Hari Beruntun,TP: 896 | CL: 735,Normal,Tidak Ideal (< 1:1),Netral / Sideways,Netral / Sepi Berita,Normal / Sedang Transisi,Mendekati Fibo 38.2%,3,WAIT & SEE,TIDAK ADA,2026-09-28 11:55:04,Biasa / Mengikuti Pasar
11:55,TRIS,Transaksi Sepi (Skip Broksum),Small Cap (Lapis 3),Overvalued (Mahal),45.96138,0.9718396,169.0,172,166,183,-2.312138728323699,258300,Normal,42,Negatif,Downtrend,Bearish,Bearish MACD,Konsolidasi / Transisi,Normal,Akumulasi (Naik),Normal,Dominan Jual (Guyur),Squeeze,Rendah,Normal,Dekat Support (Low Risk),< 1 Miliar,Di Bawah VWAP (Lemah),Distribusi Pro (Guyuran),Gorengan Sepi (< 5M),Sepi (< 50%),Distribution (Fase Jualan),Spesialis Tiang Jemuran (Banting Pucuk),Normal,Turun 1 Hari Beruntun,TP: 178 | CL: 162,Normal,Sangat Menarik (> 1:3),Netral / Sideways,Netral / Sepi Berita,Normal / Sedang Transisi,Mendekati Fibo 78.6%,1,WAIT & SEE,TIDAK ADA,2026-09-28 11:55:04,Biasa / Mengikuti Pasar
11:55,TRST,Transaksi Sepi (Skip Broksum),Mid Cap (Lapis 2),Undervalued (Murah),11.466865,0.46147254,462.0,469,454,490,-2.5316455696202533,1800,Normal,46,Negatif,Downtrend,Bullish,Bearish MACD,Perfect Uptrend (5>20>50),Normal,Distribusi (Turun),Normal,Dominan Jual (Guyur),Squeeze,Rendah,Normal,Dekat Support (Low Risk),< 1 Miliar,Di Bawah VWAP (Lemah),Akumulasi Pro (Smart Money),Gorengan Sepi (< 5M),Sepi (< 50%),Distribution (Fase Jualan),Solid (Jarang Dibanting),Normal,Turun 1 Hari Beruntun,TP: 487 | CL: 445,Open = High (Tekanan Jual),Sangat Menarik (> 1:3),Netral / Sideways,Netral / Sepi Berita,Normal / Sedang Transisi,Dekat Support Fibo 61.8% (Golden Ratio),1,WAIT & SEE,TIDAK ADA,2026-09-28 11:55:04,Biasa / Mengikuti Pasar
11:55,TRUS,Transaksi Sepi (Skip Broksum),Small Cap (Lapis 3),Fair Value (Wajar),16.570684,0.8545616,422.0,448,394,525,-6.222222222222222,49400,Normal,43,Negatif,Downtrend,Death Cross,Bearish MACD,Konsolidasi / Transisi,Normal,Akumulasi (Naik),Normal,Seimbang / Adu Mekanik,Normal,Sedang,Normal,Area Tengah,< 1 Miliar,Di Bawah VWAP (Lemah),Akumulasi Pro (Smart Money),Gorengan Sepi (< 5M),Normal (50-150%),Distribution (Fase Jualan),Normal,Normal,Turun 1 Hari Beruntun,TP: 466 | CL: 392,Normal,Sangat Menarik (> 1:3),Golden Cross (Awal Bullish),Netral / Sepi Berita,Supply Kering (Siap Pump) 🏜️,Mengambang (Jauh dari Fibo),1,WAIT & SEE,TIDAK ADA,2026-09-28 11:55:04,Biasa / Mengikuti Pasar
11:55,TSPC,Transaksi Sepi (Skip Broksum),Big Cap (Lapis 1),Undervalued (Murah),8.047063,1.22267,2640.0,2733,2600,2810,-0.37735849056603776,356100,Normal,32,Negatif,Downtrend,Bearish,Strong Bearish,Strong Downtrend (5<20<50),Normal,Distribusi (Turun),Normal,Seimbang / Adu Mekanik,Squeeze,Rendah,Doji (Ragu-ragu),Dekat Support (Low Risk),< 1 Miliar,Di Bawah VWAP (Lemah),Distribusi Pro (Guyuran),Gorengan Sepi (< 5M),Normal (50-150%),Mark-Down (Fase Runtuh),Normal,Jarum Bawah (Sinyal Pantulan Kuat),Turun 7 Hari Beruntun,TP: 2707 | CL: 2595,Normal,Sangat Menarik (> 1:3),Oversold (Jenuh Jual - Peluang),Netral / Sepi Berita,Normal / Sedang Transisi,Golden Rebound Fibo 61.8% (Golden Ratio) 🎯,0,WAIT & SEE,TIDAK ADA,2026-09-28 11:55:04,Biasa / Mengikuti Pasar
11:55,ULTJ,Token Mati (Perlu Update),Big Cap (Lapis 1),Fair Value (Wajar),11.904762,2.702341,2060.0,1770,1485,2190,0.0,4285700,Normal,84,Negatif,Uptrend,Bullish,Strong Bullish,Perfect Uptrend (5>20>50),Normal,Distribusi (Turun),Normal,Dominan Jual (Guyur),Normal,Tinggi,Normal,Rawan Pucuk (High Risk),> 1 Miliar,Persis di VWAP,Distribusi Pro (Guyuran),Ritel Aktif (5M - 50M),Sepi (< 50%),Mark-Up (Fase Pesta),Spesialis Tiang Jemuran (Banting Pucuk),Normal,Sideways / Stagnan,TP: 2227 | CL: 1948,Open = Low (Bullish Kuat),Tidak Ideal (< 1:1),Overbought (Jenuh Beli - Rawan),Netral / Sepi Berita,Normal / Sedang Transisi,Mendekati Fibo 23.6%,4,WAIT & SEE,TIDAK ADA,2026-09-28 11:55:04,Biasa / Mengikuti Pasar
11:55,UNIC,Transaksi Sepi (Skip Broksum),Mid Cap (Lapis 2),Overvalued (Mahal),5.705062,18434.033,14950.0,15048,14775,15700,-1.644736842105263,1200,Normal,50,Negatif,Downtrend,Bullish,Bearish MACD,Perfect Uptrend (5>20>50),Normal,Akumulasi (Naik),Normal,Dominan Jual (Guyur),Squeeze,Rendah,Normal,Dekat Support (Low Risk),< 1 Miliar,Persis di VWAP,Akumulasi Pro (Smart Money),Gorengan Sepi (< 5M),Sepi (< 50%),Distribution (Fase Jualan),Normal,Normal,Turun 1 Hari Beruntun,TP: 15300 | CL: 14716,Open = High (Tekanan Jual),Sangat Menarik (> 1:3),Netral / Sideways,Netral / Sepi Berita,Supply Kering (Siap Pump) 🏜️,Mendekati Fibo 38.2%,2,WAIT & SEE,TIDAK ADA,2026-09-28 11:55:04,Biasa / Mengikuti Pasar
11:55,UNSP,Token Mati (Perlu Update),Mid Cap (Lapis 2),Fair Value (Wajar),0.0,-0.15347391,340.0,227,206,400,1.1904761904761905,14605100,Tembus MA20,100,Positif,Uptrend,Bullish,Strong Bullish,Perfect Uptrend (5>20>50),Normal,Akumulasi (Naik),Normal,Seimbang / Adu Mekanik,Breakout Upper,Tinggi,Doji (Ragu-ragu),Rawan Pucuk (High Risk),> 1 Miliar,Di Atas VWAP (Kuat),Akumulasi Pro (Smart Money),Ritel Aktif (5M - 50M),Normal (50-150%),Mark-Up (Fase Pesta),Normal,Normal,Naik 4 Hari Beruntun,TP: 370 | CL: 319,Normal,Tidak Ideal (< 1:1),Death Cross (Awal Bearish),Netral / Sepi Berita,Supply Banjir (Distribusi) 🌊,Mengambang (Jauh dari Fibo),7,BELI,TIDAK ADA,2026-09-28 11:55:04,Biasa / Mengikuti Pasar
11:55,UNTR,Token Mati (Perlu Update),Big Cap (Lapis 1),Undervalued (Murah),11.608442,0.9134072,24575.0,25310,24150,26975,1.4447884416924663,838500,Normal,46,Positif,Downtrend,Bearish,Strong Bearish,Konsolidasi / Transisi,Normal,Distribusi (Turun),Normal,Dominan Beli (Hajar Kanan),Normal,Sedang,Marubozu (Strong Bullish),Dekat Support (Low Risk),> 1 Miliar,Persis di VWAP,Distribusi Pro (Guyuran),Sultan (> 50M/hari),Sepi (< 50%),Distribution (Fase Jualan),Spesialis Tiang Jemuran (Banting Pucuk),Normal,Naik 2 Hari Beruntun,TP: 25496 | CL: 23960,Open = Low (Bullish Kuat),Sangat Menarik (> 1:3),Oversold (Jenuh Jual - Peluang),Netral / Sepi Berita,Normal / Sedang Transisi,Golden Rebound Fibo 61.8% (Golden Ratio) 🎯,2,WAIT & SEE,TIDAK ADA,2026-09-28 11:55:04,Biasa / Mengikuti Pasar
11:55,UNVR,Token Mati (Perlu Update),Big Cap (Lapis 1),Overvalued (Mahal),16.741528,20.606123,1645.0,1651,1610,1735,0.9202453987730062,3734200,Normal,43,Positif,Downtrend,Bearish,Bullish MACD,Strong Downtrend (5<20<50),Normal,Akumulasi (Naik),Normal,Dominan Beli (Hajar Kanan),Squeeze,Rendah,Normal,Dekat Support (Low Risk),> 1 Miliar,Di Atas VWAP (Kuat),Akumulasi Pro (Smart Money),Ritel Aktif (5M - 50M),Sepi (< 50%),Mark-Down (Fase Runtuh),Spesialis Tiang Jemuran (Banting Pucuk),Normal,Naik 2 Hari Beruntun,TP: 1678 | CL: 1622,Normal,Ideal (1:2),Golden Cross (Awal Bullish),Netral / Sepi Berita,Normal / Sedang Transisi,Dekat Support Fibo Bottom / 100%,4,WAIT & SEE,TIDAK ADA,2026-09-28 11:55:04,Biasa / Mengikuti Pasar
11:55,VICO,Transaksi Sepi (Skip Broksum),Mid Cap (Lapis 2),Fair Value (Wajar),17.24846,0.6905112,168.0,164,148,204,0.0,1123500,Normal,60,Negatif,Uptrend,Bullish,Bearish MACD,Perfect Uptrend (5>20>50),Normal,Akumulasi (Naik),Normal,Seimbang / Adu Mekanik,Normal,Tinggi,Normal,Rawan Pucuk (High Risk),< 1 Miliar,Di Bawah VWAP (Lemah),Akumulasi Pro (Smart Money),Gorengan Sepi (< 5M),Normal (50-150%),Mark-Up (Fase Pesta),Spesialis Tiang Jemuran (Banting Pucuk),Normal,Sideways / Stagnan,TP: 187 | CL: 154,Normal,Ideal (1:2),Netral / Sideways,Netral / Sepi Berita,Normal / Sedang Transisi,Dekat Support Fibo 50.0%,4,WAIT & SEE,TIDAK ADA,2026-09-28 11:55:04,Biasa / Mengikuti Pasar
11:55,VINS,Transaksi Sepi (Skip Broksum),Small Cap (Lapis 3),Fair Value (Wajar),18.119614,0.9651011,143.0,144,138,168,0.7042253521126761,106700,Normal,48,Positif,Downtrend,Bullish,Bearish MACD,Perfect Uptrend (5>20>50),Normal,Distribusi (Turun),Normal,Seimbang / Adu Mekanik,Squeeze,Rendah,Normal,Area Tengah,< 1 Miliar,Di Bawah VWAP (Lemah),Distribusi Pro (Guyuran),Gorengan Sepi (< 5M),Sepi (< 50%),Distribution (Fase Jualan),Spesialis Tiang Jemuran (Banting Pucuk),Normal,Naik 1 Hari Beruntun,TP: 160 | CL: 131,Open = Low (Bullish Kuat),Sangat Menarik (> 1:3),Oversold (Jenuh Jual - Peluang),Netral / Sepi Berita,Supply Kering (Siap Pump) 🏜️,Golden Rebound Fibo 61.8% (Golden Ratio) 🎯,2,WAIT & SEE,TIDAK ADA,2026-09-28 11:55:04,Biasa / Mengikuti Pasar
11:55,VIVA,Token Mati (Perlu Update),Small Cap (Lapis 3),Overvalued (Mahal),0.5688552,8.123202,47.0,43,36,51,30.555555555555557,196393700,Tembus MA20,55,Positif,Uptrend,Bearish,Strong Bearish,Strong Downtrend (5<20<50),Distribusi Kuat,Akumulasi (Naik),Gap Up (+33.3%),Dominan Beli (Hajar Kanan),Normal,Tinggi,Hammer (Potensi Reversal),Rawan Pucuk (High Risk),> 1 Miliar,Di Atas VWAP (Kuat),Akumulasi Pro (Smart Money),Gorengan Sepi (< 5M),Ledakan Ekstrem (> 300%),Accumulation (Kumpul Barang),Spesialis Tiang Jemuran (Banting Pucuk),Jarum Bawah (Sinyal Pantulan Kuat),Naik 1 Hari Beruntun,TP: 51 | CL: 44,Open = High (Tekanan Jual),Tidak Ideal (< 1:1),Netral / Sideways,Netral / Sepi Berita,Supply Banjir (Distribusi) 🌊,Golden Rebound Fibo 50.0% 🎯,7,BELI,TIDAK ADA,2026-09-28 11:55:04,⚠️ Anomali (Sudah Terbang)
11:55,VOKS,Transaksi Sepi (Skip Broksum),Small Cap (Lapis 3),Fair Value (Wajar),0.0,1.72608,236.0,260,226,390,-8.527131782945736,619000,Normal,43,Negatif,Downtrend,Bullish,Bearish MACD,Perfect Uptrend (5>20>50),Normal,Akumulasi (Naik),Gap Down (-7.0%),Dominan Jual (Guyur),Normal,Tinggi,Normal,Area Tengah,< 1 Miliar,Di Bawah VWAP (Lemah),Distribusi Pro (Guyuran),Gorengan Sepi (< 5M),Sepi (< 50%),Distribution (Fase Jualan),Spesialis Tiang Jemuran (Banting Pucuk),Normal,Turun 3 Hari Beruntun,TP: 292 | CL: 198,Normal,Sangat Menarik (> 1:3),Oversold (Jenuh Jual - Peluang),Netral / Sepi Berita,Normal / Sedang Transisi,Golden Rebound Fibo 78.6% 🎯,2,WAIT & SEE,TIDAK ADA,2026-09-28 11:55:04,Biasa / Mengikuti Pasar
11:55,VRNA,Transaksi Sepi (Skip Broksum),Small Cap (Lapis 3),Overvalued (Mahal),114.65893,0.6038878,79.0,88,71,125,5.333333333333334,3250600,Normal,43,Positif,Downtrend,Bearish,Strong Bearish,Konsolidasi / Transisi,Normal,Distribusi (Turun),Normal,Seimbang / Adu Mekanik,Normal,Tinggi,Normal,Rawan Pucuk (High Risk),< 1 Miliar,Persis di VWAP,Distribusi Pro (Guyuran),Gorengan Sepi (< 5M),Normal (50-150%),Distribution (Fase Jualan),Normal,Normal,Naik 1 Hari Beruntun,TP: 88 | CL: 72,Normal,Sangat Menarik (> 1:3),Golden Cross (Awal Bullish),Netral / Sepi Berita,Normal / Sedang Transisi,Mengambang (Jauh dari Fibo),1,WAIT & SEE,TIDAK ADA,2026-09-28 11:55:04,Biasa / Mengikuti Pasar
11:55,WEHA,Transaksi Sepi (Skip Broksum),Small Cap (Lapis 3),Undervalued (Murah),7.258633,0.57278866,103.0,111,101,120,-2.8301886792452833,1766700,Normal,36,Negatif,Downtrend,Death Cross,Bearish MACD,Konsolidasi / Transisi,Normal,Distribusi (Turun),Normal,Seimbang / Adu Mekanik,Normal,Sedang,Normal,Dekat Support (Low Risk),< 1 Miliar,Di Bawah VWAP (Lemah),Distribusi Pro (Guyuran),Gorengan Sepi (< 5M),Sepi (< 50%),Distribution (Fase Jualan),Spesialis Tiang Jemuran (Banting Pucuk),Normal,Turun 2 Hari Beruntun,TP: 111 | CL: 97,Open = High (Tekanan Jual),Sangat Menarik (> 1:3),Netral / Sideways,Netral / Sepi Berita,Normal / Sedang Transisi,Mendekati Fibo 78.6%,0,WAIT & SEE,TIDAK ADA,2026-09-28 11:55:04,Biasa / Mengikuti Pasar
11:55,WIIM,Token Mati (Perlu Update),Mid Cap (Lapis 2),Undervalued (Murah),5.5509195,1.3921899,1530.0,1558,1375,1680,-0.9708737864077669,1462400,Normal,45,Negatif,Downtrend,Bearish,Bullish MACD,Strong Downtrend (5<20<50),Normal,Akumulasi (Naik),Normal,Seimbang / Adu Mekanik,Normal,Tinggi,Normal,Rawan Pucuk (High Risk),> 1 Miliar,Persis di VWAP,Distribusi Pro (Guyuran),Gorengan Sepi (< 5M),Sepi (< 50%),Mark-Down (Fase Runtuh),Spesialis Tiang Jemuran (Banting Pucuk),Normal,Turun 1 Hari Beruntun,TP: 1631 | CL: 1462,Open = High (Tekanan Jual),Tidak Ideal (< 1:1),Death Cross (Awal Bearish),Netral / Sepi Berita,Normal / Sedang Transisi,Mendekati Fibo 78.6%,2,WAIT & SEE,TIDAK ADA,2026-09-28 11:55:04,Biasa / Mengikuti Pasar
11:55,WINS,Transaksi Sepi (Skip Broksum),Mid Cap (Lapis 2),Overvalued (Mahal),6.425234,13750.0,550.0,575,540,660,-2.6548672566371683,1710300,Normal,46,Negatif,Downtrend,Bearish,Bearish MACD,Konsolidasi / Transisi,Normal,Distribusi (Turun),Normal,Dominan Jual (Guyur),Normal,Tinggi,Normal,Dekat Support (Low Risk),< 1 Miliar,Di Bawah VWAP (Lemah),Distribusi Pro (Guyuran),Gorengan Sepi (< 5M),Normal (50-150%),Distribution (Fase Jualan),Normal,Normal,Turun 2 Hari Beruntun,TP: 606 | CL: 512,Open = High (Tekanan Jual),Sangat Menarik (> 1:3),Oversold (Jenuh Jual - Peluang),Netral / Sepi Berita,Normal / Sedang Transisi,Mendekati Fibo 78.6%,0,WAIT & SEE,TIDAK ADA,2026-09-28 11:55:04,Biasa / Mengikuti Pasar
11:55,WOMF,Transaksi Sepi (Skip Broksum),Small Cap (Lapis 3),Undervalued (Murah),6.1288867,0.47749874,272.0,279,268,346,-1.4492753623188406,17800,Normal,46,Negatif,Downtrend,Bearish,Bearish MACD,Konsolidasi / Transisi,Normal,Distribusi (Turun),Normal,Dominan Jual (Guyur),Bottom Rebound,Sedang,Normal,Dekat Support (Low Risk),< 1 Miliar,Di Bawah VWAP (Lemah),Distribusi Pro (Guyuran),Gorengan Sepi (< 5M),Sepi (< 50%),Distribution (Fase Jualan),Spesialis Tiang Jemuran (Banting Pucuk),Normal,Turun 2 Hari Beruntun,TP: 300 | CL: 253,Normal,Sangat Menarik (> 1:3),Oversold (Jenuh Jual - Peluang),Netral / Sepi Berita,Supply Kering (Siap Pump) 🏜️,Mengambang (Jauh dari Fibo),0,WAIT & SEE,TIDAK ADA,2026-09-28 11:55:04,Biasa / Mengikuti Pasar
11:55,WTON,Transaksi Sepi (Skip Broksum),Small Cap (Lapis 3),Fair Value (Wajar),15.334773,0.17050257,71.0,78,67,84,-1.3888888888888888,4061100,Normal,24,Negatif,Downtrend,Bearish,Strong Bearish,Konsolidasi / Transisi,Normal,Distribusi (Turun),Normal,Seimbang / Adu Mekanik,Normal,Tinggi,Normal,Area Tengah,< 1 Miliar,Di Bawah VWAP (Lemah),Distribusi Pro (Guyuran),Gorengan Sepi (< 5M),Normal (50-150%),Distribution (Fase Jualan),Normal,Jarum Bawah (Sinyal Pantulan Kuat),Turun 3 Hari Beruntun,TP: 75 | CL: 67,Normal,Sangat Menarik (> 1:3),Golden Cross (Awal Bullish),Netral / Sepi Berita,Normal / Sedang Transisi,Mendekati Fibo Bottom / 100%,0,WAIT & SEE,TIDAK ADA,2026-09-28 11:55:04,Biasa / Mengikuti Pasar
11:55,YPAS,Transaksi Sepi (Skip Broksum),Small Cap (Lapis 3),Overvalued (Mahal),29.692183,5.897981,1090.0,1341,1035,1750,4.807692307692308,27600,Normal,40,Positif,Downtrend,Bearish,Strong Bearish,Konsolidasi / Transisi,Normal,Distribusi (Turun),Normal,Dominan Jual (Guyur),Bottom Rebound,Tinggi,Normal,Area Tengah,< 1 Miliar,Di Bawah VWAP (Lemah),Distribusi Pro (Guyuran),Gorengan Sepi (< 5M),Sepi (< 50%),Distribution (Fase Jualan),Spesialis Tiang Jemuran (Banting Pucuk),Normal,Naik 1 Hari Beruntun,TP: 1324 | CL: 933,Open = Low (Bullish Kuat),Sangat Menarik (> 1:3),Oversold (Jenuh Jual - Peluang),Netral / Sepi Berita,Normal / Sedang Transisi,Mengambang (Jauh dari Fibo),1,WAIT & SEE,TIDAK ADA,2026-09-28 11:55:04,Biasa / Mengikuti Pasar
11:55,YULE,Transaksi Sepi (Skip Broksum),Mid Cap (Lapis 2),Overvalued (Mahal),77.72021,8.757612,3450.0,3604,3370,4400,-3.6312849162011176,3700,Normal,45,Negatif,Downtrend,Bearish,Bearish MACD,Konsolidasi / Transisi,Normal,Akumulasi (Naik),Normal,Dominan Jual (Guyur),Normal,Tinggi,Normal,Dekat Support (Low Risk),< 1 Miliar,Di Bawah VWAP (Lemah),Distribusi Pro (Guyuran),Gorengan Sepi (< 5M),Sepi (< 50%),Distribution (Fase Jualan),Normal,Normal,Turun 1 Hari Beruntun,TP: 3890 | CL: 3156,Open = High (Tekanan Jual),Sangat Menarik (> 1:3),Oversold (Jenuh Jual - Peluang),Netral / Sepi Berita,Normal / Sedang Transisi,Mendekati Fibo 78.6%,1,WAIT & SEE,TIDAK ADA,2026-09-28 11:55:04,Biasa / Mengikuti Pasar
11:55,SHIP,Transaksi Sepi (Skip Broksum),Mid Cap (Lapis 2),Overvalued (Mahal),24.366753,45178.57,2530.0,2582,2220,2900,-1.556420233463035,7900,Normal,52,Negatif,Downtrend,Death Cross,Bearish MACD,Konsolidasi / Transisi,Normal,Distribusi (Turun),Normal,Seimbang / Adu Mekanik,Normal,Tinggi,Normal,Rawan Pucuk (High Risk),< 1 Miliar,Di Bawah VWAP (Lemah),Distribusi Pro (Guyuran),Gorengan Sepi (< 5M),Sepi (< 50%),Distribution (Fase Jualan),Solid (Jarang Dibanting),Normal,Turun 2 Hari Beruntun,TP: 2804 | CL: 2347,Open = High (Tekanan Jual),Menengah (1:1),Netral / Sideways,Netral / Sepi Berita,Normal / Sedang Transisi,Mengambang (Jauh dari Fibo),1,WAIT & SEE,TIDAK ADA,2026-09-28 11:55:04,Biasa / Mengikuti Pasar
11:55,CASA,Transaksi Sepi (Skip Broksum),Big Cap (Lapis 1),Overvalued (Mahal),666.6666,11.974295,1800.0,1818,1800,2000,0.0,4000,Normal,47,Negatif,Downtrend,Bearish,Strong Bearish,Strong Downtrend (5<20<50),Normal,Distribusi (Turun),Normal,Dominan Jual (Guyur),Normal,Sedang,Normal,Dekat Support (Low Risk),< 1 Miliar,Persis di VWAP,Distribusi Pro (Guyuran),Gorengan Sepi (< 5M),Sepi (< 50%),Mark-Down (Fase Runtuh),Spesialis Tiang Jemuran (Banting Pucuk),Normal,Sideways / Stagnan,TP: 1902 | CL: 1731,Open = High (Tekanan Jual),Di Area Support,Oversold (Jenuh Jual - Peluang),Netral / Sepi Berita,Supply Kering (Siap Pump) 🏜️,Golden Rebound Fibo Bottom / 100% 🎯,0,WAIT & SEE,TIDAK ADA,2026-09-28 11:55:04,Biasa / Mengikuti Pasar
11:55,DAYA,Transaksi Sepi (Skip Broksum),Mid Cap (Lapis 2),Overvalued (Mahal),27.027027,13.936399,1100.0,1097,990,1300,0.0,3300,Normal,55,Negatif,Uptrend,Bullish,Bearish MACD,Perfect Uptrend (5>20>50),Normal,Akumulasi (Naik),Normal,Seimbang / Adu Mekanik,Normal,Sedang,Doji (Ragu-ragu),Rawan Pucuk (High Risk),< 1 Miliar,Di Bawah VWAP (Lemah),Distribusi Pro (Guyuran),Gorengan Sepi (< 5M),Sepi (< 50%),Mark-Up (Fase Pesta),Normal,Jarum Bawah (Sinyal Pantulan Kuat),Sideways / Stagnan,TP: 1188 | CL: 1041,Normal,Ideal (1:2),Netral / Sideways,Netral / Sepi Berita,Normal / Sedang Transisi,Mendekati Fibo 61.8% (Golden Ratio),4,WAIT & SEE,TIDAK ADA,2026-09-28 11:55:04,Biasa / Mengikuti Pasar
11:55,DPUM,Token Mati (Perlu Update),Small Cap (Lapis 3),Fair Value (Wajar),0.0,1.5220134,123.0,128,93,180,-4.651162790697675,23836300,Normal,49,Negatif,Downtrend,Bullish,Bearish MACD,Perfect Uptrend (5>20>50),Normal,Distribusi (Turun),Normal,Seimbang / Adu Mekanik,Normal,Tinggi,Normal,Rawan Pucuk (High Risk),> 1 Miliar,Di Bawah VWAP (Lemah),Distribusi Pro (Guyuran),Ritel Aktif (5M - 50M),Sepi (< 50%),Distribution (Fase Jualan),Normal,Normal,Turun 3 Hari Beruntun,TP: 154 | CL: 101,Normal,Ideal (1:2),Netral / Sideways,Netral / Sepi Berita,Normal / Sedang Transisi,Dekat Support Fibo 61.8% (Golden Ratio),1,WAIT & SEE,TIDAK ADA,2026-09-28 11:55:04,Biasa / Mengikuti Pasar
11:55,IDPR,Transaksi Sepi (Skip Broksum),Small Cap (Lapis 3),Fair Value (Wajar),15.298508,0.70795643,248.0,269,244,308,-3.125,4800,Normal,31,Negatif,Downtrend,Bearish,Strong Bearish,Strong Downtrend (5<20<50),Normal,Distribusi (Turun),Normal,Seimbang / Adu Mekanik,Normal,Sedang,Normal,Dekat Support (Low Risk),< 1 Miliar,Di Bawah VWAP (Lemah),Akumulasi Pro (Smart Money),Gorengan Sepi (< 5M),Sepi (< 50%),Mark-Down (Fase Runtuh),Spesialis Tiang Jemuran (Banting Pucuk),Normal,Turun 5 Hari Beruntun,TP: 276 | CL: 229,Open = High (Tekanan Jual),Sangat Menarik (> 1:3),Oversold (Jenuh Jual - Peluang),Netral / Sepi Berita,Normal / Sedang Transisi,Golden Rebound Fibo Bottom / 100% 🎯,0,WAIT & SEE,TIDAK ADA,2026-09-28 11:55:04,Biasa / Mengikuti Pasar
11:55,JGLE,Token Mati (Perlu Update),Mid Cap (Lapis 2),Fair Value (Wajar),0.0,1.1179547,52.0,74,48,95,-3.7037037037037033,430284600,Tembus MA20,27,Negatif,Downtrend,Bearish,Strong Bearish,Strong Downtrend (5<20<50),Normal,Distribusi (Turun),Gap Down (-11.1%),Seimbang / Adu Mekanik,Normal,Tinggi,Normal,Area Tengah,> 1 Miliar,Di Bawah VWAP (Lemah),Distribusi Pro (Guyuran),Ritel Aktif (5M - 50M),Normal (50-150%),Mark-Down (Fase Runtuh),Normal,Normal,Turun 3 Hari Beruntun,TP: 60 | CL: 46,Open = Low (Bullish Kuat),Sangat Menarik (> 1:3),Oversold (Jenuh Jual - Peluang),Netral / Sepi Berita,Normal / Sedang Transisi,Mengambang (Jauh dari Fibo),1,WAIT & SEE,TIDAK ADA,2026-09-28 11:55:04,🔥 ANOMALI BANDAR (Siap Ledakan)
11:55,KINO,Transaksi Sepi (Skip Broksum),Mid Cap (Lapis 2),Undervalued (Murah),8.350925,1.0278851,1345.0,1375,1320,1430,1.1278195488721803,57100,Tembus MA20,48,Positif,Downtrend,Bearish,Bearish MACD,Konsolidasi / Transisi,Normal,Akumulasi (Naik),Normal,Dominan Beli (Hajar Kanan),Squeeze,Rendah,Normal,Dekat Support (Low Risk),< 1 Miliar,Di Bawah VWAP (Lemah),Akumulasi Pro (Smart Money),Gorengan Sepi (< 5M),Normal (50-150%),Distribution (Fase Jualan),Spesialis Tiang Jemuran (Banting Pucuk),Normal,Naik 1 Hari Beruntun,TP: 1408 | CL: 1302,Open = Low (Bullish Kuat),Sangat Menarik (> 1:3),Netral / Sideways,Netral / Sepi Berita,Normal / Sedang Transisi,Mendekati Fibo 38.2%,4,WAIT & SEE,TIDAK ADA,2026-09-28 11:55:04,Biasa / Mengikuti Pasar
11:55,OASA,Token Mati (Perlu Update),Mid Cap (Lapis 2),Overvalued (Mahal),0.0,3.031295,250.0,296,248,342,-3.8461538461538463,7818800,Normal,29,Negatif,Downtrend,Bearish,Strong Bearish,Strong Downtrend (5<20<50),Normal,Distribusi (Turun),Normal,Dominan Jual (Guyur),Bottom Rebound,Tinggi,Normal,Dekat Support (Low Risk),> 1 Miliar,Di Bawah VWAP (Lemah),Distribusi Pro (Guyuran),Gorengan Sepi (< 5M),Normal (50-150%),Mark-Down (Fase Runtuh),Normal,Normal,Turun 3 Hari Beruntun,TP: 276 | CL: 232,Normal,Sangat Menarik (> 1:3),Oversold (Jenuh Jual - Peluang),Netral / Sepi Berita,Normal / Sedang Transisi,Mengambang (Jauh dari Fibo),0,WAIT & SEE,TIDAK ADA,2026-09-28 11:55:04,Biasa / Mengikuti Pasar
11:55,POWR,Token Mati (Perlu Update),Big Cap (Lapis 1),Overvalued (Mahal),11.877541,20777.777,935.0,963,895,1040,-1.0582010582010581,2050400,Normal,51,Negatif,Downtrend,Death Cross,Bearish MACD,Konsolidasi / Transisi,Normal,Distribusi (Turun),Normal,Dominan Jual (Guyur),Normal,Tinggi,Normal,Area Tengah,> 1 Miliar,Di Bawah VWAP (Lemah),Akumulasi Pro (Smart Money),Ritel Aktif (5M - 50M),Sepi (< 50%),Distribution (Fase Jualan),Solid (Jarang Dibanting),Normal,Turun 4 Hari Beruntun,TP: 1004 | CL: 888,Normal,Ideal (1:2),Oversold (Jenuh Jual - Peluang),Netral / Sepi Berita,Normal / Sedang Transisi,Mendekati Fibo 38.2%,1,WAIT & SEE,TIDAK ADA,2026-09-28 11:55:04,Biasa / Mengikuti Pasar
11:55,PBSA,Transaksi Sepi (Skip Broksum),Mid Cap (Lapis 2),Overvalued (Mahal),9.588877,3.1522496,800.0,780,710,850,-1.2345679012345678,603700,Normal,54,Negatif,Uptrend,Golden Cross,Bullish MACD,Awal Reversal (5>20),Normal,Akumulasi (Naik),Normal,Seimbang / Adu Mekanik,Normal,Tinggi,Normal,Rawan Pucuk (High Risk),< 1 Miliar,Persis di VWAP,Akumulasi Pro (Smart Money),Gorengan Sepi (< 5M),Sepi (< 50%),Accumulation (Kumpul Barang),Spesialis Tiang Jemuran (Banting Pucuk),Normal,Turun 1 Hari Beruntun,TP: 863 | CL: 757,Open = High (Tekanan Jual),Tidak Ideal (< 1:1),Death Cross (Awal Bearish),Netral / Sepi Berita,Normal / Sedang Transisi,Mendekati Fibo 61.8% (Golden Ratio),5,WAIT & SEE,TIDAK ADA,2026-09-28 11:55:04,Biasa / Mengikuti Pasar
11:55,PRDA,Transaksi Sepi (Skip Broksum),Mid Cap (Lapis 2),Undervalued (Murah),11.736597,1.0649121,2800.0,2799,2620,2940,-1.0600706713780919,132600,Normal,59,Negatif,Uptrend,Bullish,Bearish MACD,Perfect Uptrend (5>20>50),Normal,Distribusi (Turun),Normal,Dominan Jual (Guyur),Squeeze,Rendah,Normal,Area Tengah,< 1 Miliar,Persis di VWAP,Akumulasi Pro (Smart Money),Gorengan Sepi (< 5M),Sepi (< 50%),Mark-Up (Fase Pesta),Normal,Normal,Turun 3 Hari Beruntun,TP: 2897 | CL: 2735,Open = High (Tekanan Jual),Tidak Ideal (< 1:1),Netral / Sideways,Netral / Sepi Berita,Normal / Sedang Transisi,Dekat Support Fibo 23.6%,3,WAIT & SEE,TIDAK ADA,2026-09-28 11:55:04,Biasa / Mengikuti Pasar
11:55,BOGA,Transaksi Sepi (Skip Broksum),Mid Cap (Lapis 2),Overvalued (Mahal),1422.0183,13.004774,1550.0,1592,1550,1970,0.0,400,Normal,46,Negatif,Downtrend,Bearish,Strong Bearish,Konsolidasi / Transisi,Normal,Distribusi (Turun),Normal,Tidak Ada Transaksi,Normal,Sedang,Doji (Ragu-ragu),Dekat Support (Low Risk),< 1 Miliar,Persis di VWAP,Akumulasi Pro (Smart Money),Gorengan Sepi (< 5M),Sepi (< 50%),Distribution (Fase Jualan),Spesialis Tiang Jemuran (Banting Pucuk),Normal,Sideways / Stagnan,TP: 1661 | CL: 1475,Normal,Di Area Support,Oversold (Jenuh Jual - Peluang),Netral / Sepi Berita,Normal / Sedang Transisi,Mendekati Fibo Bottom / 100%,0,WAIT & SEE,TIDAK ADA,2026-09-28 11:55:04,Biasa / Mengikuti Pasar
11:55,BRIS,Token Mati (Perlu Update),Big Cap (Lapis 1),Undervalued (Murah),8.812482,1.378257,1525.0,1685,1490,1835,0.9933774834437087,12622400,Normal,25,Positif,Downtrend,Bearish,Strong Bearish,Strong Downtrend (5<20<50),Normal,Akumulasi (Naik),Normal,Dominan Beli (Hajar Kanan),Normal,Tinggi,Normal,Dekat Support (Low Risk),> 1 Miliar,Di Bawah VWAP (Lemah),Distribusi Pro (Guyuran),Ritel Aktif (5M - 50M),Normal (50-150%),Mark-Down (Fase Runtuh),Spesialis Tiang Jemuran (Banting Pucuk),Jarum Bawah (Sinyal Pantulan Kuat),Naik 1 Hari Beruntun,TP: 1589 | CL: 1481,Normal,Sangat Menarik (> 1:3),Oversold (Jenuh Jual - Peluang),Netral / Sepi Berita,Normal / Sedang Transisi,Golden Rebound Fibo Bottom / 100% 🎯,3,WAIT & SEE,TIDAK ADA,2026-09-28 11:55:04,Biasa / Mengikuti Pasar
11:55,PORT,Transaksi Sepi (Skip Broksum),Mid Cap (Lapis 2),Fair Value (Wajar),16.654663,2.0827658,925.0,933,880,1080,-1.06951871657754,19900,Normal,49,Negatif,Downtrend,Bullish,Bearish MACD,Perfect Uptrend (5>20>50),Normal,Distribusi (Turun),Normal,Seimbang / Adu Mekanik,Normal,Sedang,Normal,Area Tengah,< 1 Miliar,Persis di VWAP,Akumulasi Pro (Smart Money),Gorengan Sepi (< 5M),Normal (50-150%),Distribution (Fase Jualan),Normal,Normal,Turun 2 Hari Beruntun,TP: 1009 | CL: 868,Open = High (Tekanan Jual),Sangat Menarik (> 1:3),Netral / Sideways,Netral / Sepi Berita,Normal / Sedang Transisi,Dekat Support Fibo 61.8% (Golden Ratio),1,WAIT & SEE,TIDAK ADA,2026-09-28 11:55:04,Biasa / Mengikuti Pasar
11:55,CARS,Token Mati (Perlu Update),Mid Cap (Lapis 2),Fair Value (Wajar),10.775047,1.5525624,115.0,115,106,133,-8.0,17779200,Tembus MA20,54,Negatif,Downtrend,Bullish,Bearish MACD,Perfect Uptrend (5>20>50),Normal,Akumulasi (Naik),Normal,Dominan Jual (Guyur),Normal,Tinggi,Normal,Area Tengah,> 1 Miliar,Di Bawah VWAP (Lemah),Akumulasi Pro (Smart Money),Gorengan Sepi (< 5M),Normal (50-150%),Distribution (Fase Jualan),Spesialis Tiang Jemuran (Banting Pucuk),Normal,Turun 2 Hari Beruntun,TP: 125 | CL: 108,Open = High (Tekanan Jual),Ideal (1:2),Netral / Sideways,Netral / Sepi Berita,Normal / Sedang Transisi,Dekat Support Fibo 38.2%,4,WAIT & SEE,TIDAK ADA,2026-09-28 11:55:04,Biasa / Mengikuti Pasar
11:55,MINA,Token Mati (Perlu Update),Mid Cap (Lapis 2),Overvalued (Mahal),0.0,8.251473,210.0,257,191,290,0.0,30890000,Normal,21,Negatif,Downtrend,Bearish,Strong Bearish,Strong Downtrend (5<20<50),Normal,Distribusi (Turun),Gap Down (-9.0%),Dominan Beli (Hajar Kanan),Normal,Tinggi,Marubozu (Strong Bullish),Area Tengah,> 1 Miliar,Di Bawah VWAP (Lemah),Distribusi Pro (Guyuran),Ritel Aktif (5M - 50M),Normal (50-150%),Mark-Down (Fase Runtuh),Spesialis Tiang Jemuran (Banting Pucuk),Normal,Sideways / Stagnan,TP: 231 | CL: 195,Open = Low (Bullish Kuat),Sangat Menarik (> 1:3),Oversold (Jenuh Jual - Peluang),Netral / Sepi Berita,Normal / Sedang Transisi,Mengambang (Jauh dari Fibo),1,WAIT & SEE,TIDAK ADA,2026-09-28 11:55:04,Biasa / Mengikuti Pasar
11:55,CLEO,Token Mati (Perlu Update),Mid Cap (Lapis 2),Overvalued (Mahal),22.79044,3.9284449,410.0,417,400,442,0.49019607843137253,5412900,Normal,50,Positif,Downtrend,Bearish,Bearish MACD,Konsolidasi / Transisi,Normal,Akumulasi (Naik),Normal,Dominan Beli (Hajar Kanan),Normal,Sedang,Normal,Dekat Support (Low Risk),> 1 Miliar,Persis di VWAP,Akumulasi Pro (Smart Money),Gorengan Sepi (< 5M),Sepi (< 50%),Distribution (Fase Jualan),Normal,Normal,Naik 2 Hari Beruntun,TP: 431 | CL: 395,Normal,Sangat Menarik (> 1:3),Golden Cross (Awal Bullish),Netral / Sepi Berita,Normal / Sedang Transisi,Dekat Support Fibo 50.0%,3,WAIT & SEE,TIDAK ADA,2026-09-28 11:55:04,Biasa / Mengikuti Pasar
11:55,TAMU,Token Mati (Perlu Update),Mid Cap (Lapis 2),Fair Value (Wajar),0.0,0.0,35.0,27,24,35,34.61538461538461,88607700,Tembus MA20,76,Positif,Uptrend,Bearish,Strong Bullish,Konsolidasi / Transisi,Akumulasi Kuat,Akumulasi (Naik),Gap Up (+7.7%),Dominan Beli (Hajar Kanan),Breakout Upper,Tinggi,Marubozu (Strong Bullish),Rawan Pucuk (High Risk),> 1 Miliar,Di Atas VWAP (Kuat),Akumulasi Pro (Smart Money),Gorengan Sepi (< 5M),Ledakan Ekstrem (> 300%),Mark-Up (Fase Pesta),Normal,Normal,Naik 2 Hari Beruntun,TP: 37 | CL: 33,Open = Low (Bullish Kuat),Tidak Ideal (< 1:1),Netral / Sideways,Netral / Sepi Berita,Normal / Sedang Transisi,Mengambang (Jauh dari Fibo),9,BELI,TIDAK ADA,2026-09-28 11:55:04,⚠️ Anomali (Sudah Terbang)
11:55,CSIS,Transaksi Sepi (Skip Broksum),Small Cap (Lapis 3),Overvalued (Mahal),29.19919,0.942925,202.0,207,174,222,1.507537688442211,1668200,Tembus MA20,47,Positif,Downtrend,Bearish,Strong Bearish,Konsolidasi / Transisi,Normal,Akumulasi (Naik),Normal,Dominan Jual (Guyur),Normal,Sedang,Normal,Rawan Pucuk (High Risk),< 1 Miliar,Di Atas VWAP (Kuat),Distribusi Pro (Guyuran),Gorengan Sepi (< 5M),Normal (50-150%),Distribution (Fase Jualan),Spesialis Tiang Jemuran (Banting Pucuk),Normal,Naik 2 Hari Beruntun,TP: 217 | CL: 191,Normal,Tidak Ideal (< 1:1),Netral / Sideways,Netral / Sepi Berita,Normal / Sedang Transisi,Dekat Support Fibo 38.2%,3,WAIT & SEE,TIDAK ADA,2026-09-28 11:55:04,Biasa / Mengikuti Pasar
11:55,FIRE,Transaksi Sepi (Skip Broksum),Small Cap (Lapis 3),Fair Value (Wajar),21.357285,0.65300846,108.0,121,103,141,0.0,7567800,Normal,40,Negatif,Downtrend,Bearish,Bearish MACD,Konsolidasi / Transisi,Normal,Distribusi (Turun),Normal,Seimbang / Adu Mekanik,Normal,Tinggi,Normal,Area Tengah,< 1 Miliar,Di Bawah VWAP (Lemah),Distribusi Pro (Guyuran),Gorengan Sepi (< 5M),Sepi (< 50%),Distribution (Fase Jualan),Spesialis Tiang Jemuran (Banting Pucuk),Normal,Sideways / Stagnan,TP: 121 | CL: 98,Normal,Sangat Menarik (> 1:3),Oversold (Jenuh Jual - Peluang),Netral / Sepi Berita,Normal / Sedang Transisi,Mendekati Fibo 78.6%,0,WAIT & SEE,TIDAK ADA,2026-09-28 11:55:04,Biasa / Mengikuti Pasar
11:55,KMTR,Transaksi Sepi (Skip Broksum),Mid Cap (Lapis 2),Fair Value (Wajar),0.0,0.9286632,240.0,252,232,264,-4.0,14300,Normal,43,Negatif,Downtrend,Bearish,Bearish MACD,Konsolidasi / Transisi,Normal,Distribusi (Turun),Normal,Seimbang / Adu Mekanik,Squeeze,Rendah,Normal,Area Tengah,< 1 Miliar,Di Bawah VWAP (Lemah),Distribusi Pro (Guyuran),Gorengan Sepi (< 5M),Sepi (< 50%),Distribution (Fase Jualan),Normal,Normal,Turun 1 Hari Beruntun,TP: 253 | CL: 231,Open = High (Tekanan Jual),Sangat Menarik (> 1:3),Netral / Sideways,Netral / Sepi Berita,Supply Kering (Siap Pump) 🏜️,Golden Rebound Fibo 50.0% 🎯,0,WAIT & SEE,TIDAK ADA,2026-09-28 11:55:04,Biasa / Mengikuti Pasar
11:55,MAPB,Transaksi Sepi (Skip Broksum),Mid Cap (Lapis 2),Fair Value (Wajar),0.0,2.27428,1220.0,1196,1010,1380,9.90990990990991,16900,Tembus MA20,54,Positif,Uptrend,Bearish,Strong Bearish,Konsolidasi / Transisi,Akumulasi Kuat,Akumulasi (Naik),Gap Up (+2.7%),Seimbang / Adu Mekanik,Normal,Tinggi,Normal,Rawan Pucuk (High Risk),< 1 Miliar,Di Atas VWAP (Kuat),Distribusi Pro (Guyuran),Gorengan Sepi (< 5M),Ledakan Ekstrem (> 300%),Mark-Up (Fase Pesta),Normal,Normal,Naik 2 Hari Beruntun,TP: 1292 | CL: 1171,Open = Low (Bullish Kuat),Tidak Ideal (< 1:1),Netral / Sideways,Netral / Sepi Berita,Normal / Sedang Transisi,Mendekati Fibo 38.2%,7,BELI,TIDAK ADA,2026-09-28 11:55:04,Biasa / Mengikuti Pasar
11:55,WOOD,Transaksi Sepi (Skip Broksum),Mid Cap (Lapis 2),Fair Value (Wajar),20.922384,0.2566427,186.0,200,182,218,-2.1052631578947367,1736000,Normal,31,Negatif,Downtrend,Bearish,Strong Bearish,Strong Downtrend (5<20<50),Normal,Distribusi (Turun),Normal,Seimbang / Adu Mekanik,Bottom Rebound,Sedang,Normal,Dekat Support (Low Risk),< 1 Miliar,Di Bawah VWAP (Lemah),Distribusi Pro (Guyuran),Gorengan Sepi (< 5M),Normal (50-150%),Mark-Down (Fase Runtuh),Normal,Normal,Turun 3 Hari Beruntun,TP: 195 | CL: 180,Open = High (Tekanan Jual),Sangat Menarik (> 1:3),Oversold (Jenuh Jual - Peluang),Netral / Sepi Berita,Normal / Sedang Transisi,Mengambang (Jauh dari Fibo),0,WAIT & SEE,TIDAK ADA,2026-09-28 11:55:04,Biasa / Mengikuti Pasar
11:55,HRTA,Token Mati (Perlu Update),Big Cap (Lapis 1),Fair Value (Wajar),7.65315,2.7243893,2200.0,2216,2070,2360,-3.9301310043668125,3433800,Normal,50,Negatif,Downtrend,Bullish,Bearish MACD,Perfect Uptrend (5>20>50),Normal,Akumulasi (Naik),Normal,Dominan Jual (Guyur),Normal,Sedang,Normal,Area Tengah,> 1 Miliar,Di Bawah VWAP (Lemah),Akumulasi Pro (Smart Money),Ritel Aktif (5M - 50M),Sepi (< 50%),Distribution (Fase Jualan),Normal,Normal,Turun 2 Hari Beruntun,TP: 2322 | CL: 2118,Open = High (Tekanan Jual),Menengah (1:1),Netral / Sideways,Netral / Sepi Berita,Normal / Sedang Transisi,Mendekati Fibo 38.2%,2,WAIT & SEE,TIDAK ADA,2026-09-28 11:55:04,Biasa / Mengikuti Pasar
11:55,HOKI,Transaksi Sepi (Skip Broksum),Small Cap (Lapis 3),Fair Value (Wajar),0.0,0.78018683,43.0,53,43,61,-14.000000000000002,17396900,Normal,20,Negatif,Downtrend,Bearish,Strong Bearish,Strong Downtrend (5<20<50),Normal,Distribusi (Turun),Gap Down (-14.0%),Dominan Jual (Guyur),Normal,Tinggi,Doji (Ragu-ragu),Dekat Support (Low Risk),< 1 Miliar,Di Bawah VWAP (Lemah),Distribusi Pro (Guyuran),Gorengan Sepi (< 5M),Sepi (< 50%),Mark-Down (Fase Runtuh),Spesialis Tiang Jemuran (Banting Pucuk),Normal,Turun 1 Hari Beruntun,TP: 47 | CL: 39,Normal,Di Area Support,Oversold (Jenuh Jual - Peluang),Netral / Sepi Berita,Normal / Sedang Transisi,Golden Rebound Fibo Bottom / 100% 🎯,0,WAIT & SEE,TIDAK ADA,2026-09-28 11:55:04,Biasa / Mengikuti Pasar
11:55,MPOW,Transaksi Sepi (Skip Broksum),Small Cap (Lapis 3),Fair Value (Wajar),15.054744,0.8411358,99.0,112,98,150,-1.0,2741500,Normal,30,Negatif,Downtrend,Bearish,Strong Bearish,Konsolidasi / Transisi,Normal,Distribusi (Turun),Normal,Dominan Jual (Guyur),Normal,Tinggi,Normal,Dekat Support (Low Risk),< 1 Miliar,Di Bawah VWAP (Lemah),Distribusi Pro (Guyuran),Gorengan Sepi (< 5M),Sepi (< 50%),Distribution (Fase Jualan),Spesialis Tiang Jemuran (Banting Pucuk),Normal,Turun 3 Hari Beruntun,TP: 107 | CL: 93,Normal,Sangat Menarik (> 1:3),Oversold (Jenuh Jual - Peluang),Netral / Sepi Berita,Normal / Sedang Transisi,Golden Rebound Fibo 78.6% 🎯,0,WAIT & SEE,TIDAK ADA,2026-09-28 11:55:04,Biasa / Mengikuti Pasar
11:55,MARK,Token Mati (Perlu Update),Mid Cap (Lapis 2),Overvalued (Mahal),13.446327,5.0709076,1190.0,1128,1060,1265,0.847457627118644,9697800,Normal,62,Positif,Uptrend,Bullish,Strong Bullish,Perfect Uptrend (5>20>50),Normal,Akumulasi (Naik),Normal,Dominan Beli (Hajar Kanan),Normal,Tinggi,Normal,Rawan Pucuk (High Risk),> 1 Miliar,Di Atas VWAP (Kuat),Distribusi Pro (Guyuran),Ritel Aktif (5M - 50M),Normal (50-150%),Mark-Up (Fase Pesta),Spesialis Tiang Jemuran (Banting Pucuk),Normal,Naik 1 Hari Beruntun,TP: 1269 | CL: 1137,Open = Low (Bullish Kuat),Tidak Ideal (< 1:1),Netral / Sideways,Netral / Sepi Berita,Normal / Sedang Transisi,Dekat Support Fibo 23.6%,7,BELI,TIDAK ADA,2026-09-28 11:55:04,Biasa / Mengikuti Pasar
11:55,NASA,Transaksi Sepi (Skip Broksum),Small Cap (Lapis 3),Fair Value (Wajar),0.0,0.4034902,40.0,33,29,45,17.647058823529413,17480700,Tembus MA20,64,Positif,Uptrend,Bullish,Strong Bullish,Perfect Uptrend (5>20>50),Akumulasi Kuat,Akumulasi (Naik),Gap Up (+8.8%),Seimbang / Adu Mekanik,Normal,Tinggi,Normal,Rawan Pucuk (High Risk),< 1 Miliar,Di Atas VWAP (Kuat),Distribusi Pro (Guyuran),Gorengan Sepi (< 5M),Ledakan Ekstrem (> 300%),Mark-Up (Fase Pesta),Normal,Normal,Naik 1 Hari Beruntun,TP: 44 | CL: 36,Normal,Tidak Ideal (< 1:1),Netral / Sideways,Netral / Sepi Berita,Normal / Sedang Transisi,Mendekati Fibo 38.2%,9,BELI,TIDAK ADA,2026-09-28 11:55:04,Biasa / Mengikuti Pasar
11:55,MDKI,Transaksi Sepi (Skip Broksum),Small Cap (Lapis 3),Undervalued (Murah),12.36086,0.5016349,191.0,194,190,200,0.0,103700,Normal,46,Negatif,Downtrend,Bearish,Bearish MACD,Konsolidasi / Transisi,Normal,Distribusi (Turun),Normal,Dominan Jual (Guyur),Squeeze,Rendah,Doji (Ragu-ragu),Dekat Support (Low Risk),< 1 Miliar,Di Bawah VWAP (Lemah),Distribusi Pro (Guyuran),Gorengan Sepi (< 5M),Sepi (< 50%),Distribution (Fase Jualan),Spesialis Tiang Jemuran (Banting Pucuk),Normal,Sideways / Stagnan,TP: 198 | CL: 186,Normal,Sangat Menarik (> 1:3),Oversold (Jenuh Jual - Peluang),Netral / Sepi Berita,Normal / Sedang Transisi,Golden Rebound Fibo 50.0% 🎯,0,WAIT & SEE,TIDAK ADA,2026-09-28 11:55:04,Biasa / Mengikuti Pasar
11:55,BELL,Transaksi Sepi (Skip Broksum),Small Cap (Lapis 3),Overvalued (Mahal),1400.0,2.7420375,91.0,108,84,131,-3.1914893617021276,8394600,Normal,28,Negatif,Downtrend,Bearish,Strong Bearish,Strong Downtrend (5<20<50),Normal,Akumulasi (Naik),Normal,Seimbang / Adu Mekanik,Normal,Tinggi,Normal,Area Tengah,< 1 Miliar,Di Bawah VWAP (Lemah),Distribusi Pro (Guyuran),Ritel Aktif (5M - 50M),Sepi (< 50%),Mark-Down (Fase Runtuh),Spesialis Tiang Jemuran (Banting Pucuk),Normal,Turun 3 Hari Beruntun,TP: 106 | CL: 80,Normal,Sangat Menarik (> 1:3),Oversold (Jenuh Jual - Peluang),Netral / Sepi Berita,Normal / Sedang Transisi,Mengambang (Jauh dari Fibo),1,WAIT & SEE,TIDAK ADA,2026-09-28 11:55:04,Biasa / Mengikuti Pasar
11:55,KIOS,Transaksi Sepi (Skip Broksum),Small Cap (Lapis 3),Overvalued (Mahal),52.857143,0.5784594,74.0,97,69,120,-7.5,12132600,Normal,21,Negatif,Downtrend,Bearish,Strong Bearish,Konsolidasi / Transisi,Normal,Distribusi (Turun),Normal,Seimbang / Adu Mekanik,Normal,Tinggi,Normal,Area Tengah,< 1 Miliar,Di Bawah VWAP (Lemah),Distribusi Pro (Guyuran),Gorengan Sepi (< 5M),Normal (50-150%),Distribution (Fase Jualan),Spesialis Tiang Jemuran (Banting Pucuk),Normal,Turun 2 Hari Beruntun,TP: 84 | CL: 66,Open = High (Tekanan Jual),Sangat Menarik (> 1:3),Oversold (Jenuh Jual - Peluang),Netral / Sepi Berita,Normal / Sedang Transisi,Mengambang (Jauh dari Fibo),0,WAIT & SEE,TIDAK ADA,2026-09-28 11:55:04,Biasa / Mengikuti Pasar
11:55,GMFI,Token Mati (Perlu Update),Mid Cap (Lapis 2),Overvalued (Mahal),3.5145888,52999.996,53.0,57,48,62,-1.8518518518518516,166810600,Tembus MA20,35,Negatif,Downtrend,Bearish,Strong Bearish,Konsolidasi / Transisi,Normal,Distribusi (Turun),Gap Down (-3.7%),Dominan Beli (Hajar Kanan),Normal,Sedang,Normal,Rawan Pucuk (High Risk),> 1 Miliar,Di Bawah VWAP (Lemah),Akumulasi Pro (Smart Money),Ritel Aktif (5M - 50M),Normal (50-150%),Distribution (Fase Jualan),Normal,Jarum Bawah (Sinyal Pantulan Kuat),Turun 2 Hari Beruntun,TP: 56 | CL: 50,Normal,Ideal (1:2),Golden Cross (Awal Bullish),Netral / Sepi Berita,Normal / Sedang Transisi,Golden Rebound Fibo 78.6% 🎯,2,WAIT & SEE,TIDAK ADA,2026-09-28 11:55:04,Biasa / Mengikuti Pasar
11:55,MTWI,Transaksi Sepi (Skip Broksum),Small Cap (Lapis 3),Overvalued (Mahal),56.756756,1.7846016,252.0,267,234,310,-3.816793893129771,9200,Normal,41,Negatif,Downtrend,Death Cross,Bearish MACD,Konsolidasi / Transisi,Normal,Distribusi (Turun),Gap Down (-2.3%),Seimbang / Adu Mekanik,Bottom Rebound,Sedang,Normal,Area Tengah,< 1 Miliar,Di Bawah VWAP (Lemah),Distribusi Pro (Guyuran),Gorengan Sepi (< 5M),Sepi (< 50%),Distribution (Fase Jualan),Spesialis Tiang Jemuran (Banting Pucuk),Normal,Turun 2 Hari Beruntun,TP: 284 | CL: 230,Open = High (Tekanan Jual),Sangat Menarik (> 1:3),Netral / Sideways,Netral / Sepi Berita,Supply Kering (Siap Pump) 🏜️,Golden Rebound Fibo 78.6% 🎯,0,WAIT & SEE,TIDAK ADA,2026-09-28 11:55:04,Biasa / Mengikuti Pasar
11:55,MCAS,Transaksi Sepi (Skip Broksum),Small Cap (Lapis 3),Fair Value (Wajar),0.0,1.2936536,222.0,272,214,308,-8.264462809917356,966500,Normal,31,Negatif,Downtrend,Bearish,Strong Bearish,Konsolidasi / Transisi,Normal,Distribusi (Turun),Normal,Dominan Jual (Guyur),Normal,Tinggi,Normal,Area Tengah,< 1 Miliar,Di Bawah VWAP (Lemah),Distribusi Pro (Guyuran),Gorengan Sepi (< 5M),Sepi (< 50%),Distribution (Fase Jualan),Spesialis Tiang Jemuran (Banting Pucuk),Normal,Turun 3 Hari Beruntun,TP: 252 | CL: 201,Normal,Sangat Menarik (> 1:3),Oversold (Jenuh Jual - Peluang),Netral / Sepi Berita,Normal / Sedang Transisi,Mengambang (Jauh dari Fibo),0,WAIT & SEE,TIDAK ADA,2026-09-28 11:55:04,Biasa / Mengikuti Pasar
11:55,PPRE,Token Mati (Perlu Update),Small Cap (Lapis 3),Fair Value (Wajar),0.0,0.95901585,88.0,104,82,117,-2.2222222222222223,19041200,Normal,23,Negatif,Downtrend,Bearish,Strong Bearish,Strong Downtrend (5<20<50),Normal,Distribusi (Turun),Normal,Dominan Beli (Hajar Kanan),Normal,Tinggi,Hammer (Potensi Reversal),Area Tengah,> 1 Miliar,Di Bawah VWAP (Lemah),Distribusi Pro (Guyuran),Gorengan Sepi (< 5M),Normal (50-150%),Mark-Down (Fase Runtuh),Spesialis Tiang Jemuran (Banting Pucuk),Jarum Bawah (Sinyal Pantulan Kuat),Turun 2 Hari Beruntun,TP: 95 | CL: 82,Open = High (Tekanan Jual),Sangat Menarik (> 1:3),Golden Cross (Awal Bullish),Netral / Sepi Berita,Normal / Sedang Transisi,Mengambang (Jauh dari Fibo),1,WAIT & SEE,TIDAK ADA,2026-09-28 11:55:04,Biasa / Mengikuti Pasar
11:55,WEGE,Transaksi Sepi (Skip Broksum),Small Cap (Lapis 3),Fair Value (Wajar),0.0,0.21283652,43.0,50,43,57,-14.000000000000002,9917800,Normal,18,Negatif,Downtrend,Bearish,Strong Bearish,Strong Downtrend (5<20<50),Normal,Distribusi (Turun),Gap Down (-14.0%),Tidak Ada Transaksi,Normal,Tinggi,Doji (Ragu-ragu),Dekat Support (Low Risk),< 1 Miliar,Persis di VWAP,Netral,Gorengan Sepi (< 5M),Ledakan Ekstrem (> 300%),Mark-Down (Fase Runtuh),Normal,Normal,Turun 1 Hari Beruntun,TP: 44 | CL: 42,Normal,Di Area Support,Oversold (Jenuh Jual - Peluang),Netral / Sepi Berita,Normal / Sedang Transisi,Golden Rebound Fibo Bottom / 100% 🎯,0,WAIT & SEE,TIDAK ADA,2026-09-28 11:55:04,Biasa / Mengikuti Pasar
11:55,PSSI,Transaksi Sepi (Skip Broksum),Mid Cap (Lapis 2),Overvalued (Mahal),0.0,12344.828,358.0,351,324,444,1.1299435028248588,345500,Normal,60,Positif,Uptrend,Death Cross,Bearish MACD,Konsolidasi / Transisi,Normal,Distribusi (Turun),Gap Up (+5.1%),Dominan Jual (Guyur),Normal,Sedang,Normal,Rawan Pucuk (High Risk),< 1 Miliar,Di Bawah VWAP (Lemah),Distribusi Pro (Guyuran),Gorengan Sepi (< 5M),Sepi (< 50%),Mark-Up (Fase Pesta),Spesialis Tiang Jemuran (Banting Pucuk),Normal,Naik 3 Hari Beruntun,TP: 384 | CL: 340,Open = High (Tekanan Jual),Ideal (1:2),Golden Cross (Awal Bullish),Netral / Sepi Berita,Normal / Sedang Transisi,Dekat Support Fibo 50.0%,4,WAIT & SEE,TIDAK ADA,2026-09-28 11:55:04,Biasa / Mengikuti Pasar
11:55,MORA,Transaksi Sepi (Skip Broksum),Big Cap (Lapis 1),Overvalued (Mahal),184.6648,12.208391,4600.0,5137,4480,5650,-3.966597077244259,181600,Normal,29,Negatif,Downtrend,Bearish,Strong Bearish,Strong Downtrend (5<20<50),Normal,Distribusi (Turun),Normal,Seimbang / Adu Mekanik,Normal,Tinggi,Normal,Dekat Support (Low Risk),< 1 Miliar,Di Bawah VWAP (Lemah),Distribusi Pro (Guyuran),Gorengan Sepi (< 5M),Normal (50-150%),Mark-Down (Fase Runtuh),Normal,Normal,Turun 2 Hari Beruntun,TP: 4904 | CL: 4397,Open = High (Tekanan Jual),Sangat Menarik (> 1:3),Oversold (Jenuh Jual - Peluang),Netral / Sepi Berita,Normal / Sedang Transisi,Mendekati Fibo Bottom / 100%,0,WAIT & SEE,TIDAK ADA,2026-09-28 11:55:04,Biasa / Mengikuti Pasar
11:55,DWGL,Transaksi Sepi (Skip Broksum),Mid Cap (Lapis 2),Overvalued (Mahal),8.257245,3.2192163,208.0,231,206,262,-3.7037037037037033,1770400,Normal,31,Negatif,Downtrend,Bearish,Bullish MACD,Strong Downtrend (5<20<50),Normal,Distribusi (Turun),Normal,Dominan Jual (Guyur),Normal,Tinggi,Normal,Dekat Support (Low Risk),< 1 Miliar,Di Bawah VWAP (Lemah),Distribusi Pro (Guyuran),Gorengan Sepi (< 5M),Normal (50-150%),Mark-Down (Fase Runtuh),Normal,Normal,Turun 3 Hari Beruntun,TP: 225 | CL: 196,Open = High (Tekanan Jual),Sangat Menarik (> 1:3),Oversold (Jenuh Jual - Peluang),Netral / Sepi Berita,Normal / Sedang Transisi,Golden Rebound Fibo Bottom / 100% 🎯,1,WAIT & SEE,TIDAK ADA,2026-09-28 11:55:04,Biasa / Mengikuti Pasar
11:55,PBID,Transaksi Sepi (Skip Broksum),Mid Cap (Lapis 2),Undervalued (Murah),6.377551,1.3332453,525.0,526,515,535,0.0,292900,Normal,50,Negatif,Downtrend,Bearish,Bearish MACD,Konsolidasi / Transisi,Normal,Distribusi (Turun),Normal,Dominan Beli (Hajar Kanan),Squeeze,Rendah,Doji (Ragu-ragu),Dekat Support (Low Risk),< 1 Miliar,Persis di VWAP,Akumulasi Pro (Smart Money),Gorengan Sepi (< 5M),Sepi (< 50%),Distribution (Fase Jualan),Normal,Jarum Bawah (Sinyal Pantulan Kuat),Sideways / Stagnan,TP: 540 | CL: 515,Normal,Menengah (1:1),Netral / Sideways,Netral / Sepi Berita,Normal / Sedang Transisi,Golden Rebound Fibo 50.0% 🎯,1,WAIT & SEE,TIDAK ADA,2026-09-28 11:55:04,Biasa / Mengikuti Pasar
11:55,CAMP,Transaksi Sepi (Skip Broksum),Small Cap (Lapis 3),Undervalued (Murah),12.393494,0.92201483,160.0,174,155,222,-5.325443786982249,2326200,Normal,38,Negatif,Downtrend,Death Cross,Bearish MACD,Konsolidasi / Transisi,Normal,Distribusi (Turun),Normal,Seimbang / Adu Mekanik,Normal,Tinggi,Normal,Area Tengah,< 1 Miliar,Di Bawah VWAP (Lemah),Distribusi Pro (Guyuran),Gorengan Sepi (< 5M),Sepi (< 50%),Distribution (Fase Jualan),Spesialis Tiang Jemuran (Banting Pucuk),Normal,Turun 6 Hari Beruntun,TP: 178 | CL: 147,Normal,Sangat Menarik (> 1:3),Oversold (Jenuh Jual - Peluang),Netral / Sepi Berita,Normal / Sedang Transisi,Mendekati Fibo Bottom / 100%,0,WAIT & SEE,TIDAK ADA,2026-09-28 11:55:04,Biasa / Mengikuti Pasar
11:55,IPCM,Transaksi Sepi (Skip Broksum),Mid Cap (Lapis 2),Undervalued (Murah),8.537693,1.1242853,282.0,290,280,300,-0.7042253521126761,316800,Normal,26,Negatif,Downtrend,Bearish,Strong Bearish,Strong Downtrend (5<20<50),Normal,Distribusi (Turun),Normal,Seimbang / Adu Mekanik,Squeeze,Rendah,Normal,Dekat Support (Low Risk),< 1 Miliar,Di Bawah VWAP (Lemah),Akumulasi Pro (Smart Money),Gorengan Sepi (< 5M),Sepi (< 50%),Mark-Down (Fase Runtuh),Normal,Normal,Turun 1 Hari Beruntun,TP: 289 | CL: 277,Normal,Sangat Menarik (> 1:3),Oversold (Jenuh Jual - Peluang),Netral / Sepi Berita,Normal / Sedang Transisi,Golden Rebound Fibo Bottom / 100% 🎯,0,WAIT & SEE,TIDAK ADA,2026-09-28 11:55:04,Biasa / Mengikuti Pasar
11:55,PCAR,Token Mati (Perlu Update),Small Cap (Lapis 3),Fair Value (Wajar),0.0,0.97894484,63.0,45,41,74,12.5,170075900,Tembus MA20,88,Positif,Uptrend,Bullish,Strong Bullish,Perfect Uptrend (5>20>50),Normal,Akumulasi (Naik),Gap Up (+12.5%),Seimbang / Adu Mekanik,Breakout Upper,Tinggi,Doji (Ragu-ragu),Rawan Pucuk (High Risk),> 1 Miliar,Di Atas VWAP (Kuat),Akumulasi Pro (Smart Money),Gorengan Sepi (< 5M),Ledakan Ekstrem (> 300%),Mark-Up (Fase Pesta),Spesialis Tiang Jemuran (Banting Pucuk),Jarum Bawah (Sinyal Pantulan Kuat),Naik 5 Hari Beruntun,TP: 68 | CL: 59,Normal,Tidak Ideal (< 1:1),Death Cross (Awal Bearish),Netral / Sepi Berita,Normal / Sedang Transisi,Mendekati Fibo 38.2%,8,BELI,TIDAK ADA,2026-09-28 11:55:04,⚠️ Anomali (Sudah Terbang)
11:55,HELI,Transaksi Sepi (Skip Broksum),Small Cap (Lapis 3),Fair Value (Wajar),7.539936,2.1571817,236.0,216,190,282,-1.6666666666666667,1400300,Normal,61,Negatif,Uptrend,Bullish,Strong Bullish,Perfect Uptrend (5>20>50),Normal,Akumulasi (Naik),Normal,Seimbang / Adu Mekanik,Normal,Tinggi,Normal,Rawan Pucuk (High Risk),< 1 Miliar,Di Bawah VWAP (Lemah),Distribusi Pro (Guyuran),Gorengan Sepi (< 5M),Sepi (< 50%),Mark-Up (Fase Pesta),Spesialis Tiang Jemuran (Banting Pucuk),Normal,Turun 2 Hari Beruntun,TP: 272 | CL: 211,Normal,Menengah (1:1),Netral / Sideways,Netral / Sepi Berita,Normal / Sedang Transisi,Mendekati Fibo 50.0%,5,WAIT & SEE,TIDAK ADA,2026-09-28 11:55:04,Biasa / Mengikuti Pasar
11:55,GHON,Transaksi Sepi (Skip Broksum),Small Cap (Lapis 3),Undervalued (Murah),9.977108,1.286133,1630.0,1654,1600,1705,0.6172839506172839,7100,Normal,46,Positif,Downtrend,Bearish,Bearish MACD,Konsolidasi / Transisi,Normal,Akumulasi (Naik),Normal,Dominan Beli (Hajar Kanan),Squeeze,Rendah,Normal,Dekat Support (Low Risk),< 1 Miliar,Persis di VWAP,Akumulasi Pro (Smart Money),Gorengan Sepi (< 5M),Normal (50-150%),Distribution (Fase Jualan),Normal,Jarum Bawah (Sinyal Pantulan Kuat),Naik 1 Hari Beruntun,TP: 1690 | CL: 1590,Normal,Ideal (1:2),Netral / Sideways,Netral / Sepi Berita,Normal / Sedang Transisi,Golden Rebound Fibo 50.0% 🎯,3,WAIT & SEE,TIDAK ADA,2026-09-28 11:55:04,Biasa / Mengikuti Pasar
11:55,DFAM,Token Mati (Perlu Update),Small Cap (Lapis 3),Overvalued (Mahal),0.0,23.206106,76.0,87,76,111,-14.606741573033707,73075900,Tembus MA20,40,Negatif,Downtrend,Bullish,Bearish MACD,Perfect Uptrend (5>20>50),Normal,Distribusi (Turun),Normal,Dominan Jual (Guyur),Normal,Tinggi,Normal,Dekat Support (Low Risk),> 1 Miliar,Di Bawah VWAP (Lemah),Distribusi Pro (Guyuran),Ritel Aktif (5M - 50M),Normal (50-150%),Distribution (Fase Jualan),Spesialis Tiang Jemuran (Banting Pucuk),Normal,Turun 4 Hari Beruntun,TP: 91 | CL: 65,Normal,Di Area Support,Netral / Sideways,Netral / Sepi Berita,Normal / Sedang Transisi,Mendekati Fibo Bottom / 100%,2,WAIT & SEE,TIDAK ADA,2026-09-28 11:55:04,Biasa / Mengikuti Pasar
11:55,BTPS,Token Mati (Perlu Update),Mid Cap (Lapis 2),Undervalued (Murah),5.9569316,0.70215225,935.0,1010,930,1080,-2.604166666666667,3432800,Normal,35,Negatif,Downtrend,Bearish,Strong Bearish,Konsolidasi / Transisi,Normal,Distribusi (Turun),Normal,Dominan Jual (Guyur),Bottom Rebound,Tinggi,Normal,Dekat Support (Low Risk),> 1 Miliar,Di Bawah VWAP (Lemah),Distribusi Pro (Guyuran),Gorengan Sepi (< 5M),Sepi (< 50%),Distribution (Fase Jualan),Normal,Normal,Turun 1 Hari Beruntun,TP: 981 | CL: 903,Open = High (Tekanan Jual),Sangat Menarik (> 1:3),Oversold (Jenuh Jual - Peluang),Netral / Sepi Berita,Normal / Sedang Transisi,Golden Rebound Fibo Bottom / 100% 🎯,0,WAIT & SEE,TIDAK ADA,2026-09-28 11:55:04,Biasa / Mengikuti Pasar
11:55,SPTO,Transaksi Sepi (Skip Broksum),Mid Cap (Lapis 2),Undervalued (Murah),6.341719,0.9527439,605.0,609,600,620,0.8333333333333334,346900,Normal,48,Positif,Downtrend,Bearish,Strong Bearish,Konsolidasi / Transisi,Normal,Akumulasi (Naik),Normal,Seimbang / Adu Mekanik,Squeeze,Rendah,Doji (Ragu-ragu),Dekat Support (Low Risk),< 1 Miliar,Persis di VWAP,Distribusi Pro (Guyuran),Gorengan Sepi (< 5M),Normal (50-150%),Distribution (Fase Jualan),Solid (Jarang Dibanting),Normal,Naik 1 Hari Beruntun,TP: 618 | CL: 595,Normal,Sangat Menarik (> 1:3),Golden Cross (Awal Bullish),Netral / Sepi Berita,Normal / Sedang Transisi,Dekat Support Fibo 38.2%,2,WAIT & SEE,TIDAK ADA,2026-09-28 11:55:04,Biasa / Mengikuti Pasar
11:55,PRIM,Transaksi Sepi (Skip Broksum),Small Cap (Lapis 3),Fair Value (Wajar),0.0,0.43621525,121.0,120,113,134,0.0,4679300,Normal,57,Negatif,Uptrend,Bullish,Bearish MACD,Perfect Uptrend (5>20>50),Normal,Distribusi (Turun),Normal,Dominan Beli (Hajar Kanan),Squeeze,Rendah,Doji (Ragu-ragu),Area Tengah,< 1 Miliar,Persis di VWAP,Akumulasi Pro (Smart Money),Gorengan Sepi (< 5M),Anomali Tinggi (150-300%),Mark-Up (Fase Pesta),Spesialis Tiang Jemuran (Banting Pucuk),Jarum Bawah (Sinyal Pantulan Kuat),Sideways / Stagnan,TP: 127 | CL: 116,Normal,Ideal (1:2),Netral / Sideways,Netral / Sepi Berita,Normal / Sedang Transisi,Mendekati Fibo 38.2%,4,WAIT & SEE,TIDAK ADA,2026-09-28 11:55:04,Biasa / Mengikuti Pasar
11:55,HEAL,Token Mati (Perlu Update),Mid Cap (Lapis 2),Fair Value (Wajar),24.498457,1.7555113,635.0,667,615,720,2.4193548387096775,2513800,Normal,35,Positif,Downtrend,Bearish,Strong Bearish,Strong Downtrend (5<20<50),Normal,Distribusi (Turun),Normal,Dominan Beli (Hajar Kanan),Normal,Sedang,Normal,Area Tengah,> 1 Miliar,Persis di VWAP,Distribusi Pro (Guyuran),Gorengan Sepi (< 5M),Sepi (< 50%),Mark-Down (Fase Runtuh),Normal,Normal,Naik 1 Hari Beruntun,TP: 665 | CL: 614,Normal,Sangat Menarik (> 1:3),Golden Cross (Awal Bullish),Netral / Sepi Berita,Normal / Sedang Transisi,Mendekati Fibo Bottom / 100%,2,WAIT & SEE,TIDAK ADA,2026-09-28 11:55:04,Biasa / Mengikuti Pasar
11:55,TRUK,Transaksi Sepi (Skip Broksum),Mid Cap (Lapis 2),Overvalued (Mahal),0.0,30.455416,2580.0,1297,815,2580,24.637681159420293,221900,Normal,98,Positif,Uptrend,Bullish,Strong Bullish,Perfect Uptrend (5>20>50),Normal,Akumulasi (Naik),Gap Up (+24.6%),Tidak Ada Transaksi,Breakout Upper,Tinggi,Doji (Ragu-ragu),Rawan Pucuk (High Risk),< 1 Miliar,Di Atas VWAP (Kuat),Netral,Gorengan Sepi (< 5M),Anomali Tinggi (150-300%),Mark-Up (Fase Pesta),Normal,Normal,Naik 8 Hari Beruntun,TP: 2741 | CL: 2472,Normal,Tidak Ideal (< 1:1),Overbought (Jenuh Beli - Rawan),Netral / Sepi Berita,Normal / Sedang Transisi,Mengambang (Jauh dari Fibo),7,BELI,TIDAK ADA,2026-09-28 11:55:04,⚠️ Anomali (Sudah Terbang)
11:55,PZZA,Transaksi Sepi (Skip Broksum),Small Cap (Lapis 3),Overvalued (Mahal),30.598291,0.5187203,179.0,188,177,226,0.0,106200,Normal,39,Negatif,Downtrend,Bearish,Strong Bearish,Konsolidasi / Transisi,Normal,Distribusi (Turun),Normal,Seimbang / Adu Mekanik,Bottom Rebound,Sedang,Normal,Dekat Support (Low Risk),< 1 Miliar,Di Bawah VWAP (Lemah),Distribusi Pro (Guyuran),Gorengan Sepi (< 5M),Sepi (< 50%),Distribution (Fase Jualan),Spesialis Tiang Jemuran (Banting Pucuk),Normal,Sideways / Stagnan,TP: 190 | CL: 171,Open = High (Tekanan Jual),Sangat Menarik (> 1:3),Oversold (Jenuh Jual - Peluang),Netral / Sepi Berita,Normal / Sedang Transisi,Golden Rebound Fibo 78.6% 🎯,0,WAIT & SEE,TIDAK ADA,2026-09-28 11:55:04,Biasa / Mengikuti Pasar
11:55,TUGU,Transaksi Sepi (Skip Broksum),Mid Cap (Lapis 2),Undervalued (Murah),6.0240965,0.6041068,1560.0,1472,1290,1705,0.0,560500,Normal,62,Negatif,Uptrend,Bullish,Strong Bullish,Perfect Uptrend (5>20>50),Normal,Distribusi (Turun),Normal,Seimbang / Adu Mekanik,Normal,Tinggi,Doji (Ragu-ragu),Rawan Pucuk (High Risk),< 1 Miliar,Persis di VWAP,Akumulasi Pro (Smart Money),Gorengan Sepi (< 5M),Sepi (< 50%),Mark-Up (Fase Pesta),Spesialis Tiang Jemuran (Banting Pucuk),Normal,Sideways / Stagnan,TP: 1674 | CL: 1483,Normal,Tidak Ideal (< 1:1),Netral / Sideways,Netral / Sepi Berita,Normal / Sedang Transisi,Mendekati Fibo 38.2%,4,WAIT & SEE,TIDAK ADA,2026-09-28 11:55:04,Biasa / Mengikuti Pasar
11:55,MSIN,Token Mati (Perlu Update),Big Cap (Lapis 1),Fair Value (Wajar),10.846245,1.6138042,182.0,282,174,346,-9.0,33419500,Normal,11,Negatif,Downtrend,Bearish,Strong Bearish,Strong Downtrend (5<20<50),Normal,Distribusi (Turun),Normal,Seimbang / Adu Mekanik,Normal,Tinggi,Normal,Area Tengah,> 1 Miliar,Di Bawah VWAP (Lemah),Distribusi Pro (Guyuran),Ritel Aktif (5M - 50M),Normal (50-150%),Mark-Down (Fase Runtuh),Spesialis Tiang Jemuran (Banting Pucuk),Normal,Turun 8 Hari Beruntun,TP: 214 | CL: 160,Open = High (Tekanan Jual),Sangat Menarik (> 1:3),Oversold (Jenuh Jual - Peluang),Netral / Sepi Berita,Normal / Sedang Transisi,Mendekati Fibo Bottom / 100%,0,WAIT & SEE,TIDAK ADA,2026-09-28 11:55:04,Biasa / Mengikuti Pasar
11:55,TNCA,Transaksi Sepi (Skip Broksum),Small Cap (Lapis 3),Overvalued (Mahal),50.763004,1.6476463,166.0,179,158,218,0.0,144700,Normal,43,Negatif,Downtrend,Bearish,Bearish MACD,Konsolidasi / Transisi,Normal,Distribusi (Turun),Normal,Seimbang / Adu Mekanik,Normal,Sedang,Normal,Area Tengah,< 1 Miliar,Di Bawah VWAP (Lemah),Distribusi Pro (Guyuran),Gorengan Sepi (< 5M),Sepi (< 50%),Distribution (Fase Jualan),Spesialis Tiang Jemuran (Banting Pucuk),Jarum Bawah (Sinyal Pantulan Kuat),Sideways / Stagnan,TP: 187 | CL: 151,Normal,Sangat Menarik (> 1:3),Oversold (Jenuh Jual - Peluang),Netral / Sepi Berita,Normal / Sedang Transisi,Golden Rebound Fibo 61.8% (Golden Ratio) 🎯,0,WAIT & SEE,TIDAK ADA,2026-09-28 11:55:04,Biasa / Mengikuti Pasar
11:55,MAPA,Token Mati (Perlu Update),Big Cap (Lapis 1),Fair Value (Wajar),9.560229,1.9363103,655.0,678,640,730,0.7692307692307693,4521800,Normal,45,Positif,Downtrend,Bearish,Strong Bearish,Konsolidasi / Transisi,Normal,Distribusi (Turun),Normal,Seimbang / Adu Mekanik,Normal,Sedang,Normal,Dekat Support (Low Risk),> 1 Miliar,Di Bawah VWAP (Lemah),Distribusi Pro (Guyuran),Ritel Aktif (5M - 50M),Sepi (< 50%),Distribution (Fase Jualan),Normal,Normal,Naik 2 Hari Beruntun,TP: 694 | CL: 628,Open = Low (Bullish Kuat),Sangat Menarik (> 1:3),Golden Cross (Awal Bullish),Netral / Sepi Berita,Normal / Sedang Transisi,Dekat Support Fibo 50.0%,1,WAIT & SEE,TIDAK ADA,2026-09-28 11:55:04,Biasa / Mengikuti Pasar
11:55,TCPI,Token Mati (Perlu Update),Mid Cap (Lapis 2),Overvalued (Mahal),59.3692,3.7226703,1600.0,1898,1380,2540,3.896103896103896,1280500,Normal,30,Positif,Downtrend,Bearish,Bullish MACD,Strong Downtrend (5<20<50),Normal,Akumulasi (Naik),Normal,Dominan Beli (Hajar Kanan),Normal,Tinggi,Normal,Rawan Pucuk (High Risk),> 1 Miliar,Di Atas VWAP (Kuat),Distribusi Pro (Guyuran),Gorengan Sepi (< 5M),Sepi (< 50%),Mark-Down (Fase Runtuh),Normal,Normal,Naik 1 Hari Beruntun,TP: 1848 | CL: 1434,Normal,Sangat Menarik (> 1:3),Golden Cross (Awal Bullish),Netral / Sepi Berita,Normal / Sedang Transisi,Mengambang (Jauh dari Fibo),4,WAIT & SEE,TIDAK ADA,2026-09-28 11:55:04,Biasa / Mengikuti Pasar
11:55,IPCC,Transaksi Sepi (Skip Broksum),Mid Cap (Lapis 2),Fair Value (Wajar),8.023961,1.5101619,1090.0,1120,1070,1165,0.9259259259259258,260000,Normal,36,Positif,Downtrend,Bearish,Strong Bearish,Strong Downtrend (5<20<50),Normal,Distribusi (Turun),Normal,Dominan Beli (Hajar Kanan),Bottom Rebound,Sedang,Normal,Dekat Support (Low Risk),< 1 Miliar,Persis di VWAP,Distribusi Pro (Guyuran),Gorengan Sepi (< 5M),Sepi (< 50%),Mark-Down (Fase Runtuh),Normal,Normal,Naik 1 Hari Beruntun,TP: 1117 | CL: 1071,Normal,Sangat Menarik (> 1:3),Golden Cross (Awal Bullish),Netral / Sepi Berita,Normal / Sedang Transisi,Dekat Support Fibo Bottom / 100%,2,WAIT & SEE,TIDAK ADA,2026-09-28 11:55:04,Biasa / Mengikuti Pasar
11:55,RISE,Token Mati (Perlu Update),Big Cap (Lapis 1),Overvalued (Mahal),63.23931,4.0237837,695.0,804,620,950,-0.7142857142857143,1558700,Normal,31,Negatif,Downtrend,Bearish,Strong Bearish,Strong Downtrend (5<20<50),Normal,Distribusi (Turun),Normal,Dominan Beli (Hajar Kanan),Normal,Tinggi,Doji (Ragu-ragu),Rawan Pucuk (High Risk),> 1 Miliar,Di Bawah VWAP (Lemah),Distribusi Pro (Guyuran),Gorengan Sepi (< 5M),Normal (50-150%),Mark-Down (Fase Runtuh),Spesialis Tiang Jemuran (Banting Pucuk),Jarum Bawah (Sinyal Pantulan Kuat),Turun 1 Hari Beruntun,TP: 802 | CL: 623,Normal,Sangat Menarik (> 1:3),Golden Cross (Awal Bullish),Netral / Sepi Berita,Normal / Sedang Transisi,Mengambang (Jauh dari Fibo),1,WAIT & SEE,TIDAK ADA,2026-09-28 11:55:04,Biasa / Mengikuti Pasar
11:55,BPTR,Transaksi Sepi (Skip Broksum),Small Cap (Lapis 3),Undervalued (Murah),8.210578,0.37925056,68.0,76,65,99,-4.225352112676056,5660000,Normal,42,Negatif,Downtrend,Bullish,Bearish MACD,Perfect Uptrend (5>20>50),Normal,Akumulasi (Naik),Gap Down (-4.2%),Seimbang / Adu Mekanik,Normal,Tinggi,Doji (Ragu-ragu),Area Tengah,< 1 Miliar,Di Bawah VWAP (Lemah),Akumulasi Pro (Smart Money),Ritel Aktif (5M - 50M),Sepi (< 50%),Distribution (Fase Jualan),Normal,Normal,Turun 4 Hari Beruntun,TP: 77 | CL: 61,Normal,Sangat Menarik (> 1:3),Oversold (Jenuh Jual - Peluang),Netral / Sepi Berita,Normal / Sedang Transisi,Mendekati Fibo Bottom / 100%,2,WAIT & SEE,TIDAK ADA,2026-09-28 11:55:04,Biasa / Mengikuti Pasar
11:55,NFCX,Transaksi Sepi (Skip Broksum),Mid Cap (Lapis 2),Overvalued (Mahal),0.0,4.3418555,1720.0,1713,1665,1800,0.2915451895043732,1900,Normal,57,Positif,Uptrend,Golden Cross,Bearish MACD,Perfect Uptrend (5>20>50),Normal,Akumulasi (Naik),Normal,Dominan Jual (Guyur),Squeeze,Rendah,Normal,Area Tengah,< 1 Miliar,Persis di VWAP,Distribusi Pro (Guyuran),Gorengan Sepi (< 5M),Sepi (< 50%),Mark-Up (Fase Pesta),Normal,Normal,Naik 2 Hari Beruntun,TP: 1780 | CL: 1679,Open = High (Tekanan Jual),Menengah (1:1),Netral / Sideways,Netral / Sepi Berita,Normal / Sedang Transisi,Dekat Support Fibo 38.2%,5,WAIT & SEE,TIDAK ADA,2026-09-28 11:55:04,Biasa / Mengikuti Pasar
11:55,MGRO,Token Mati (Perlu Update),Mid Cap (Lapis 2),Overvalued (Mahal),0.0,7.8820267,705.0,688,670,710,1.4388489208633095,2557900,Normal,61,Positif,Uptrend,Bullish,Strong Bullish,Perfect Uptrend (5>20>50),Normal,Akumulasi (Naik),Normal,Dominan Beli (Hajar Kanan),Squeeze,Rendah,Normal,Area Tengah,> 1 Miliar,Di Atas VWAP (Kuat),Akumulasi Pro (Smart Money),Gorengan Sepi (< 5M),Normal (50-150%),Mark-Up (Fase Pesta),Normal,Normal,Naik 1 Hari Beruntun,TP: 731 | CL: 687,Normal,Tidak Ideal (< 1:1),Overbought (Jenuh Beli - Rawan),Netral / Sepi Berita,Normal / Sedang Transisi,Dekat Support Fibo 23.6%,7,BELI,TIDAK ADA,2026-09-28 11:55:04,Biasa / Mengikuti Pasar
11:55,FILM,Token Mati (Perlu Update),Mid Cap (Lapis 2),Fair Value (Wajar),0.0,2.2373946,640.0,778,620,965,-2.2900763358778624,7374400,Normal,34,Negatif,Downtrend,Bearish,Strong Bearish,Strong Downtrend (5<20<50),Normal,Distribusi (Turun),Normal,Seimbang / Adu Mekanik,Normal,Tinggi,Normal,Area Tengah,> 1 Miliar,Di Bawah VWAP (Lemah),Distribusi Pro (Guyuran),Ritel Aktif (5M - 50M),Sepi (< 50%),Mark-Down (Fase Runtuh),Normal,Jarum Bawah (Sinyal Pantulan Kuat),Turun 3 Hari Beruntun,TP: 731 | CL: 579,Normal,Sangat Menarik (> 1:3),Oversold (Jenuh Jual - Peluang),Netral / Sepi Berita,Normal / Sedang Transisi,Mendekati Fibo Bottom / 100%,0,WAIT & SEE,TIDAK ADA,2026-09-28 11:55:04,Biasa / Mengikuti Pasar
11:55,ANDI,Token Mati (Perlu Update),Small Cap (Lapis 3),Fair Value (Wajar),0.0,2.4087787,27.0,20,16,27,22.727272727272727,167168300,Tembus MA20,75,Positif,Uptrend,Bullish,Strong Bullish,Perfect Uptrend (5>20>50),Akumulasi Kuat,Akumulasi (Naik),Gap Up (+9.1%),Dominan Beli (Hajar Kanan),Breakout Upper,Tinggi,Normal,Rawan Pucuk (High Risk),> 1 Miliar,Di Atas VWAP (Kuat),Akumulasi Pro (Smart Money),Gorengan Sepi (< 5M),Ledakan Ekstrem (> 300%),Mark-Up (Fase Pesta),Normal,Normal,Naik 1 Hari Beruntun,TP: 29 | CL: 25,Normal,Tidak Ideal (< 1:1),Overbought (Jenuh Beli - Rawan),Netral / Sepi Berita,Normal / Sedang Transisi,Mengambang (Jauh dari Fibo),10,BELI,TIDAK ADA,2026-09-28 11:55:04,⚠️ Anomali (Sudah Terbang)
11:55,LAND,Token Mati (Perlu Update),Small Cap (Lapis 3),Overvalued (Mahal),94.91526,0.34059322,56.0,71,56,80,-13.846153846153847,23275600,Normal,33,Negatif,Downtrend,Bearish,Strong Bearish,Strong Downtrend (5<20<50),Normal,Akumulasi (Naik),Gap Down (-13.8%),Dominan Jual (Guyur),Normal,Tinggi,Doji (Ragu-ragu),Dekat Support (Low Risk),> 1 Miliar,Di Bawah VWAP (Lemah),Akumulasi Pro (Smart Money),Ritel Aktif (5M - 50M),Sepi (< 50%),Mark-Down (Fase Runtuh),Spesialis Tiang Jemuran (Banting Pucuk),Normal,Turun 2 Hari Beruntun,TP: 64 | CL: 50,Normal,Di Area Support,Netral / Sideways,Netral / Sepi Berita,Normal / Sedang Transisi,Mengambang (Jauh dari Fibo),1,WAIT & SEE,TIDAK ADA,2026-09-28 11:55:04,Biasa / Mengikuti Pasar
11:55,MOLI,Token Mati (Perlu Update),Small Cap (Lapis 3),Undervalued (Murah),8.390647,0.7788676,366.0,339,298,404,-1.0810810810810811,3426400,Normal,64,Negatif,Uptrend,Bullish,Strong Bullish,Perfect Uptrend (5>20>50),Normal,Akumulasi (Naik),Normal,Seimbang / Adu Mekanik,Normal,Tinggi,Normal,Rawan Pucuk (High Risk),> 1 Miliar,Di Bawah VWAP (Lemah),Distribusi Pro (Guyuran),Gorengan Sepi (< 5M),Sepi (< 50%),Mark-Up (Fase Pesta),Normal,Normal,Turun 2 Hari Beruntun,TP: 400 | CL: 343,Normal,Tidak Ideal (< 1:1),Death Cross (Awal Bearish),Netral / Sepi Berita,Normal / Sedang Transisi,Dekat Support Fibo 23.6%,5,WAIT & SEE,TIDAK ADA,2026-09-28 11:55:04,Biasa / Mengikuti Pasar
11:55,PANI,Token Mati (Perlu Update),Big Cap (Lapis 1),Overvalued (Mahal),33.226303,2.972117,4750.0,5496,4750,6400,-1.859504132231405,3030900,Normal,21,Negatif,Downtrend,Bearish,Strong Bearish,Strong Downtrend (5<20<50),Normal,Distribusi (Turun),Normal,Dominan Jual (Guyur),Normal,Tinggi,Normal,Dekat Support (Low Risk),> 1 Miliar,Di Bawah VWAP (Lemah),Distribusi Pro (Guyuran),Ritel Aktif (5M - 50M),Normal (50-150%),Mark-Down (Fase Runtuh),Normal,Normal,Turun 3 Hari Beruntun,TP: 5021 | CL: 4568,Normal,Di Area Support,Oversold (Jenuh Jual - Peluang),Netral / Sepi Berita,Normal / Sedang Transisi,Golden Rebound Fibo Bottom / 100% 🎯,0,WAIT & SEE,TIDAK ADA,2026-09-28 11:55:04,Biasa / Mengikuti Pasar
11:55,CITY,Transaksi Sepi (Skip Broksum),Small Cap (Lapis 3),Overvalued (Mahal),39.95381,1.0410148,173.0,180,166,218,-2.8089887640449436,184900,Normal,44,Negatif,Downtrend,Bearish,Strong Bearish,Konsolidasi / Transisi,Normal,Akumulasi (Naik),Normal,Dominan Jual (Guyur),Normal,Tinggi,Normal,Area Tengah,< 1 Miliar,Di Bawah VWAP (Lemah),Distribusi Pro (Guyuran),Gorengan Sepi (< 5M),Sepi (< 50%),Distribution (Fase Jualan),Spesialis Tiang Jemuran (Banting Pucuk),Normal,Turun 1 Hari Beruntun,TP: 190 | CL: 161,Open = High (Tekanan Jual),Sangat Menarik (> 1:3),Netral / Sideways,Netral / Sepi Berita,Normal / Sedang Transisi,Mendekati Fibo 78.6%,1,WAIT & SEE,TIDAK ADA,2026-09-28 11:55:04,Biasa / Mengikuti Pasar
11:55,SAPX,Transaksi Sepi (Skip Broksum),Small Cap (Lapis 3),Overvalued (Mahal),139.20705,1.2403587,316.0,345,212,630,-11.235955056179774,1232100,Normal,49,Negatif,Downtrend,Bullish,Bearish MACD,Perfect Uptrend (5>20>50),Normal,Akumulasi (Naik),Normal,Dominan Jual (Guyur),Normal,Tinggi,Normal,Rawan Pucuk (High Risk),< 1 Miliar,Di Bawah VWAP (Lemah),Akumulasi Pro (Smart Money),Gorengan Sepi (< 5M),Sepi (< 50%),Distribution (Fase Jualan),Normal,Normal,Turun 3 Hari Beruntun,TP: 422 | CL: 244,Normal,Sangat Menarik (> 1:3),Netral / Sideways,Netral / Sepi Berita,Normal / Sedang Transisi,Mengambang (Jauh dari Fibo),2,WAIT & SEE,TIDAK ADA,2026-09-28 11:55:04,Biasa / Mengikuti Pasar
11:55,SURE,Transaksi Sepi (Skip Broksum),Mid Cap (Lapis 2),Overvalued (Mahal),1974.1936,-14.249857,3060.0,3001,2570,3500,-1.2903225806451613,1800,Normal,56,Negatif,Uptrend,Bullish,Strong Bullish,Perfect Uptrend (5>20>50),Normal,Akumulasi (Naik),Normal,Seimbang / Adu Mekanik,Normal,Tinggi,Normal,Rawan Pucuk (High Risk),< 1 Miliar,Di Atas VWAP (Kuat),Akumulasi Pro (Smart Money),Gorengan Sepi (< 5M),Normal (50-150%),Mark-Up (Fase Pesta),Normal,Normal,Turun 2 Hari Beruntun,TP: 3260 | CL: 2926,Open = High (Tekanan Jual),Tidak Ideal (< 1:1),Netral / Sideways,Netral / Sepi Berita,Normal / Sedang Transisi,Dekat Support Fibo 50.0%,5,WAIT & SEE,TIDAK ADA,2026-09-28 11:55:04,Biasa / Mengikuti Pasar
11:55,MPRO,Transaksi Sepi (Skip Broksum),Big Cap (Lapis 1),Overvalued (Mahal),0.0,147.4889,11700.0,12045,10425,12600,-3.3057851239669422,200,Normal,45,Negatif,Downtrend,Death Cross,Strong Bearish,Strong Downtrend (5<20<50),Normal,Akumulasi (Naik),Gap Down (-3.3%),Tidak Ada Transaksi,Squeeze,Rendah,Doji (Ragu-ragu),Rawan Pucuk (High Risk),< 1 Miliar,Di Bawah VWAP (Lemah),Akumulasi Pro (Smart Money),Gorengan Sepi (< 5M),Sepi (< 50%),Mark-Down (Fase Runtuh),Normal,Normal,Turun 1 Hari Beruntun,TP: 12500 | CL: 11166,Normal,Tidak Ideal (< 1:1),Death Cross (Awal Bearish),Netral / Sepi Berita,Normal / Sedang Transisi,Dekat Support Fibo 61.8% (Golden Ratio),1,WAIT & SEE,TIDAK ADA,2026-09-28 11:55:04,Biasa / Mengikuti Pasar
11:55,GOOD,Transaksi Sepi (Skip Broksum),Big Cap (Lapis 1),Fair Value (Wajar),16.105263,2.8892183,306.0,313,286,326,1.3245033112582782,141900,Normal,45,Positif,Downtrend,Bearish,Strong Bearish,Konsolidasi / Transisi,Normal,Distribusi (Turun),Normal,Seimbang / Adu Mekanik,Squeeze,Rendah,Normal,Area Tengah,< 1 Miliar,Persis di VWAP,Distribusi Pro (Guyuran),Gorengan Sepi (< 5M),Normal (50-150%),Distribution (Fase Jualan),Solid (Jarang Dibanting),Normal,Naik 1 Hari Beruntun,TP: 321 | CL: 295,Open = Low (Bullish Kuat),Menengah (1:1),Netral / Sideways,Netral / Sepi Berita,Normal / Sedang Transisi,Dekat Support Fibo 50.0%,1,WAIT & SEE,TIDAK ADA,2026-09-28 11:55:04,Biasa / Mengikuti Pasar
11:55,SKRN,Transaksi Sepi (Skip Broksum),Mid Cap (Lapis 2),Overvalued (Mahal),16.60707,4.868844,418.0,407,378,480,1.951219512195122,15400,Normal,56,Positif,Uptrend,Bullish,Strong Bullish,Perfect Uptrend (5>20>50),Normal,Akumulasi (Naik),Gap Up (+2.9%),Dominan Beli (Hajar Kanan),Normal,Sedang,Hammer (Potensi Reversal),Rawan Pucuk (High Risk),< 1 Miliar,Di Bawah VWAP (Lemah),Distribusi Pro (Guyuran),Gorengan Sepi (< 5M),Sepi (< 50%),Mark-Up (Fase Pesta),Spesialis Tiang Jemuran (Banting Pucuk),Jarum Bawah (Sinyal Pantulan Kuat),Naik 1 Hari Beruntun,TP: 462 | CL: 388,Open = High (Tekanan Jual),Ideal (1:2),Netral / Sideways,Netral / Sepi Berita,Normal / Sedang Transisi,Mendekati Fibo 50.0%,8,BELI,TIDAK ADA,2026-09-28 11:55:04,Biasa / Mengikuti Pasar
11:55,YELO,Token Mati (Perlu Update),Small Cap (Lapis 3),Undervalued (Murah),4.487024,0.5335794,74.0,93,69,111,0.0,21884000,Normal,32,Negatif,Downtrend,Bearish,Strong Bearish,Konsolidasi / Transisi,Normal,Distribusi (Turun),Normal,Seimbang / Adu Mekanik,Normal,Tinggi,Doji (Ragu-ragu),Area Tengah,> 1 Miliar,Di Bawah VWAP (Lemah),Distribusi Pro (Guyuran),Gorengan Sepi (< 5M),Normal (50-150%),Distribution (Fase Jualan),Normal,Normal,Sideways / Stagnan,TP: 83 | CL: 67,Normal,Sangat Menarik (> 1:3),Oversold (Jenuh Jual - Peluang),Netral / Sepi Berita,Normal / Sedang Transisi,Mendekati Fibo 78.6%,0,WAIT & SEE,TIDAK ADA,2026-09-28 11:55:04,Biasa / Mengikuti Pasar
11:55,CAKK,Transaksi Sepi (Skip Broksum),Small Cap (Lapis 3),Undervalued (Murah),13.093153,1.4075037,157.0,159,151,169,-1.875,52700,Normal,52,Negatif,Downtrend,Death Cross,Bearish MACD,Konsolidasi / Transisi,Normal,Distribusi (Turun),Normal,Dominan Beli (Hajar Kanan),Squeeze,Rendah,Hammer (Potensi Reversal),Area Tengah,< 1 Miliar,Di Bawah VWAP (Lemah),Akumulasi Pro (Smart Money),Gorengan Sepi (< 5M),Sepi (< 50%),Distribution (Fase Jualan),Normal,Jarum Bawah (Sinyal Pantulan Kuat),Turun 1 Hari Beruntun,TP: 167 | CL: 149,Open = High (Tekanan Jual),Ideal (1:2),Netral / Sideways,Netral / Sepi Berita,Normal / Sedang Transisi,Mendekati Fibo 38.2%,2,WAIT & SEE,TIDAK ADA,2026-09-28 11:55:04,Biasa / Mengikuti Pasar
11:55,SATU,Transaksi Sepi (Skip Broksum),Small Cap (Lapis 3),Overvalued (Mahal),0.0,7.442032,242.0,243,230,254,1.680672268907563,2255200,Tembus MA20,44,Positif,Downtrend,Bearish,Bullish MACD,Strong Downtrend (5<20<50),Normal,Akumulasi (Naik),Normal,Seimbang / Adu Mekanik,Squeeze,Rendah,Normal,Area Tengah,< 1 Miliar,Di Atas VWAP (Kuat),Akumulasi Pro (Smart Money),Gorengan Sepi (< 5M),Normal (50-150%),Mark-Down (Fase Runtuh),Normal,Normal,Naik 1 Hari Beruntun,TP: 250 | CL: 236,Open = Low (Bullish Kuat),Menengah (1:1),Netral / Sideways,Netral / Sepi Berita,Normal / Sedang Transisi,Dekat Support Fibo 78.6%,4,WAIT & SEE,TIDAK ADA,2026-09-28 11:55:04,Biasa / Mengikuti Pasar
11:55,SOSS,Transaksi Sepi (Skip Broksum),Small Cap (Lapis 3),Overvalued (Mahal),22.382492,5.868962,990.0,942,840,1110,11.235955056179774,107300,Tembus MA20,66,Positif,Uptrend,Bearish,Bearish MACD,Konsolidasi / Transisi,Akumulasi Kuat,Akumulasi (Naik),Gap Down (-2.2%),Seimbang / Adu Mekanik,Normal,Tinggi,Normal,Rawan Pucuk (High Risk),< 1 Miliar,Persis di VWAP,Distribusi Pro (Guyuran),Gorengan Sepi (< 5M),Ledakan Ekstrem (> 300%),Mark-Up (Fase Pesta),Solid (Jarang Dibanting),Normal,Naik 1 Hari Beruntun,TP: 1031 | CL: 962,Open = Low (Bullish Kuat),Tidak Ideal (< 1:1),Netral / Sideways,Netral / Sepi Berita,Normal / Sedang Transisi,Mengambang (Jauh dari Fibo),6,WAIT & SEE,TIDAK ADA,2026-09-28 11:55:04,Biasa / Mengikuti Pasar
11:55,POLA,Token Mati (Perlu Update),Small Cap (Lapis 3),Overvalued (Mahal),45.833336,1.1554276,78.0,70,52,103,9.859154929577464,27884600,Normal,59,Positif,Uptrend,Bullish,Bearish MACD,Perfect Uptrend (5>20>50),Normal,Distribusi (Turun),Normal,Dominan Beli (Hajar Kanan),Normal,Tinggi,Normal,Rawan Pucuk (High Risk),> 1 Miliar,Di Atas VWAP (Kuat),Distribusi Pro (Guyuran),Gorengan Sepi (< 5M),Sepi (< 50%),Mark-Up (Fase Pesta),Normal,Normal,Naik 1 Hari Beruntun,TP: 95 | CL: 66,Normal,Tidak Ideal (< 1:1),Netral / Sideways,Netral / Sepi Berita,Normal / Sedang Transisi,Dekat Support Fibo 50.0%,5,WAIT & SEE,TIDAK ADA,2026-09-28 11:55:04,Biasa / Mengikuti Pasar
11:55,DIVA,Transaksi Sepi (Skip Broksum),Small Cap (Lapis 3),Fair Value (Wajar),0.0,0.29400167,126.0,138,123,165,-5.263157894736842,1072200,Normal,40,Negatif,Downtrend,Death Cross,Bearish MACD,Konsolidasi / Transisi,Normal,Distribusi (Turun),Gap Up (+3.0%),Dominan Jual (Guyur),Normal,Sedang,Normal,Dekat Support (Low Risk),< 1 Miliar,Di Bawah VWAP (Lemah),Distribusi Pro (Guyuran),Gorengan Sepi (< 5M),Sepi (< 50%),Distribution (Fase Jualan),Normal,Normal,Turun 3 Hari Beruntun,TP: 141 | CL: 115,Open = High (Tekanan Jual),Sangat Menarik (> 1:3),Oversold (Jenuh Jual - Peluang),Netral / Sepi Berita,Normal / Sedang Transisi,Golden Rebound Fibo 61.8% (Golden Ratio) 🎯,1,WAIT & SEE,TIDAK ADA,2026-09-28 11:55:04,Biasa / Mengikuti Pasar
11:55,LUCK,Transaksi Sepi (Skip Broksum),Small Cap (Lapis 3),Fair Value (Wajar),0.0,0.64522356,107.0,115,96,127,1.9047619047619049,3419300,Normal,39,Positif,Downtrend,Bearish,Strong Bearish,Konsolidasi / Transisi,Normal,Distribusi (Turun),Gap Down (-8.6%),Dominan Beli (Hajar Kanan),Normal,Sedang,Normal,Rawan Pucuk (High Risk),< 1 Miliar,Di Bawah VWAP (Lemah),Distribusi Pro (Guyuran),Gorengan Sepi (< 5M),Sepi (< 50%),Distribution (Fase Jualan),Spesialis Tiang Jemuran (Banting Pucuk),Normal,Naik 1 Hari Beruntun,TP: 116 | CL: 100,Open = Low (Bullish Kuat),Ideal (1:2),Golden Cross (Awal Bullish),Netral / Sepi Berita,Normal / Sedang Transisi,Mengambang (Jauh dari Fibo),2,WAIT & SEE,TIDAK ADA,2026-09-28 11:55:04,Biasa / Mengikuti Pasar
11:55,URBN,Transaksi Sepi (Skip Broksum),Small Cap (Lapis 3),Fair Value (Wajar),0.0,1.0855759,298.0,237,206,340,6.428571428571428,1412800,Tembus MA20,86,Positif,Uptrend,Bullish,Strong Bullish,Perfect Uptrend (5>20>50),Distribusi Kuat,Akumulasi (Naik),Gap Up (+7.1%),Seimbang / Adu Mekanik,Breakout Upper,Tinggi,Doji (Ragu-ragu),Rawan Pucuk (High Risk),< 1 Miliar,Di Atas VWAP (Kuat),Akumulasi Pro (Smart Money),Gorengan Sepi (< 5M),Anomali Tinggi (150-300%),Mark-Up (Fase Pesta),Solid (Jarang Dibanting),Jarum Bawah (Sinyal Pantulan Kuat),Naik 4 Hari Beruntun,TP: 319 | CL: 283,Normal,Tidak Ideal (< 1:1),Death Cross (Awal Bearish),Netral / Sepi Berita,Supply Banjir (Distribusi) 🌊,Mendekati Fibo 38.2%,8,BELI,TIDAK ADA,2026-09-28 11:55:04,⚠️ Anomali (Sudah Terbang)
11:55,SOTS,Transaksi Sepi (Skip Broksum),Small Cap (Lapis 3),Fair Value (Wajar),0.0,2.928447,498.0,593,486,655,-11.858407079646017,403600,Tembus MA20,28,Negatif,Downtrend,Bearish,Strong Bearish,Strong Downtrend (5<20<50),Normal,Distribusi (Turun),Normal,Dominan Jual (Guyur),Normal,Tinggi,Normal,Dekat Support (Low Risk),< 1 Miliar,Di Bawah VWAP (Lemah),Distribusi Pro (Guyuran),Gorengan Sepi (< 5M),Anomali Tinggi (150-300%),Mark-Down (Fase Runtuh),Normal,Normal,Turun 2 Hari Beruntun,TP: 546 | CL: 465,Open = High (Tekanan Jual),Sangat Menarik (> 1:3),Netral / Sideways,Netral / Sepi Berita,Normal / Sedang Transisi,Dekat Support Fibo Bottom / 100%,1,WAIT & SEE,TIDAK ADA,2026-09-28 11:55:04,Biasa / Mengikuti Pasar
11:55,ZONE,Transaksi Sepi (Skip Broksum),Small Cap (Lapis 3),Undervalued (Murah),11.252681,1.377799,635.0,703,630,960,-7.2992700729927,9500,Normal,34,Negatif,Downtrend,Bearish,Strong Bearish,Konsolidasi / Transisi,Normal,Distribusi (Turun),Gap Down (-3.6%),Dominan Jual (Guyur),Normal,Sedang,Normal,Dekat Support (Low Risk),< 1 Miliar,Di Bawah VWAP (Lemah),Akumulasi Pro (Smart Money),Gorengan Sepi (< 5M),Sepi (< 50%),Distribution (Fase Jualan),Spesialis Tiang Jemuran (Banting Pucuk),Normal,Turun 2 Hari Beruntun,TP: 689 | CL: 598,Normal,Sangat Menarik (> 1:3),Netral / Sideways,Netral / Sepi Berita,Supply Kering (Siap Pump) 🏜️,Mengambang (Jauh dari Fibo),0,WAIT & SEE,TIDAK ADA,2026-09-28 11:55:04,Biasa / Mengikuti Pasar
11:55,PEHA,Transaksi Sepi (Skip Broksum),Small Cap (Lapis 3),Undervalued (Murah),6.1653824,0.5976176,296.0,299,282,378,2.7777777777777777,128200,Normal,54,Positif,Downtrend,Bearish,Bearish MACD,Konsolidasi / Transisi,Normal,Distribusi (Turun),Normal,Dominan Beli (Hajar Kanan),Normal,Tinggi,Normal,Area Tengah,< 1 Miliar,Di Bawah VWAP (Lemah),Distribusi Pro (Guyuran),Gorengan Sepi (< 5M),Sepi (< 50%),Distribution (Fase Jualan),Spesialis Tiang Jemuran (Banting Pucuk),Normal,Naik 1 Hari Beruntun,TP: 323 | CL: 277,Normal,Sangat Menarik (> 1:3),Golden Cross (Awal Bullish),Netral / Sepi Berita,Normal / Sedang Transisi,Mengambang (Jauh dari Fibo),3,WAIT & SEE,TIDAK ADA,2026-09-28 11:55:04,Biasa / Mengikuti Pasar
11:55,BEEF,Token Mati (Perlu Update),Mid Cap (Lapis 2),Overvalued (Mahal),40.837696,8.368918,384.0,437,380,486,-11.11111111111111,3754900,Normal,37,Negatif,Downtrend,Death Cross,Bearish MACD,Konsolidasi / Transisi,Normal,Akumulasi (Naik),Gap Down (-5.1%),Dominan Jual (Guyur),Normal,Tinggi,Normal,Dekat Support (Low Risk),> 1 Miliar,Di Bawah VWAP (Lemah),Distribusi Pro (Guyuran),Gorengan Sepi (< 5M),Normal (50-150%),Distribution (Fase Jualan),Spesialis Tiang Jemuran (Banting Pucuk),Normal,Turun 3 Hari Beruntun,TP: 425 | CL: 356,Normal,Sangat Menarik (> 1:3),Netral / Sideways,Netral / Sepi Berita,Normal / Sedang Transisi,Mengambang (Jauh dari Fibo),1,WAIT & SEE,TIDAK ADA,2026-09-28 11:55:04,Biasa / Mengikuti Pasar
11:55,POLI,Transaksi Sepi (Skip Broksum),Mid Cap (Lapis 2),Overvalued (Mahal),27.434431,0.8544408,910.0,939,820,1100,-3.7037037037037033,51300,Normal,52,Negatif,Downtrend,Death Cross,Bearish MACD,Konsolidasi / Transisi,Normal,Distribusi (Turun),Normal,Seimbang / Adu Mekanik,Normal,Tinggi,Normal,Rawan Pucuk (High Risk),< 1 Miliar,Di Bawah VWAP (Lemah),Akumulasi Pro (Smart Money),Gorengan Sepi (< 5M),Normal (50-150%),Distribution (Fase Jualan),Spesialis Tiang Jemuran (Banting Pucuk),Jarum Bawah (Sinyal Pantulan Kuat),Turun 1 Hari Beruntun,TP: 1047 | CL: 818,Normal,Ideal (1:2),Netral / Sideways,Netral / Sepi Berita,Normal / Sedang Transisi,Mendekati Fibo 50.0%,1,WAIT & SEE,TIDAK ADA,2026-09-28 11:55:04,Biasa / Mengikuti Pasar
11:55,CLAY,Transaksi Sepi (Skip Broksum),Mid Cap (Lapis 2),Overvalued (Mahal),274.0668,251.05733,2700.0,2725,2500,2850,-1.8181818181818181,11500,Normal,48,Negatif,Downtrend,Bullish,Bearish MACD,Perfect Uptrend (5>20>50),Normal,Distribusi (Turun),Normal,Dominan Jual (Guyur),Squeeze,Rendah,Doji (Ragu-ragu),Area Tengah,< 1 Miliar,Persis di VWAP,Akumulasi Pro (Smart Money),Gorengan Sepi (< 5M),Normal (50-150%),Distribution (Fase Jualan),Spesialis Tiang Jemuran (Banting Pucuk),Normal,Turun 1 Hari Beruntun,TP: 2860 | CL: 2592,Normal,Tidak Ideal (< 1:1),Death Cross (Awal Bearish),Netral / Sepi Berita,Normal / Sedang Transisi,Dekat Support Fibo 38.2%,1,WAIT & SEE,TIDAK ADA,2026-09-28 11:55:04,Biasa / Mengikuti Pasar
11:55,NATO,Transaksi Sepi (Skip Broksum),Mid Cap (Lapis 2),Overvalued (Mahal),0.0,4.071179,1065.0,1092,685,1575,0.9478672985781991,147400,Normal,54,Positif,Downtrend,Bullish,Bearish MACD,Perfect Uptrend (5>20>50),Normal,Akumulasi (Naik),Normal,Dominan Beli (Hajar Kanan),Normal,Tinggi,Normal,Rawan Pucuk (High Risk),< 1 Miliar,Di Bawah VWAP (Lemah),Akumulasi Pro (Smart Money),Gorengan Sepi (< 5M),Sepi (< 50%),Distribution (Fase Jualan),Normal,Jarum Bawah (Sinyal Pantulan Kuat),Naik 1 Hari Beruntun,TP: 1264 | CL: 931,Normal,Menengah (1:1),Golden Cross (Awal Bullish),Netral / Sepi Berita,Normal / Sedang Transisi,Golden Rebound Fibo 50.0% 🎯,5,WAIT & SEE,TIDAK ADA,2026-09-28 11:55:04,Biasa / Mengikuti Pasar
11:55,JAYA,Transaksi Sepi (Skip Broksum),Small Cap (Lapis 3),Undervalued (Murah),10.960961,0.8699538,146.0,157,135,196,-3.9473684210526314,2694500,Normal,46,Negatif,Downtrend,Death Cross,Bearish MACD,Konsolidasi / Transisi,Normal,Distribusi (Turun),Normal,Seimbang / Adu Mekanik,Normal,Tinggi,Normal,Area Tengah,< 1 Miliar,Di Bawah VWAP (Lemah),Akumulasi Pro (Smart Money),Gorengan Sepi (< 5M),Sepi (< 50%),Distribution (Fase Jualan),Normal,Normal,Turun 3 Hari Beruntun,TP: 164 | CL: 133,Open = High (Tekanan Jual),Sangat Menarik (> 1:3),Netral / Sideways,Netral / Sepi Berita,Normal / Sedang Transisi,Dekat Support Fibo 61.8% (Golden Ratio),0,WAIT & SEE,TIDAK ADA,2026-09-28 11:55:04,Biasa / Mengikuti Pasar
11:55,COCO,Token Mati (Perlu Update),Mid Cap (Lapis 2),Overvalued (Mahal),14.295532,4.5025544,103.0,127,100,151,0.9803921568627451,93845000,Normal,37,Positif,Downtrend,Bearish,Strong Bearish,Konsolidasi / Transisi,Normal,Distribusi (Turun),Normal,Seimbang / Adu Mekanik,Bottom Rebound,Tinggi,Normal,Dekat Support (Low Risk),> 1 Miliar,Di Bawah VWAP (Lemah),Distribusi Pro (Guyuran),Ritel Aktif (5M - 50M),Sepi (< 50%),Distribution (Fase Jualan),Normal,Normal,Naik 1 Hari Beruntun,TP: 117 | CL: 93,Normal,Sangat Menarik (> 1:3),Oversold (Jenuh Jual - Peluang),Netral / Sepi Berita,Normal / Sedang Transisi,Mendekati Fibo 78.6%,1,WAIT & SEE,TIDAK ADA,2026-09-28 11:55:04,Biasa / Mengikuti Pasar
11:55,HRME,Token Mati (Perlu Update),Small Cap (Lapis 3),Fair Value (Wajar),0.0,0.49624434,44.0,43,38,51,4.761904761904762,60022800,Tembus MA20,52,Positif,Uptrend,Bullish,Bearish MACD,Perfect Uptrend (5>20>50),Akumulasi Kuat,Akumulasi (Naik),Gap Down (-4.8%),Seimbang / Adu Mekanik,Normal,Sedang,Normal,Rawan Pucuk (High Risk),> 1 Miliar,Persis di VWAP,Distribusi Pro (Guyuran),Gorengan Sepi (< 5M),Ledakan Ekstrem (> 300%),Mark-Up (Fase Pesta),Normal,Normal,Naik 1 Hari Beruntun,TP: 47 | CL: 41,Normal,Menengah (1:1),Golden Cross (Awal Bullish),Netral / Sepi Berita,Normal / Sedang Transisi,Mendekati Fibo 61.8% (Golden Ratio),7,BELI,TIDAK ADA,2026-09-28 11:55:04,Biasa / Mengikuti Pasar
11:55,JAST,Transaksi Sepi (Skip Broksum),Small Cap (Lapis 3),Fair Value (Wajar),0.0,1.5394208,79.0,90,75,102,-3.6585365853658534,6463000,Normal,36,Negatif,Downtrend,Bearish,Strong Bearish,Konsolidasi / Transisi,Normal,Akumulasi (Naik),Normal,Seimbang / Adu Mekanik,Normal,Tinggi,Normal,Area Tengah,< 1 Miliar,Di Bawah VWAP (Lemah),Distribusi Pro (Guyuran),Gorengan Sepi (< 5M),Normal (50-150%),Distribution (Fase Jualan),Spesialis Tiang Jemuran (Banting Pucuk),Normal,Turun 2 Hari Beruntun,TP: 87 | CL: 73,Open = High (Tekanan Jual),Sangat Menarik (> 1:3),Netral / Sideways,Netral / Sepi Berita,Normal / Sedang Transisi,Mengambang (Jauh dari Fibo),1,WAIT & SEE,TIDAK ADA,2026-09-28 11:55:04,Biasa / Mengikuti Pasar
11:55,FITT,Transaksi Sepi (Skip Broksum),Small Cap (Lapis 3),Overvalued (Mahal),0.0,7.25927,410.0,441,384,530,-4.651162790697675,1071700,Normal,46,Negatif,Downtrend,Death Cross,Bearish MACD,Konsolidasi / Transisi,Normal,Akumulasi (Naik),Normal,Seimbang / Adu Mekanik,Normal,Tinggi,Normal,Area Tengah,< 1 Miliar,Di Bawah VWAP (Lemah),Distribusi Pro (Guyuran),Gorengan Sepi (< 5M),Normal (50-150%),Distribution (Fase Jualan),Spesialis Tiang Jemuran (Banting Pucuk),Normal,Turun 2 Hari Beruntun,TP: 466 | CL: 372,Normal,Sangat Menarik (> 1:3),Netral / Sideways,Netral / Sepi Berita,Normal / Sedang Transisi,Dekat Support Fibo 61.8% (Golden Ratio),1,WAIT & SEE,TIDAK ADA,2026-09-28 11:55:04,Biasa / Mengikuti Pasar
11:55,BOLA,Transaksi Sepi (Skip Broksum),Mid Cap (Lapis 2),Fair Value (Wajar),0.0,1.7233906,167.0,175,147,199,-2.9069767441860463,529900,Normal,47,Negatif,Downtrend,Bearish,Bearish MACD,Konsolidasi / Transisi,Normal,Distribusi (Turun),Normal,Seimbang / Adu Mekanik,Normal,Tinggi,Normal,Rawan Pucuk (High Risk),< 1 Miliar,Di Bawah VWAP (Lemah),Akumulasi Pro (Smart Money),Gorengan Sepi (< 5M),Sepi (< 50%),Distribution (Fase Jualan),Normal,Normal,Turun 3 Hari Beruntun,TP: 182 | CL: 156,Open = High (Tekanan Jual),Ideal (1:2),Netral / Sideways,Netral / Sepi Berita,Normal / Sedang Transisi,Dekat Support Fibo 61.8% (Golden Ratio),0,WAIT & SEE,TIDAK ADA,2026-09-28 11:55:04,Biasa / Mengikuti Pasar
11:55,CCSI,Transaksi Sepi (Skip Broksum),Small Cap (Lapis 3),Undervalued (Murah),9.780402,0.7707391,318.0,350,258,510,-7.017543859649122,1974800,Normal,45,Negatif,Downtrend,Bullish,Bearish MACD,Perfect Uptrend (5>20>50),Normal,Distribusi (Turun),Gap Down (-4.1%),Dominan Jual (Guyur),Normal,Tinggi,Normal,Rawan Pucuk (High Risk),< 1 Miliar,Di Bawah VWAP (Lemah),Distribusi Pro (Guyuran),Gorengan Sepi (< 5M),Sepi (< 50%),Distribution (Fase Jualan),Spesialis Tiang Jemuran (Banting Pucuk),Normal,Turun 3 Hari Beruntun,TP: 406 | CL: 258,Normal,Sangat Menarik (> 1:3),Netral / Sideways,Netral / Sepi Berita,Normal / Sedang Transisi,Mengambang (Jauh dari Fibo),1,WAIT & SEE,TIDAK ADA,2026-09-28 11:55:04,Biasa / Mengikuti Pasar
11:55,SFAN,Transaksi Sepi (Skip Broksum),Mid Cap (Lapis 2),Overvalued (Mahal),0.0,28.403833,1995.0,2024,1990,2060,-0.25,15000,Normal,40,Negatif,Downtrend,Bearish,Strong Bearish,Konsolidasi / Transisi,Normal,Distribusi (Turun),Normal,Tidak Ada Transaksi,Squeeze,Rendah,Doji (Ragu-ragu),Dekat Support (Low Risk),< 1 Miliar,Persis di VWAP,Distribusi Pro (Guyuran),Gorengan Sepi (< 5M),Sepi (< 50%),Distribution (Fase Jualan),Normal,Normal,Turun 1 Hari Beruntun,TP: 2016 | CL: 1980,Normal,Sangat Menarik (> 1:3),Oversold (Jenuh Jual - Peluang),Netral / Sepi Berita,Normal / Sedang Transisi,Golden Rebound Fibo 61.8% (Golden Ratio) 🎯,0,WAIT & SEE,TIDAK ADA,2026-09-28 11:55:04,Biasa / Mengikuti Pasar
11:55,POLU,Transaksi Sepi (Skip Broksum),Big Cap (Lapis 1),Overvalued (Mahal),0.0,98.65716,16075.0,17443,14500,20050,-0.7716049382716049,17400,Normal,49,Negatif,Downtrend,Bearish,Bearish MACD,Konsolidasi / Transisi,Normal,Distribusi (Turun),Normal,Seimbang / Adu Mekanik,Normal,Tinggi,Normal,Rawan Pucuk (High Risk),< 1 Miliar,Di Bawah VWAP (Lemah),Distribusi Pro (Guyuran),Gorengan Sepi (< 5M),Normal (50-150%),Distribution (Fase Jualan),Normal,Jarum Bawah (Sinyal Pantulan Kuat),Turun 3 Hari Beruntun,TP: 18541 | CL: 14430,Normal,Ideal (1:2),Netral / Sideways,Netral / Sepi Berita,Normal / Sedang Transisi,Mengambang (Jauh dari Fibo),0,WAIT & SEE,TIDAK ADA,2026-09-28 11:55:04,Biasa / Mengikuti Pasar
11:55,KJEN,Token Mati (Perlu Update),Small Cap (Lapis 3),Fair Value (Wajar),0.0,1.3026453,163.0,161,145,197,3.1645569620253164,8437400,Normal,55,Positif,Uptrend,Bearish,Bearish MACD,Konsolidasi / Transisi,Normal,Distribusi (Turun),Normal,Dominan Beli (Hajar Kanan),Normal,Sedang,Normal,Rawan Pucuk (High Risk),> 1 Miliar,Di Atas VWAP (Kuat),Distribusi Pro (Guyuran),Gorengan Sepi (< 5M),Sepi (< 50%),Mark-Up (Fase Pesta),Spesialis Tiang Jemuran (Banting Pucuk),Normal,Naik 1 Hari Beruntun,TP: 184 | CL: 148,Normal,Ideal (1:2),Golden Cross (Awal Bullish),Netral / Sepi Berita,Supply Kering (Siap Pump) 🏜️,Golden Rebound Fibo 38.2% 🎯,4,WAIT & SEE,TIDAK ADA,2026-09-28 11:55:04,Biasa / Mengikuti Pasar
11:55,ITIC,Transaksi Sepi (Skip Broksum),Small Cap (Lapis 3),Undervalued (Murah),9.402783,0.3951502,202.0,216,200,238,0.0,55000,Normal,27,Negatif,Downtrend,Bearish,Strong Bearish,Strong Downtrend (5<20<50),Normal,Distribusi (Turun),Normal,Seimbang / Adu Mekanik,Normal,Tinggi,Doji (Ragu-ragu),Dekat Support (Low Risk),< 1 Miliar,Persis di VWAP,Distribusi Pro (Guyuran),Gorengan Sepi (< 5M),Sepi (< 50%),Mark-Down (Fase Runtuh),Normal,Normal,Sideways / Stagnan,TP: 212 | CL: 195,Normal,Sangat Menarik (> 1:3),Oversold (Jenuh Jual - Peluang),Netral / Sepi Berita,Normal / Sedang Transisi,Mengambang (Jauh dari Fibo),0,WAIT & SEE,TIDAK ADA,2026-09-28 11:55:04,Biasa / Mengikuti Pasar
11:55,PAMG,Token Mati (Perlu Update),Small Cap (Lapis 3),Fair Value (Wajar),0.0,0.32025853,44.0,54,43,68,-12.0,29623200,Normal,21,Negatif,Downtrend,Bearish,Strong Bearish,Strong Downtrend (5<20<50),Normal,Akumulasi (Naik),Gap Down (-14.0%),Seimbang / Adu Mekanik,Normal,Tinggi,Normal,Dekat Support (Low Risk),> 1 Miliar,Di Bawah VWAP (Lemah),Distribusi Pro (Guyuran),Gorengan Sepi (< 5M),Normal (50-150%),Mark-Down (Fase Runtuh),Spesialis Tiang Jemuran (Banting Pucuk),Normal,Turun 2 Hari Beruntun,TP: 50 | CL: 39,Open = Low (Bullish Kuat),Sangat Menarik (> 1:3),Oversold (Jenuh Jual - Peluang),Netral / Sepi Berita,Normal / Sedang Transisi,Golden Rebound Fibo Bottom / 100% 🎯,1,WAIT & SEE,TIDAK ADA,2026-09-28 11:55:04,Biasa / Mengikuti Pasar
11:55,IPTV,Token Mati (Perlu Update),Mid Cap (Lapis 2),Fair Value (Wajar),0.0,0.18180099,25.0,29,21,33,4.166666666666666,132783600,Tembus MA20,29,Positif,Downtrend,Bearish,Strong Bearish,Strong Downtrend (5<20<50),Akumulasi Kuat,Akumulasi (Naik),Gap Down (-8.3%),Seimbang / Adu Mekanik,Normal,Tinggi,Normal,Rawan Pucuk (High Risk),> 1 Miliar,Persis di VWAP,Akumulasi Pro (Smart Money),Gorengan Sepi (< 5M),Ledakan Ekstrem (> 300%),Mark-Down (Fase Runtuh),Normal,Normal,Naik 1 Hari Beruntun,TP: 27 | CL: 23,Normal,Ideal (1:2),Golden Cross (Awal Bullish),Netral / Sepi Berita,Normal / Sedang Transisi,Mendekati Fibo 78.6%,4,WAIT & SEE,TIDAK ADA,2026-09-28 11:55:04,Biasa / Mengikuti Pasar
11:55,BLUE,Transaksi Sepi (Skip Broksum),Mid Cap (Lapis 2),Overvalued (Mahal),85.32719,12.896255,2960.0,2961,2710,3500,0.6802721088435374,88700,Normal,55,Positif,Downtrend,Bearish,Bearish MACD,Konsolidasi / Transisi,Normal,Akumulasi (Naik),Normal,Seimbang / Adu Mekanik,Normal,Tinggi,Normal,Area Tengah,< 1 Miliar,Di Atas VWAP (Kuat),Distribusi Pro (Guyuran),Gorengan Sepi (< 5M),Sepi (< 50%),Distribution (Fase Jualan),Spesialis Tiang Jemuran (Banting Pucuk),Normal,Naik 2 Hari Beruntun,TP: 3264 | CL: 2757,Normal,Ideal (1:2),Golden Cross (Awal Bullish),Netral / Sepi Berita,Normal / Sedang Transisi,Dekat Support Fibo 50.0%,3,WAIT & SEE,TIDAK ADA,2026-09-28 11:55:04,Biasa / Mengikuti Pasar
11:55,EAST,Transaksi Sepi (Skip Broksum),Small Cap (Lapis 3),Fair Value (Wajar),21.487204,0.8005685,89.0,89,88,91,0.0,449600,Normal,45,Negatif,Downtrend,Bearish,Strong Bearish,Strong Downtrend (5<20<50),Normal,Akumulasi (Naik),Normal,Seimbang / Adu Mekanik,Squeeze,Rendah,Doji (Ragu-ragu),Dekat Support (Low Risk),< 1 Miliar,Persis di VWAP,Akumulasi Pro (Smart Money),Gorengan Sepi (< 5M),Normal (50-150%),Mark-Down (Fase Runtuh),Normal,Normal,Sideways / Stagnan,TP: 91 | CL: 87,Normal,Ideal (1:2),Netral / Sideways,Netral / Sepi Berita,Normal / Sedang Transisi,Dekat Support Fibo 38.2%,1,WAIT & SEE,TIDAK ADA,2026-09-28 11:55:04,Biasa / Mengikuti Pasar
11:55,LIFE,Transaksi Sepi (Skip Broksum),Big Cap (Lapis 1),Overvalued (Mahal),65.025635,2.210707,8625.0,12085,8625,13975,-14.814814814814813,52600,Tembus MA20,35,Negatif,Downtrend,Bearish,Bearish MACD,Konsolidasi / Transisi,Distribusi Kuat,Akumulasi (Naik),Gap Down (-13.8%),Dominan Jual (Guyur),Normal,Tinggi,Doji (Ragu-ragu),Dekat Support (Low Risk),< 1 Miliar,Di Bawah VWAP (Lemah),Distribusi Pro (Guyuran),Gorengan Sepi (< 5M),Anomali Tinggi (150-300%),Distribution (Fase Jualan),Normal,Normal,Turun 3 Hari Beruntun,TP: 9634 | CL: 7951,Normal,Di Area Support,Oversold (Jenuh Jual - Peluang),Netral / Sepi Berita,Normal / Sedang Transisi,Mengambang (Jauh dari Fibo),2,WAIT & SEE,TIDAK ADA,2026-09-28 11:55:04,Biasa / Mengikuti Pasar
11:55,FUJI,Transaksi Sepi (Skip Broksum),Small Cap (Lapis 3),Overvalued (Mahal),48.857643,1.9607013,278.0,264,230,326,-2.797202797202797,276400,Normal,54,Negatif,Uptrend,Bullish,Strong Bullish,Perfect Uptrend (5>20>50),Normal,Distribusi (Turun),Gap Down (-2.8%),Dominan Jual (Guyur),Normal,Tinggi,Doji (Ragu-ragu),Rawan Pucuk (High Risk),< 1 Miliar,Di Bawah VWAP (Lemah),Distribusi Pro (Guyuran),Gorengan Sepi (< 5M),Sepi (< 50%),Mark-Up (Fase Pesta),Spesialis Tiang Jemuran (Banting Pucuk),Normal,Turun 2 Hari Beruntun,TP: 317 | CL: 251,Normal,Menengah (1:1),Netral / Sideways,Netral / Sepi Berita,Normal / Sedang Transisi,Mengambang (Jauh dari Fibo),4,WAIT & SEE,TIDAK ADA,2026-09-28 11:55:04,Biasa / Mengikuti Pasar
11:55,KOTA,Token Mati (Perlu Update),Mid Cap (Lapis 2),Overvalued (Mahal),25.820896,1.4571735,172.0,198,166,252,1.1764705882352942,61096900,Normal,44,Positif,Downtrend,Bearish,Bearish MACD,Konsolidasi / Transisi,Normal,Distribusi (Turun),Normal,Seimbang / Adu Mekanik,Normal,Tinggi,Normal,Area Tengah,> 1 Miliar,Di Bawah VWAP (Lemah),Distribusi Pro (Guyuran),Ritel Aktif (5M - 50M),Sepi (< 50%),Distribution (Fase Jualan),Normal,Normal,Naik 1 Hari Beruntun,TP: 193 | CL: 157,Normal,Sangat Menarik (> 1:3),Oversold (Jenuh Jual - Peluang),Netral / Sepi Berita,Normal / Sedang Transisi,Mendekati Fibo 50.0%,1,WAIT & SEE,TIDAK ADA,2026-09-28 11:55:04,Biasa / Mengikuti Pasar
11:55,INOV,Transaksi Sepi (Skip Broksum),Small Cap (Lapis 3),Undervalued (Murah),6.9489336,0.6381621,129.0,137,128,151,-1.5267175572519083,776400,Normal,28,Negatif,Downtrend,Bearish,Strong Bearish,Strong Downtrend (5<20<50),Normal,Distribusi (Turun),Gap Up (+2.3%),Dominan Jual (Guyur),Normal,Sedang,Normal,Dekat Support (Low Risk),< 1 Miliar,Di Bawah VWAP (Lemah),Distribusi Pro (Guyuran),Gorengan Sepi (< 5M),Sepi (< 50%),Mark-Down (Fase Runtuh),Spesialis Tiang Jemuran (Banting Pucuk),Normal,Turun 2 Hari Beruntun,TP: 138 | CL: 122,Open = High (Tekanan Jual),Sangat Menarik (> 1:3),Oversold (Jenuh Jual - Peluang),Netral / Sepi Berita,Normal / Sedang Transisi,Mendekati Fibo 61.8% (Golden Ratio),1,WAIT & SEE,TIDAK ADA,2026-09-28 11:55:04,Biasa / Mengikuti Pasar
11:55,SMKL,Transaksi Sepi (Skip Broksum),Small Cap (Lapis 3),Undervalued (Murah),4.5479355,0.4941818,150.0,154,144,172,0.6711409395973155,13900,Normal,46,Positif,Downtrend,Death Cross,Bearish MACD,Konsolidasi / Transisi,Normal,Distribusi (Turun),Normal,Dominan Jual (Guyur),Normal,Sedang,Normal,Area Tengah,< 1 Miliar,Di Bawah VWAP (Lemah),Distribusi Pro (Guyuran),Gorengan Sepi (< 5M),Sepi (< 50%),Distribution (Fase Jualan),Spesialis Tiang Jemuran (Banting Pucuk),Normal,Naik 1 Hari Beruntun,TP: 161 | CL: 142,Open = Low (Bullish Kuat),Sangat Menarik (> 1:3),Netral / Sideways,Netral / Sepi Berita,Supply Kering (Siap Pump) 🏜️,Golden Rebound Fibo 61.8% (Golden Ratio) 🎯,1,WAIT & SEE,TIDAK ADA,2026-09-28 11:55:04,Biasa / Mengikuti Pasar
11:55,HDIT,Transaksi Sepi (Skip Broksum),Small Cap (Lapis 3),Fair Value (Wajar),0.0,0.2873755,43.0,49,43,59,-14.000000000000002,795500,Normal,6,Negatif,Downtrend,Death Cross,Strong Bearish,Strong Downtrend (5<20<50),Normal,Distribusi (Turun),Gap Down (-14.0%),Tidak Ada Transaksi,Normal,Sedang,Doji (Ragu-ragu),Dekat Support (Low Risk),< 1 Miliar,Di Bawah VWAP (Lemah),Netral,Gorengan Sepi (< 5M),Anomali Tinggi (150-300%),Mark-Down (Fase Runtuh),Normal,Normal,Turun 1 Hari Beruntun,TP: 43 | CL: 42,Normal,Di Area Support,Oversold (Jenuh Jual - Peluang),Netral / Sepi Berita,Normal / Sedang Transisi,Golden Rebound Fibo Bottom / 100% 🎯,0,WAIT & SEE,TIDAK ADA,2026-09-28 11:55:04,Biasa / Mengikuti Pasar
11:55,KEEN,Token Mati (Perlu Update),Mid Cap (Lapis 2),Overvalued (Mahal),31.156717,17040.816,835.0,900,830,990,0.0,4428100,Normal,35,Negatif,Downtrend,Bearish,Strong Bearish,Konsolidasi / Transisi,Normal,Distribusi (Turun),Normal,Seimbang / Adu Mekanik,Normal,Tinggi,Doji (Ragu-ragu),Dekat Support (Low Risk),> 1 Miliar,Di Bawah VWAP (Lemah),Distribusi Pro (Guyuran),Ritel Aktif (5M - 50M),Normal (50-150%),Distribution (Fase Jualan),Spesialis Tiang Jemuran (Banting Pucuk),Normal,Sideways / Stagnan,TP: 875 | CL: 808,Normal,Sangat Menarik (> 1:3),Oversold (Jenuh Jual - Peluang),Netral / Sepi Berita,Normal / Sedang Transisi,Mendekati Fibo Bottom / 100%,0,WAIT & SEE,TIDAK ADA,2026-09-28 11:55:04,Biasa / Mengikuti Pasar
11:55,BAPI,Token Mati (Perlu Update),Small Cap (Lapis 3),Fair Value (Wajar),0.0,0.3798163,27.0,21,18,29,17.391304347826086,77490200,Tembus MA20,67,Positif,Uptrend,Bullish,Strong Bullish,Perfect Uptrend (5>20>50),Akumulasi Kuat,Akumulasi (Naik),Gap Up (+13.0%),Seimbang / Adu Mekanik,Breakout Upper,Tinggi,Normal,Rawan Pucuk (High Risk),> 1 Miliar,Di Atas VWAP (Kuat),Akumulasi Pro (Smart Money),Gorengan Sepi (< 5M),Ledakan Ekstrem (> 300%),Mark-Up (Fase Pesta),Normal,Normal,Naik 1 Hari Beruntun,TP: 30 | CL: 25,Normal,Tidak Ideal (< 1:1),Netral / Sideways,Netral / Sepi Berita,Normal / Sedang Transisi,Mengambang (Jauh dari Fibo),9,BELI,TIDAK ADA,2026-09-28 11:55:04,⚠️ Anomali (Sudah Terbang)
11:55,TFAS,Transaksi Sepi (Skip Broksum),Small Cap (Lapis 3),Fair Value (Wajar),0.0,1.7688502,177.0,187,164,226,-2.7472527472527473,160500,Normal,38,Negatif,Downtrend,Bullish,Strong Bearish,Awal Reversal (5>20),Normal,Akumulasi (Naik),Normal,Seimbang / Adu Mekanik,Normal,Sedang,Normal,Area Tengah,< 1 Miliar,Di Bawah VWAP (Lemah),Distribusi Pro (Guyuran),Gorengan Sepi (< 5M),Sepi (< 50%),Mark-Down (Fase Runtuh),Spesialis Tiang Jemuran (Banting Pucuk),Normal,Turun 3 Hari Beruntun,TP: 197 | CL: 163,Open = High (Tekanan Jual),Sangat Menarik (> 1:3),Netral / Sideways,Netral / Sepi Berita,Normal / Sedang Transisi,Mengambang (Jauh dari Fibo),2,WAIT & SEE,TIDAK ADA,2026-09-28 11:55:04,Biasa / Mengikuti Pasar
11:55,GGRP,Transaksi Sepi (Skip Broksum),Mid Cap (Lapis 2),Overvalued (Mahal),0.0,6415.094,340.0,326,304,368,1.1904761904761905,400600,Normal,63,Positif,Uptrend,Bullish,Strong Bullish,Perfect Uptrend (5>20>50),Normal,Akumulasi (Naik),Normal,Dominan Beli (Hajar Kanan),Normal,Sedang,Hammer (Potensi Reversal),Rawan Pucuk (High Risk),< 1 Miliar,Di Bawah VWAP (Lemah),Distribusi Pro (Guyuran),Gorengan Sepi (< 5M),Sepi (< 50%),Mark-Up (Fase Pesta),Normal,Jarum Bawah (Sinyal Pantulan Kuat),Naik 1 Hari Beruntun,TP: 359 | CL: 327,Normal,Tidak Ideal (< 1:1),Netral / Sideways,Netral / Sepi Berita,Normal / Sedang Transisi,Golden Rebound Fibo 38.2% 🎯,7,BELI,TIDAK ADA,2026-09-28 11:55:04,Biasa / Mengikuti Pasar
11:55,OPMS,Transaksi Sepi (Skip Broksum),Small Cap (Lapis 3),Fair Value (Wajar),0.0,0.992151,90.0,113,85,132,-3.225806451612903,3349800,Normal,22,Negatif,Downtrend,Bearish,Strong Bearish,Strong Downtrend (5<20<50),Normal,Distribusi (Turun),Gap Down (-2.2%),Seimbang / Adu Mekanik,Normal,Tinggi,Doji (Ragu-ragu),Area Tengah,< 1 Miliar,Di Bawah VWAP (Lemah),Distribusi Pro (Guyuran),Gorengan Sepi (< 5M),Normal (50-150%),Mark-Down (Fase Runtuh),Normal,Normal,Turun 3 Hari Beruntun,TP: 101 | CL: 82,Normal,Sangat Menarik (> 1:3),Oversold (Jenuh Jual - Peluang),Netral / Sepi Berita,Normal / Sedang Transisi,Mengambang (Jauh dari Fibo),0,WAIT & SEE,TIDAK ADA,2026-09-28 11:55:04,Biasa / Mengikuti Pasar
11:55,NZIA,Transaksi Sepi (Skip Broksum),Small Cap (Lapis 3),Overvalued (Mahal),111.02661,0.7006027,146.0,179,143,270,-2.013422818791946,2923200,Normal,41,Negatif,Downtrend,Bearish,Strong Bearish,Konsolidasi / Transisi,Normal,Distribusi (Turun),Normal,Dominan Jual (Guyur),Normal,Tinggi,Normal,Dekat Support (Low Risk),< 1 Miliar,Di Bawah VWAP (Lemah),Distribusi Pro (Guyuran),Gorengan Sepi (< 5M),Sepi (< 50%),Distribution (Fase Jualan),Normal,Normal,Turun 3 Hari Beruntun,TP: 169 | CL: 130,Normal,Sangat Menarik (> 1:3),Oversold (Jenuh Jual - Peluang),Netral / Sepi Berita,Normal / Sedang Transisi,Mengambang (Jauh dari Fibo),0,WAIT & SEE,TIDAK ADA,2026-09-28 11:55:04,Biasa / Mengikuti Pasar
11:55,SLIS,Transaksi Sepi (Skip Broksum),Small Cap (Lapis 3),Fair Value (Wajar),0.0,0.56944495,72.0,85,68,100,0.0,9893800,Normal,36,Negatif,Downtrend,Bearish,Strong Bearish,Konsolidasi / Transisi,Normal,Distribusi (Turun),Normal,Dominan Beli (Hajar Kanan),Normal,Tinggi,Doji (Ragu-ragu),Area Tengah,< 1 Miliar,Di Bawah VWAP (Lemah),Distribusi Pro (Guyuran),Gorengan Sepi (< 5M),Sepi (< 50%),Distribution (Fase Jualan),Normal,Jarum Bawah (Sinyal Pantulan Kuat),Sideways / Stagnan,TP: 82 | CL: 65,Normal,Sangat Menarik (> 1:3),Oversold (Jenuh Jual - Peluang),Netral / Sepi Berita,Normal / Sedang Transisi,Mengambang (Jauh dari Fibo),1,WAIT & SEE,TIDAK ADA,2026-09-28 11:55:04,Biasa / Mengikuti Pasar
11:55,IRRA,Transaksi Sepi (Skip Broksum),Small Cap (Lapis 3),Undervalued (Murah),8.190162,0.8680556,348.0,370,348,450,-1.1363636363636365,119500,Normal,33,Negatif,Downtrend,Bearish,Strong Bearish,Strong Downtrend (5<20<50),Normal,Distribusi (Turun),Normal,Dominan Jual (Guyur),Bottom Rebound,Tinggi,Normal,Dekat Support (Low Risk),< 1 Miliar,Di Bawah VWAP (Lemah),Akumulasi Pro (Smart Money),Gorengan Sepi (< 5M),Sepi (< 50%),Mark-Down (Fase Runtuh),Spesialis Tiang Jemuran (Banting Pucuk),Normal,Turun 3 Hari Beruntun,TP: 363 | CL: 337,Normal,Di Area Support,Oversold (Jenuh Jual - Peluang),Netral / Sepi Berita,Normal / Sedang Transisi,Golden Rebound Fibo Bottom / 100% 🎯,0,WAIT & SEE,TIDAK ADA,2026-09-28 11:55:04,Biasa / Mengikuti Pasar
11:55,DMMX,Transaksi Sepi (Skip Broksum),Mid Cap (Lapis 2),Overvalued (Mahal),31.684982,1.851396,173.0,186,173,206,-3.35195530726257,465000,Normal,34,Negatif,Downtrend,Bearish,Strong Bearish,Konsolidasi / Transisi,Normal,Akumulasi (Naik),Normal,Dominan Jual (Guyur),Normal,Sedang,Normal,Dekat Support (Low Risk),< 1 Miliar,Di Bawah VWAP (Lemah),Distribusi Pro (Guyuran),Gorengan Sepi (< 5M),Sepi (< 50%),Distribution (Fase Jualan),Spesialis Tiang Jemuran (Banting Pucuk),Normal,Turun 3 Hari Beruntun,TP: 185 | CL: 164,Normal,Di Area Support,Oversold (Jenuh Jual - Peluang),Netral / Sepi Berita,Normal / Sedang Transisi,Mengambang (Jauh dari Fibo),1,WAIT & SEE,TIDAK ADA,2026-09-28 11:55:04,Biasa / Mengikuti Pasar
11:55,WOWS,Token Mati (Perlu Update),Small Cap (Lapis 3),Fair Value (Wajar),0.0,0.20107576,44.0,55,43,64,-12.0,33873500,Normal,22,Negatif,Downtrend,Bearish,Strong Bearish,Strong Downtrend (5<20<50),Normal,Distribusi (Turun),Gap Down (-10.0%),Seimbang / Adu Mekanik,Normal,Tinggi,Normal,Dekat Support (Low Risk),> 1 Miliar,Di Bawah VWAP (Lemah),Akumulasi Pro (Smart Money),Gorengan Sepi (< 5M),Normal (50-150%),Mark-Down (Fase Runtuh),Spesialis Tiang Jemuran (Banting Pucuk),Normal,Turun 2 Hari Beruntun,TP: 49 | CL: 40,Open = High (Tekanan Jual),Sangat Menarik (> 1:3),Oversold (Jenuh Jual - Peluang),Netral / Sepi Berita,Normal / Sedang Transisi,Golden Rebound Fibo Bottom / 100% 🎯,0,WAIT & SEE,TIDAK ADA,2026-09-28 11:55:04,Biasa / Mengikuti Pasar
11:55,ESIP,Transaksi Sepi (Skip Broksum),Small Cap (Lapis 3),Overvalued (Mahal),30.434782,1.0108079,91.0,117,89,137,-6.185567010309279,9137900,Normal,24,Negatif,Downtrend,Bearish,Strong Bearish,Strong Downtrend (5<20<50),Normal,Distribusi (Turun),Normal,Dominan Jual (Guyur),Normal,Tinggi,Normal,Dekat Support (Low Risk),< 1 Miliar,Di Bawah VWAP (Lemah),Distribusi Pro (Guyuran),Gorengan Sepi (< 5M),Normal (50-150%),Mark-Down (Fase Runtuh),Normal,Normal,Turun 3 Hari Beruntun,TP: 102 | CL: 83,Open = High (Tekanan Jual),Sangat Menarik (> 1:3),Oversold (Jenuh Jual - Peluang),Netral / Sepi Berita,Normal / Sedang Transisi,Golden Rebound Fibo Bottom / 100% 🎯,0,WAIT & SEE,TIDAK ADA,2026-09-28 11:55:04,Biasa / Mengikuti Pasar
11:55,TEBE,Token Mati (Perlu Update),Mid Cap (Lapis 2),Fair Value (Wajar),22.703926,2.7383952,2210.0,1880,1610,2460,-5.555555555555555,13639800,Normal,67,Negatif,Uptrend,Bullish,Strong Bullish,Perfect Uptrend (5>20>50),Normal,Distribusi (Turun),Normal,Seimbang / Adu Mekanik,Normal,Tinggi,Normal,Rawan Pucuk (High Risk),> 1 Miliar,Persis di VWAP,Akumulasi Pro (Smart Money),Sultan (> 50M/hari),Sepi (< 50%),Mark-Up (Fase Pesta),Normal,Normal,Turun 2 Hari Beruntun,TP: 2520 | CL: 2003,Normal,Tidak Ideal (< 1:1),Death Cross (Awal Bearish),Netral / Sepi Berita,Normal / Sedang Transisi,Mendekati Fibo 23.6%,4,WAIT & SEE,TIDAK ADA,2026-09-28 11:55:04,Biasa / Mengikuti Pasar
11:55,KEJU,Transaksi Sepi (Skip Broksum),Mid Cap (Lapis 2),Overvalued (Mahal),17.01076,3.847267,585.0,605,580,645,-1.680672268907563,57000,Normal,42,Negatif,Downtrend,Bearish,Bearish MACD,Konsolidasi / Transisi,Normal,Distribusi (Turun),Normal,Seimbang / Adu Mekanik,Bottom Rebound,Sedang,Normal,Dekat Support (Low Risk),< 1 Miliar,Di Bawah VWAP (Lemah),Akumulasi Pro (Smart Money),Gorengan Sepi (< 5M),Normal (50-150%),Distribution (Fase Jualan),Spesialis Tiang Jemuran (Banting Pucuk),Normal,Turun 2 Hari Beruntun,TP: 608 | CL: 569,Open = High (Tekanan Jual),Sangat Menarik (> 1:3),Netral / Sideways,Netral / Sepi Berita,Normal / Sedang Transisi,Dekat Support Fibo 61.8% (Golden Ratio),0,WAIT & SEE,TIDAK ADA,2026-09-28 11:55:04,Biasa / Mengikuti Pasar
11:55,PSGO,Transaksi Sepi (Skip Broksum),Mid Cap (Lapis 2),Undervalued (Murah),9.142319,1.3126112,194.0,194,189,206,0.0,125300,Normal,48,Negatif,Downtrend,Bearish,Strong Bearish,Strong Downtrend (5<20<50),Normal,Akumulasi (Naik),Normal,Seimbang / Adu Mekanik,Squeeze,Rendah,Doji (Ragu-ragu),Dekat Support (Low Risk),< 1 Miliar,Persis di VWAP,Akumulasi Pro (Smart Money),Gorengan Sepi (< 5M),Normal (50-150%),Mark-Down (Fase Runtuh),Spesialis Tiang Jemuran (Banting Pucuk),Normal,Sideways / Stagnan,TP: 199 | CL: 190,Normal,Ideal (1:2),Netral / Sideways,Netral / Sepi Berita,Supply Kering (Siap Pump) 🏜️,Golden Rebound Fibo 61.8% (Golden Ratio) 🎯,1,WAIT & SEE,TIDAK ADA,2026-09-28 11:55:04,Biasa / Mengikuti Pasar
11:55,AGAR,Token Mati (Perlu Update),Mid Cap (Lapis 2),Overvalued (Mahal),884.4221,15.570123,1760.0,2005,1325,3180,-13.30049261083744,631200,Normal,47,Negatif,Downtrend,Bullish,Bearish MACD,Perfect Uptrend (5>20>50),Normal,Distribusi (Turun),Normal,Dominan Jual (Guyur),Normal,Tinggi,Normal,Rawan Pucuk (High Risk),> 1 Miliar,Di Bawah VWAP (Lemah),Distribusi Pro (Guyuran),Ritel Aktif (5M - 50M),Sepi (< 50%),Distribution (Fase Jualan),Solid (Jarang Dibanting),Normal,Turun 4 Hari Beruntun,TP: 2491 | CL: 1272,Open = High (Tekanan Jual),Sangat Menarik (> 1:3),Netral / Sideways,Netral / Sepi Berita,Normal / Sedang Transisi,Mendekati Fibo 50.0%,1,WAIT & SEE,TIDAK ADA,2026-09-28 11:55:04,Biasa / Mengikuti Pasar
11:55,IFSH,Transaksi Sepi (Skip Broksum),Mid Cap (Lapis 2),Fair Value (Wajar),19.53125,2.8580248,1250.0,1056,935,1250,25.0,150700,Tembus MA20,66,Positif,Uptrend,Golden Cross,Bullish MACD,Awal Reversal (5>20),Akumulasi Kuat,Akumulasi (Naik),Normal,Dominan Beli (Hajar Kanan),Breakout Upper,Tinggi,Marubozu (Strong Bullish),Rawan Pucuk (High Risk),< 1 Miliar,Di Atas VWAP (Kuat),Akumulasi Pro (Smart Money),Gorengan Sepi (< 5M),Ledakan Ekstrem (> 300%),Accumulation (Kumpul Barang),Normal,Normal,Naik 1 Hari Beruntun,TP: 1329 | CL: 1196,Open = Low (Bullish Kuat),Tidak Ideal (< 1:1),Netral / Sideways,Netral / Sepi Berita,Normal / Sedang Transisi,Mendekati Fibo 50.0%,9,BELI,TIDAK ADA,2026-09-28 11:55:04,⚠️ Anomali (Sudah Terbang)
11:55,REAL,Transaksi Sepi (Skip Broksum),Small Cap (Lapis 3),Overvalued (Mahal),335.93747,0.7609946,43.0,49,43,50,-14.000000000000002,2359100,Tembus MA20,7,Negatif,Downtrend,Death Cross,Strong Bearish,Strong Downtrend (5<20<50),Normal,Distribusi (Turun),Gap Down (-14.0%),Tidak Ada Transaksi,Normal,Sedang,Doji (Ragu-ragu),Dekat Support (Low Risk),< 1 Miliar,Di Bawah VWAP (Lemah),Netral,Gorengan Sepi (< 5M),Anomali Tinggi (150-300%),Mark-Down (Fase Runtuh),Solid (Jarang Dibanting),Normal,Turun 1 Hari Beruntun,TP: 43 | CL: 42,Normal,Di Area Support,Oversold (Jenuh Jual - Peluang),Netral / Sepi Berita,Normal / Sedang Transisi,Golden Rebound Fibo Bottom / 100% 🎯,1,WAIT & SEE,TIDAK ADA,2026-09-28 11:55:04,Biasa / Mengikuti Pasar
11:55,IFII,Transaksi Sepi (Skip Broksum),Mid Cap (Lapis 2),Undervalued (Murah),14.142762,1.4184492,212.0,208,200,270,-1.8518518518518516,348900,Normal,52,Negatif,Uptrend,Bullish,Strong Bullish,Perfect Uptrend (5>20>50),Normal,Akumulasi (Naik),Normal,Seimbang / Adu Mekanik,Normal,Sedang,Normal,Area Tengah,< 1 Miliar,Di Bawah VWAP (Lemah),Distribusi Pro (Guyuran),Gorengan Sepi (< 5M),Sepi (< 50%),Mark-Up (Fase Pesta),Spesialis Tiang Jemuran (Banting Pucuk),Normal,Turun 2 Hari Beruntun,TP: 239 | CL: 193,Normal,Sangat Menarik (> 1:3),Netral / Sideways,Netral / Sepi Berita,Normal / Sedang Transisi,Mengambang (Jauh dari Fibo),5,WAIT & SEE,TIDAK ADA,2026-09-28 11:55:04,Biasa / Mengikuti Pasar
11:55,PMJS,Transaksi Sepi (Skip Broksum),Mid Cap (Lapis 2),Undervalued (Murah),9.17367,0.64395934,131.0,144,131,152,-4.37956204379562,171900,Normal,40,Negatif,Downtrend,Bearish,Bearish MACD,Konsolidasi / Transisi,Normal,Distribusi (Turun),Normal,Dominan Jual (Guyur),Normal,Sedang,Normal,Dekat Support (Low Risk),< 1 Miliar,Di Bawah VWAP (Lemah),Distribusi Pro (Guyuran),Gorengan Sepi (< 5M),Sepi (< 50%),Distribution (Fase Jualan),Normal,Normal,Turun 2 Hari Beruntun,TP: 138 | CL: 126,Open = High (Tekanan Jual),Di Area Support,Oversold (Jenuh Jual - Peluang),Netral / Sepi Berita,Normal / Sedang Transisi,Golden Rebound Fibo 38.2% 🎯,0,WAIT & SEE,TIDAK ADA,2026-09-28 11:55:04,Biasa / Mengikuti Pasar
11:55,UCID,Transaksi Sepi (Skip Broksum),Mid Cap (Lapis 2),Undervalued (Murah),1.492446,0.42665213,490.0,506,470,560,0.0,341000,Normal,51,Negatif,Downtrend,Bearish,Bearish MACD,Konsolidasi / Transisi,Normal,Distribusi (Turun),Normal,Dominan Beli (Hajar Kanan),Bottom Rebound,Sedang,Doji (Ragu-ragu),Area Tengah,< 1 Miliar,Persis di VWAP,Distribusi Pro (Guyuran),Gorengan Sepi (< 5M),Sepi (< 50%),Distribution (Fase Jualan),Normal,Jarum Bawah (Sinyal Pantulan Kuat),Sideways / Stagnan,TP: 515 | CL: 473,Normal,Sangat Menarik (> 1:3),Golden Cross (Awal Bullish),Netral / Sepi Berita,Normal / Sedang Transisi,Golden Rebound Fibo 38.2% 🎯,2,WAIT & SEE,TIDAK ADA,2026-09-28 11:55:04,Biasa / Mengikuti Pasar
11:55,GLVA,Transaksi Sepi (Skip Broksum),Small Cap (Lapis 3),Undervalued (Murah),9.856412,1.1846652,324.0,328,286,342,-0.6134969325153374,16000,Normal,49,Negatif,Downtrend,Bullish,Bearish MACD,Perfect Uptrend (5>20>50),Normal,Akumulasi (Naik),Normal,Dominan Beli (Hajar Kanan),Squeeze,Rendah,Hammer (Potensi Reversal),Rawan Pucuk (High Risk),< 1 Miliar,Di Bawah VWAP (Lemah),Akumulasi Pro (Smart Money),Gorengan Sepi (< 5M),Sepi (< 50%),Distribution (Fase Jualan),Spesialis Tiang Jemuran (Banting Pucuk),Jarum Bawah (Sinyal Pantulan Kuat),Turun 4 Hari Beruntun,TP: 347 | CL: 308,Open = High (Tekanan Jual),Tidak Ideal (< 1:1),Death Cross (Awal Bearish),Netral / Sepi Berita,Normal / Sedang Transisi,Golden Rebound Fibo 38.2% 🎯,3,WAIT & SEE,TIDAK ADA,2026-09-28 11:55:04,Biasa / Mengikuti Pasar
11:55,PGJO,Transaksi Sepi (Skip Broksum),Small Cap (Lapis 3),Overvalued (Mahal),0.0,235.68536,815.0,885,760,1095,3.1645569620253164,355200,Normal,44,Positif,Downtrend,Bearish,Strong Bearish,Konsolidasi / Transisi,Normal,Distribusi (Turun),Normal,Seimbang / Adu Mekanik,Normal,Tinggi,Normal,Area Tengah,< 1 Miliar,Persis di VWAP,Akumulasi Pro (Smart Money),Gorengan Sepi (< 5M),Sepi (< 50%),Distribution (Fase Jualan),Normal,Normal,Naik 1 Hari Beruntun,TP: 899 | CL: 758,Normal,Sangat Menarik (> 1:3),Golden Cross (Awal Bullish),Netral / Sepi Berita,Normal / Sedang Transisi,Dekat Support Fibo 61.8% (Golden Ratio),1,WAIT & SEE,TIDAK ADA,2026-09-28 11:55:04,Biasa / Mengikuti Pasar
11:55,AMAR,Transaksi Sepi (Skip Broksum),Mid Cap (Lapis 2),Undervalued (Murah),13.991255,1.1736597,224.0,233,214,240,-1.7543859649122806,498600,Normal,41,Negatif,Downtrend,Bearish,Bearish MACD,Konsolidasi / Transisi,Normal,Distribusi (Turun),Normal,Dominan Beli (Hajar Kanan),Squeeze,Rendah,Hammer (Potensi Reversal),Area Tengah,< 1 Miliar,Di Bawah VWAP (Lemah),Akumulasi Pro (Smart Money),Gorengan Sepi (< 5M),Normal (50-150%),Distribution (Fase Jualan),Normal,Jarum Bawah (Sinyal Pantulan Kuat),Turun 2 Hari Beruntun,TP: 235 | CL: 216,Open = High (Tekanan Jual),Ideal (1:2),Netral / Sideways,Netral / Sepi Berita,Normal / Sedang Transisi,Golden Rebound Fibo 38.2% 🎯,1,WAIT & SEE,TIDAK ADA,2026-09-28 11:55:04,Biasa / Mengikuti Pasar
11:55,CSRA,Transaksi Sepi (Skip Broksum),Mid Cap (Lapis 2),Undervalued (Murah),5.545575,0.868322,710.0,751,680,800,1.4285714285714286,83300,Normal,33,Positif,Downtrend,Bearish,Strong Bearish,Strong Downtrend (5<20<50),Normal,Distribusi (Turun),Normal,Dominan Beli (Hajar Kanan),Bottom Rebound,Sedang,Hammer (Potensi Reversal),Area Tengah,< 1 Miliar,Di Bawah VWAP (Lemah),Akumulasi Pro (Smart Money),Gorengan Sepi (< 5M),Sepi (< 50%),Mark-Down (Fase Runtuh),Spesialis Tiang Jemuran (Banting Pucuk),Jarum Bawah (Sinyal Pantulan Kuat),Naik 1 Hari Beruntun,TP: 751 | CL: 682,Normal,Sangat Menarik (> 1:3),Golden Cross (Awal Bullish),Netral / Sepi Berita,Normal / Sedang Transisi,Mendekati Fibo Bottom / 100%,2,WAIT & SEE,TIDAK ADA,2026-09-28 11:55:04,Biasa / Mengikuti Pasar
11:55,INDO,Token Mati (Perlu Update),Small Cap (Lapis 3),Fair Value (Wajar),16.200579,0.66472524,168.0,182,168,191,-1.1764705882352942,10150400,Normal,29,Negatif,Downtrend,Bearish,Strong Bearish,Konsolidasi / Transisi,Normal,Distribusi (Turun),Normal,Dominan Jual (Guyur),Normal,Sedang,Normal,Dekat Support (Low Risk),> 1 Miliar,Di Bawah VWAP (Lemah),Distribusi Pro (Guyuran),Gorengan Sepi (< 5M),Sepi (< 50%),Distribution (Fase Jualan),Normal,Normal,Turun 3 Hari Beruntun,TP: 175 | CL: 162,Open = High (Tekanan Jual),Di Area Support,Oversold (Jenuh Jual - Peluang),Netral / Sepi Berita,Normal / Sedang Transisi,Golden Rebound Fibo 61.8% (Golden Ratio) 🎯,0,WAIT & SEE,TIDAK ADA,2026-09-28 11:55:04,Biasa / Mengikuti Pasar
11:55,AMOR,Transaksi Sepi (Skip Broksum),Small Cap (Lapis 3),Fair Value (Wajar),9.258285,2.6263168,354.0,365,346,378,-1.6666666666666667,170500,Normal,40,Negatif,Downtrend,Bearish,Bearish MACD,Konsolidasi / Transisi,Normal,Distribusi (Turun),Normal,Dominan Jual (Guyur),Squeeze,Rendah,Normal,Dekat Support (Low Risk),< 1 Miliar,Di Bawah VWAP (Lemah),Distribusi Pro (Guyuran),Gorengan Sepi (< 5M),Normal (50-150%),Distribution (Fase Jualan),Normal,Normal,Turun 3 Hari Beruntun,TP: 364 | CL: 346,Open = High (Tekanan Jual),Sangat Menarik (> 1:3),Oversold (Jenuh Jual - Peluang),Netral / Sepi Berita,Normal / Sedang Transisi,Golden Rebound Fibo 38.2% 🎯,0,WAIT & SEE,TIDAK ADA,2026-09-28 11:55:04,Biasa / Mengikuti Pasar
11:55,TRIN,Token Mati (Perlu Update),Mid Cap (Lapis 2),Overvalued (Mahal),55.607475,1.753184,238.0,364,238,438,-14.388489208633093,15998500,Normal,31,Negatif,Downtrend,Bearish,Strong Bearish,Konsolidasi / Transisi,Normal,Distribusi (Turun),Gap Down (-5.0%),Dominan Jual (Guyur),Normal,Tinggi,Normal,Dekat Support (Low Risk),> 1 Miliar,Di Bawah VWAP (Lemah),Distribusi Pro (Guyuran),Ritel Aktif (5M - 50M),Sepi (< 50%),Distribution (Fase Jualan),Spesialis Tiang Jemuran (Banting Pucuk),Normal,Turun 5 Hari Beruntun,TP: 297 | CL: 198,Open = High (Tekanan Jual),Di Area Support,Oversold (Jenuh Jual - Peluang),Netral / Sepi Berita,Normal / Sedang Transisi,Golden Rebound Fibo Bottom / 100% 🎯,0,WAIT & SEE,TIDAK ADA,2026-09-28 11:55:04,Biasa / Mengikuti Pasar
11:55,DMND,Transaksi Sepi (Skip Broksum),Mid Cap (Lapis 2),Undervalued (Murah),11.531809,0.85290754,600.0,623,590,750,-0.8264462809917356,42200,Normal,42,Negatif,Downtrend,Bullish,Bearish MACD,Perfect Uptrend (5>20>50),Normal,Akumulasi (Naik),Normal,Seimbang / Adu Mekanik,Normal,Sedang,Normal,Dekat Support (Low Risk),< 1 Miliar,Di Bawah VWAP (Lemah),Distribusi Pro (Guyuran),Gorengan Sepi (< 5M),Sepi (< 50%),Distribution (Fase Jualan),Spesialis Tiang Jemuran (Banting Pucuk),Normal,Turun 4 Hari Beruntun,TP: 657 | CL: 561,Open = High (Tekanan Jual),Sangat Menarik (> 1:3),Oversold (Jenuh Jual - Peluang),Netral / Sepi Berita,Normal / Sedang Transisi,Mengambang (Jauh dari Fibo),2,WAIT & SEE,TIDAK ADA,2026-09-28 11:55:04,Biasa / Mengikuti Pasar
11:55,PURA,Token Mati (Perlu Update),Small Cap (Lapis 3),Overvalued (Mahal),25.570145,0.44791475,36.0,32,31,40,12.5,119315700,Tembus MA20,65,Positif,Uptrend,Golden Cross,Strong Bullish,Perfect Uptrend (5>20>50),Akumulasi Kuat,Akumulasi (Naik),Gap Up (+9.4%),Seimbang / Adu Mekanik,Breakout Upper,Sedang,Normal,Rawan Pucuk (High Risk),> 1 Miliar,Persis di VWAP,Distribusi Pro (Guyuran),Gorengan Sepi (< 5M),Ledakan Ekstrem (> 300%),Mark-Up (Fase Pesta),Normal,Normal,Naik 1 Hari Beruntun,TP: 38 | CL: 34,Normal,Tidak Ideal (< 1:1),Netral / Sideways,Netral / Sepi Berita,Normal / Sedang Transisi,Dekat Support Fibo 38.2%,9,BELI,TIDAK ADA,2026-09-28 11:55:04,Biasa / Mengikuti Pasar
11:55,PTPW,Transaksi Sepi (Skip Broksum),Small Cap (Lapis 3),Fair Value (Wajar),15.067637,1.4457439,1135.0,1166,1135,1200,0.0,24300,Normal,32,Negatif,Downtrend,Bearish,Strong Bearish,Konsolidasi / Transisi,Normal,Distribusi (Turun),Normal,Dominan Jual (Guyur),Squeeze,Rendah,Normal,Dekat Support (Low Risk),< 1 Miliar,Persis di VWAP,Distribusi Pro (Guyuran),Gorengan Sepi (< 5M),Normal (50-150%),Distribution (Fase Jualan),Spesialis Tiang Jemuran (Banting Pucuk),Normal,Sideways / Stagnan,TP: 1151 | CL: 1123,Normal,Di Area Support,Oversold (Jenuh Jual - Peluang),Netral / Sepi Berita,Normal / Sedang Transisi,Golden Rebound Fibo Bottom / 100% 🎯,0,WAIT & SEE,TIDAK ADA,2026-09-28 11:55:04,Biasa / Mengikuti Pasar
11:55,TAMA,Transaksi Sepi (Skip Broksum),Small Cap (Lapis 3),Fair Value (Wajar),0.0,-3.6788197,190.0,197,185,232,-2.564102564102564,2200100,Normal,42,Negatif,Downtrend,Bearish,Bullish MACD,Strong Downtrend (5<20<50),Normal,Distribusi (Turun),Gap Down (-4.1%),Dominan Beli (Hajar Kanan),Normal,Tinggi,Marubozu (Strong Bullish),Dekat Support (Low Risk),< 1 Miliar,Di Bawah VWAP (Lemah),Distribusi Pro (Guyuran),Gorengan Sepi (< 5M),Anomali Tinggi (150-300%),Mark-Down (Fase Runtuh),Spesialis Tiang Jemuran (Banting Pucuk),Normal,Turun 2 Hari Beruntun,TP: 199 | CL: 183,Open = Low (Bullish Kuat),Sangat Menarik (> 1:3),Netral / Sideways,Netral / Sepi Berita,Normal / Sedang Transisi,Mengambang (Jauh dari Fibo),2,WAIT & SEE,TIDAK ADA,2026-09-28 11:55:04,Biasa / Mengikuti Pasar
11:55,IKAN,Transaksi Sepi (Skip Broksum),Small Cap (Lapis 3),Overvalued (Mahal),39.285713,0.8642751,77.0,89,76,103,-4.938271604938271,5361900,Normal,31,Negatif,Downtrend,Bearish,Strong Bearish,Konsolidasi / Transisi,Normal,Akumulasi (Naik),Gap Down (-3.7%),Dominan Jual (Guyur),Normal,Tinggi,Normal,Dekat Support (Low Risk),< 1 Miliar,Di Bawah VWAP (Lemah),Distribusi Pro (Guyuran),Gorengan Sepi (< 5M),Sepi (< 50%),Distribution (Fase Jualan),Spesialis Tiang Jemuran (Banting Pucuk),Normal,Turun 2 Hari Beruntun,TP: 85 | CL: 71,Normal,Sangat Menarik (> 1:3),Oversold (Jenuh Jual - Peluang),Netral / Sepi Berita,Normal / Sedang Transisi,Golden Rebound Fibo 78.6% 🎯,1,WAIT & SEE,TIDAK ADA,2026-09-28 11:55:04,Biasa / Mengikuti Pasar
11:55,SAMF,Transaksi Sepi (Skip Broksum),Mid Cap (Lapis 2),Fair Value (Wajar),11.131864,1.6552246,298.0,315,290,340,-5.69620253164557,83100,Normal,43,Negatif,Downtrend,Bearish,Bearish MACD,Konsolidasi / Transisi,Normal,Akumulasi (Naik),Normal,Seimbang / Adu Mekanik,Normal,Sedang,Normal,Dekat Support (Low Risk),< 1 Miliar,Di Bawah VWAP (Lemah),Distribusi Pro (Guyuran),Gorengan Sepi (< 5M),Normal (50-150%),Distribution (Fase Jualan),Normal,Normal,Turun 1 Hari Beruntun,TP: 319 | CL: 283,Open = High (Tekanan Jual),Sangat Menarik (> 1:3),Netral / Sideways,Netral / Sepi Berita,Normal / Sedang Transisi,Dekat Support Fibo 61.8% (Golden Ratio),1,WAIT & SEE,TIDAK ADA,2026-09-28 11:55:04,Biasa / Mengikuti Pasar
11:55,KBAG,Token Mati (Perlu Update),Small Cap (Lapis 3),Fair Value (Wajar),0.0,0.8897174,43.0,43,35,47,13.157894736842104,30623300,Tembus MA20,50,Positif,Downtrend,Bearish,Strong Bearish,Strong Downtrend (5<20<50),Akumulasi Kuat,Akumulasi (Naik),Gap Up (+2.6%),Seimbang / Adu Mekanik,Normal,Tinggi,Normal,Rawan Pucuk (High Risk),> 1 Miliar,Di Atas VWAP (Kuat),Akumulasi Pro (Smart Money),Gorengan Sepi (< 5M),Ledakan Ekstrem (> 300%),Mark-Down (Fase Runtuh),Solid (Jarang Dibanting),Normal,Naik 1 Hari Beruntun,TP: 46 | CL: 40,Normal,Tidak Ideal (< 1:1),Netral / Sideways,Netral / Sepi Berita,Normal / Sedang Transisi,Dekat Support Fibo 50.0%,5,WAIT & SEE,TIDAK ADA,2026-09-28 11:55:04,Biasa / Mengikuti Pasar
11:55,RONY,Transaksi Sepi (Skip Broksum),Mid Cap (Lapis 2),Overvalued (Mahal),0.0,815.934,1485.0,1449,1200,1975,0.6779661016949152,19100,Normal,55,Positif,Uptrend,Bullish,Strong Bullish,Perfect Uptrend (5>20>50),Normal,Akumulasi (Naik),Normal,Dominan Jual (Guyur),Normal,Tinggi,Doji (Ragu-ragu),Rawan Pucuk (High Risk),< 1 Miliar,Di Bawah VWAP (Lemah),Distribusi Pro (Guyuran),Gorengan Sepi (< 5M),Sepi (< 50%),Mark-Up (Fase Pesta),Spesialis Tiang Jemuran (Banting Pucuk),Normal,Naik 1 Hari Beruntun,TP: 1703 | CL: 1339,Normal,Ideal (1:2),Golden Cross (Awal Bullish),Netral / Sepi Berita,Normal / Sedang Transisi,Mengambang (Jauh dari Fibo),6,WAIT & SEE,TIDAK ADA,2026-09-28 11:55:04,Biasa / Mengikuti Pasar
11:55,CSMI,Token Mati (Perlu Update),Small Cap (Lapis 3),Overvalued (Mahal),0.0,46.48838,186.0,197,165,274,-7.920792079207921,18252700,Normal,50,Negatif,Downtrend,Bullish,Bearish MACD,Perfect Uptrend (5>20>50),Normal,Akumulasi (Naik),Gap Down (-5.9%),Seimbang / Adu Mekanik,Normal,Tinggi,Normal,Rawan Pucuk (High Risk),> 1 Miliar,Di Bawah VWAP (Lemah),Distribusi Pro (Guyuran),Ritel Aktif (5M - 50M),Sepi (< 50%),Distribution (Fase Jualan),Normal,Jarum Bawah (Sinyal Pantulan Kuat),Turun 2 Hari Beruntun,TP: 227 | CL: 158,Normal,Sangat Menarik (> 1:3),Netral / Sideways,Netral / Sepi Berita,Normal / Sedang Transisi,Mengambang (Jauh dari Fibo),2,WAIT & SEE,TIDAK ADA,2026-09-28 11:55:04,Biasa / Mengikuti Pasar
11:55,BBSS,Token Mati (Perlu Update),Small Cap (Lapis 3),Fair Value (Wajar),0.0,1.7794638,91.0,92,77,108,-1.0869565217391304,16160100,Normal,48,Negatif,Downtrend,Bearish,Bullish MACD,Strong Downtrend (5<20<50),Normal,Distribusi (Turun),Normal,Seimbang / Adu Mekanik,Normal,Tinggi,Normal,Rawan Pucuk (High Risk),> 1 Miliar,Persis di VWAP,Distribusi Pro (Guyuran),Ritel Aktif (5M - 50M),Sepi (< 50%),Mark-Down (Fase Runtuh),Spesialis Tiang Jemuran (Banting Pucuk),Jarum Bawah (Sinyal Pantulan Kuat),Turun 1 Hari Beruntun,TP: 107 | CL: 80,Normal,Menengah (1:1),Golden Cross (Awal Bullish),Netral / Sepi Berita,Normal / Sedang Transisi,Mendekati Fibo 78.6%,1,WAIT & SEE,TIDAK ADA,2026-09-28 11:55:04,Biasa / Mengikuti Pasar
11:55,CASH,Transaksi Sepi (Skip Broksum),Small Cap (Lapis 3),Fair Value (Wajar),0.0,-6.423325,230.0,239,200,290,-6.504065040650407,582300,Normal,47,Negatif,Downtrend,Bullish,Bearish MACD,Perfect Uptrend (5>20>50),Normal,Distribusi (Turun),Gap Down (-2.4%),Dominan Jual (Guyur),Normal,Tinggi,Normal,Rawan Pucuk (High Risk),< 1 Miliar,Di Bawah VWAP (Lemah),Distribusi Pro (Guyuran),Gorengan Sepi (< 5M),Sepi (< 50%),Distribution (Fase Jualan),Normal,Normal,Turun 2 Hari Beruntun,TP: 264 | CL: 207,Open = High (Tekanan Jual),Ideal (1:2),Netral / Sideways,Netral / Sepi Berita,Normal / Sedang Transisi,Mengambang (Jauh dari Fibo),1,WAIT & SEE,TIDAK ADA,2026-09-28 11:55:04,Biasa / Mengikuti Pasar
11:55,EPAC,Transaksi Sepi (Skip Broksum),Small Cap (Lapis 3),Fair Value (Wajar),0.0,2.0222921,43.0,52,43,60,-14.000000000000002,2152700,Normal,20,Negatif,Downtrend,Bearish,Strong Bearish,Strong Downtrend (5<20<50),Normal,Distribusi (Turun),Gap Down (-14.0%),Tidak Ada Transaksi,Normal,Tinggi,Doji (Ragu-ragu),Dekat Support (Low Risk),< 1 Miliar,Di Bawah VWAP (Lemah),Netral,Gorengan Sepi (< 5M),Sepi (< 50%),Mark-Down (Fase Runtuh),Normal,Normal,Turun 1 Hari Beruntun,TP: 45 | CL: 41,Normal,Di Area Support,Oversold (Jenuh Jual - Peluang),Netral / Sepi Berita,Normal / Sedang Transisi,Golden Rebound Fibo Bottom / 100% 🎯,0,WAIT & SEE,TIDAK ADA,2026-09-28 11:55:04,Biasa / Mengikuti Pasar
11:55,UANG,Transaksi Sepi (Skip Broksum),Mid Cap (Lapis 2),Overvalued (Mahal),65.195244,14.304713,3840.0,3788,2400,4690,1.0526315789473684,100600,Normal,57,Positif,Uptrend,Bullish,Bearish MACD,Perfect Uptrend (5>20>50),Normal,Distribusi (Turun),Normal,Seimbang / Adu Mekanik,Normal,Tinggi,Normal,Rawan Pucuk (High Risk),< 1 Miliar,Di Bawah VWAP (Lemah),Distribusi Pro (Guyuran),Gorengan Sepi (< 5M),Sepi (< 50%),Mark-Up (Fase Pesta),Spesialis Tiang Jemuran (Banting Pucuk),Normal,Naik 1 Hari Beruntun,TP: 4387 | CL: 3475,Normal,Tidak Ideal (< 1:1),Netral / Sideways,Netral / Sepi Berita,Normal / Sedang Transisi,Mendekati Fibo 38.2%,4,WAIT & SEE,TIDAK ADA,2026-09-28 11:55:04,Biasa / Mengikuti Pasar
11:55,PGUN,Transaksi Sepi (Skip Broksum),Big Cap (Lapis 1),Overvalued (Mahal),440.27383,27.826767,9325.0,9578,8300,11275,-3.116883116883117,19000,Normal,50,Negatif,Downtrend,Bearish,Bearish MACD,Konsolidasi / Transisi,Normal,Distribusi (Turun),Normal,Dominan Jual (Guyur),Normal,Sedang,Normal,Rawan Pucuk (High Risk),< 1 Miliar,Persis di VWAP,Distribusi Pro (Guyuran),Gorengan Sepi (< 5M),Sepi (< 50%),Distribution (Fase Jualan),Spesialis Tiang Jemuran (Banting Pucuk),Normal,Turun 2 Hari Beruntun,TP: 10594 | CL: 8478,Normal,Ideal (1:2),Netral / Sideways,Netral / Sepi Berita,Supply Kering (Siap Pump) 🏜️,Mendekati Fibo 50.0%,0,WAIT & SEE,TIDAK ADA,2026-09-28 11:55:04,Biasa / Mengikuti Pasar
11:55,SOFA,Transaksi Sepi (Skip Broksum),Small Cap (Lapis 3),Overvalued (Mahal),0.0,15.2193365,306.0,337,282,398,0.6578947368421052,2195400,Normal,45,Positif,Downtrend,Bearish,Bearish MACD,Konsolidasi / Transisi,Normal,Distribusi (Turun),Normal,Seimbang / Adu Mekanik,Normal,Tinggi,Doji (Ragu-ragu),Area Tengah,< 1 Miliar,Di Bawah VWAP (Lemah),Distribusi Pro (Guyuran),Gorengan Sepi (< 5M),Sepi (< 50%),Distribution (Fase Jualan),Spesialis Tiang Jemuran (Banting Pucuk),Jarum Bawah (Sinyal Pantulan Kuat),Naik 1 Hari Beruntun,TP: 362 | CL: 268,Normal,Sangat Menarik (> 1:3),Golden Cross (Awal Bullish),Netral / Sepi Berita,Normal / Sedang Transisi,Mendekati Fibo 50.0%,1,WAIT & SEE,TIDAK ADA,2026-09-28 11:55:04,Biasa / Mengikuti Pasar
11:55,SGER,Token Mati (Perlu Update),Big Cap (Lapis 1),Overvalued (Mahal),52.741154,4.841042,755.0,695,590,760,2.7210884353741496,50389200,Normal,74,Positif,Uptrend,Bullish,Bearish MACD,Perfect Uptrend (5>20>50),Normal,Akumulasi (Naik),Normal,Dominan Beli (Hajar Kanan),Normal,Tinggi,Normal,Rawan Pucuk (High Risk),> 1 Miliar,Di Atas VWAP (Kuat),Akumulasi Pro (Smart Money),Ritel Aktif (5M - 50M),Normal (50-150%),Mark-Up (Fase Pesta),Normal,Jarum Bawah (Sinyal Pantulan Kuat),Naik 2 Hari Beruntun,TP: 819 | CL: 712,Normal,Tidak Ideal (< 1:1),Overbought (Jenuh Beli - Rawan),Netral / Sepi Berita,Normal / Sedang Transisi,Mengambang (Jauh dari Fibo),6,WAIT & SEE,TIDAK ADA,2026-09-28 11:55:04,Biasa / Mengikuti Pasar
11:55,TRJA,Transaksi Sepi (Skip Broksum),Small Cap (Lapis 3),Undervalued (Murah),3.7661855,0.4696111,120.0,129,118,164,-4.0,1112800,Normal,44,Negatif,Downtrend,Bearish,Bearish MACD,Konsolidasi / Transisi,Normal,Akumulasi (Naik),Normal,Dominan Jual (Guyur),Bottom Rebound,Tinggi,Normal,Dekat Support (Low Risk),< 1 Miliar,Di Bawah VWAP (Lemah),Distribusi Pro (Guyuran),Gorengan Sepi (< 5M),Sepi (< 50%),Distribution (Fase Jualan),Spesialis Tiang Jemuran (Banting Pucuk),Normal,Turun 2 Hari Beruntun,TP: 138 | CL: 107,Normal,Sangat Menarik (> 1:3),Oversold (Jenuh Jual - Peluang),Netral / Sepi Berita,Normal / Sedang Transisi,Mendekati Fibo 78.6%,1,WAIT & SEE,TIDAK ADA,2026-09-28 11:55:04,Biasa / Mengikuti Pasar
11:55,PNGO,Transaksi Sepi (Skip Broksum),Mid Cap (Lapis 2),Fair Value (Wajar),8.1568,2.133152,3450.0,3518,3360,3600,1.4705882352941175,200,Normal,46,Positif,Downtrend,Bearish,Strong Bearish,Strong Downtrend (5<20<50),Normal,Distribusi (Turun),Normal,Tidak Ada Transaksi,Squeeze,Rendah,Doji (Ragu-ragu),Dekat Support (Low Risk),< 1 Miliar,Persis di VWAP,Distribusi Pro (Guyuran),Gorengan Sepi (< 5M),Sepi (< 50%),Mark-Down (Fase Runtuh),Normal,Normal,Naik 1 Hari Beruntun,TP: 3571 | CL: 3369,Normal,Ideal (1:2),Netral / Sideways,Netral / Sepi Berita,Normal / Sedang Transisi,Dekat Support Fibo 78.6%,1,WAIT & SEE,TIDAK ADA,2026-09-28 11:55:04,Biasa / Mengikuti Pasar
11:55,SCNP,Transaksi Sepi (Skip Broksum),Small Cap (Lapis 3),Fair Value (Wajar),0.0,1.0671726,162.0,158,150,204,-1.2195121951219512,524000,Normal,58,Negatif,Uptrend,Bullish,Strong Bullish,Perfect Uptrend (5>20>50),Normal,Distribusi (Turun),Normal,Seimbang / Adu Mekanik,Normal,Sedang,Normal,Area Tengah,< 1 Miliar,Di Bawah VWAP (Lemah),Distribusi Pro (Guyuran),Gorengan Sepi (< 5M),Sepi (< 50%),Mark-Up (Fase Pesta),Spesialis Tiang Jemuran (Banting Pucuk),Normal,Turun 1 Hari Beruntun,TP: 179 | CL: 150,Normal,Sangat Menarik (> 1:3),Netral / Sideways,Netral / Sepi Berita,Normal / Sedang Transisi,Mengambang (Jauh dari Fibo),4,WAIT & SEE,TIDAK ADA,2026-09-28 11:55:04,Biasa / Mengikuti Pasar
11:55,BBSI,Transaksi Sepi (Skip Broksum),Big Cap (Lapis 1),Overvalued (Mahal),92.88249,4.5864844,4450.0,4585,4450,4700,-1.5486725663716814,100,Normal,17,Negatif,Downtrend,Bearish,Strong Bearish,Strong Downtrend (5<20<50),Normal,Distribusi (Turun),Normal,Tidak Ada Transaksi,Squeeze,Rendah,Doji (Ragu-ragu),Dekat Support (Low Risk),< 1 Miliar,Di Bawah VWAP (Lemah),Netral,Gorengan Sepi (< 5M),Sepi (< 50%),Mark-Down (Fase Runtuh),Normal,Normal,Turun 1 Hari Beruntun,TP: 4485 | CL: 4426,Normal,Di Area Support,Oversold (Jenuh Jual - Peluang),Netral / Sepi Berita,Supply Kering (Siap Pump) 🏜️,Golden Rebound Fibo Bottom / 100% 🎯,0,WAIT & SEE,TIDAK ADA,2026-09-28 11:55:04,Biasa / Mengikuti Pasar
11:55,KMDS,Transaksi Sepi (Skip Broksum),Small Cap (Lapis 3),Fair Value (Wajar),5.648726,1.5250493,515.0,522,505,540,-0.9615384615384616,37300,Normal,40,Negatif,Downtrend,Death Cross,Strong Bearish,Strong Downtrend (5<20<50),Normal,Distribusi (Turun),Normal,Dominan Jual (Guyur),Squeeze,Rendah,Normal,Dekat Support (Low Risk),< 1 Miliar,Di Bawah VWAP (Lemah),Distribusi Pro (Guyuran),Gorengan Sepi (< 5M),Sepi (< 50%),Mark-Down (Fase Runtuh),Solid (Jarang Dibanting),Normal,Turun 1 Hari Beruntun,TP: 531 | CL: 503,Open = High (Tekanan Jual),Ideal (1:2),Netral / Sideways,Netral / Sepi Berita,Normal / Sedang Transisi,Dekat Support Fibo 78.6%,0,WAIT & SEE,TIDAK ADA,2026-09-28 11:55:04,Biasa / Mengikuti Pasar
11:55,PURI,Transaksi Sepi (Skip Broksum),Small Cap (Lapis 3),Overvalued (Mahal),26.252983,1.5881125,143.0,156,140,190,-0.6944444444444444,1229000,Normal,38,Negatif,Downtrend,Bearish,Bearish MACD,Konsolidasi / Transisi,Normal,Distribusi (Turun),Normal,Seimbang / Adu Mekanik,Normal,Tinggi,Doji (Ragu-ragu),Dekat Support (Low Risk),< 1 Miliar,Di Bawah VWAP (Lemah),Distribusi Pro (Guyuran),Gorengan Sepi (< 5M),Sepi (< 50%),Distribution (Fase Jualan),Spesialis Tiang Jemuran (Banting Pucuk),Normal,Turun 3 Hari Beruntun,TP: 161 | CL: 130,Normal,Sangat Menarik (> 1:3),Oversold (Jenuh Jual - Peluang),Netral / Sepi Berita,Normal / Sedang Transisi,Golden Rebound Fibo 78.6% 🎯,0,WAIT & SEE,TIDAK ADA,2026-09-28 11:55:04,Biasa / Mengikuti Pasar
11:55,SOHO,Transaksi Sepi (Skip Broksum),Big Cap (Lapis 1),Overvalued (Mahal),23.662552,6.5407805,1265.0,1484,1180,2000,-8.664259927797833,44200,Normal,39,Negatif,Downtrend,Bearish,Bearish MACD,Konsolidasi / Transisi,Normal,Distribusi (Turun),Normal,Dominan Jual (Guyur),Normal,Tinggi,Normal,Area Tengah,< 1 Miliar,Di Bawah VWAP (Lemah),Distribusi Pro (Guyuran),Gorengan Sepi (< 5M),Sepi (< 50%),Distribution (Fase Jualan),Normal,Normal,Turun 2 Hari Beruntun,TP: 1475 | CL: 1125,Open = High (Tekanan Jual),Sangat Menarik (> 1:3),Oversold (Jenuh Jual - Peluang),Netral / Sepi Berita,Normal / Sedang Transisi,Golden Rebound Fibo 78.6% 🎯,0,WAIT & SEE,TIDAK ADA,2026-09-28 11:55:04,Biasa / Mengikuti Pasar
11:55,ROCK,Transaksi Sepi (Skip Broksum),Mid Cap (Lapis 2),Overvalued (Mahal),116.58768,4.222473,2460.0,2046,1850,2480,16.587677725118482,308800,Tembus MA20,71,Positif,Uptrend,Golden Cross,Strong Bullish,Perfect Uptrend (5>20>50),Normal,Akumulasi (Naik),Gap Up (+5.2%),Dominan Beli (Hajar Kanan),Breakout Upper,Tinggi,Marubozu (Strong Bullish),Rawan Pucuk (High Risk),< 1 Miliar,Di Atas VWAP (Kuat),Akumulasi Pro (Smart Money),Gorengan Sepi (< 5M),Anomali Tinggi (150-300%),Mark-Up (Fase Pesta),Spesialis Tiang Jemuran (Banting Pucuk),Normal,Naik 3 Hari Beruntun,TP: 2657 | CL: 2328,Open = Low (Bullish Kuat),Tidak Ideal (< 1:1),Netral / Sideways,Netral / Sepi Berita,Normal / Sedang Transisi,Mengambang (Jauh dari Fibo),9,BELI,TIDAK ADA,2026-09-28 11:55:04,Biasa / Mengikuti Pasar
11:55,ENZO,Transaksi Sepi (Skip Broksum),Small Cap (Lapis 3),Undervalued (Murah),11.810223,0.7158108,58.0,75,58,85,-14.705882352941178,7963400,Normal,32,Negatif,Downtrend,Bearish,Strong Bearish,Konsolidasi / Transisi,Normal,Akumulasi (Naik),Normal,Dominan Jual (Guyur),Normal,Tinggi,Normal,Dekat Support (Low Risk),< 1 Miliar,Di Bawah VWAP (Lemah),Distribusi Pro (Guyuran),Gorengan Sepi (< 5M),Sepi (< 50%),Distribution (Fase Jualan),Spesialis Tiang Jemuran (Banting Pucuk),Normal,Turun 2 Hari Beruntun,TP: 68 | CL: 51,Open = High (Tekanan Jual),Di Area Support,Oversold (Jenuh Jual - Peluang),Netral / Sepi Berita,Normal / Sedang Transisi,Golden Rebound Fibo Bottom / 100% 🎯,1,WAIT & SEE,TIDAK ADA,2026-09-28 11:55:04,Biasa / Mengikuti Pasar
11:55,PLAN,Transaksi Sepi (Skip Broksum),Small Cap (Lapis 3),Fair Value (Wajar),0.0,1.038563,62.0,64,42,88,-7.462686567164178,3729300,Normal,54,Negatif,Downtrend,Bullish,Bearish MACD,Perfect Uptrend (5>20>50),Normal,Distribusi (Turun),Normal,Dominan Jual (Guyur),Normal,Tinggi,Normal,Rawan Pucuk (High Risk),< 1 Miliar,Di Bawah VWAP (Lemah),Akumulasi Pro (Smart Money),Gorengan Sepi (< 5M),Sepi (< 50%),Distribution (Fase Jualan),Normal,Normal,Turun 3 Hari Beruntun,TP: 74 | CL: 54,Open = High (Tekanan Jual),Menengah (1:1),Netral / Sideways,Netral / Sepi Berita,Normal / Sedang Transisi,Mendekati Fibo 50.0%,2,WAIT & SEE,TIDAK ADA,2026-09-28 11:55:04,Biasa / Mengikuti Pasar
11:55,ATAP,Transaksi Sepi (Skip Broksum),Small Cap (Lapis 3),Overvalued (Mahal),163.35878,8.624303,535.0,556,515,610,-1.834862385321101,632600,Normal,42,Negatif,Downtrend,Bearish,Strong Bearish,Strong Downtrend (5<20<50),Normal,Distribusi (Turun),Normal,Seimbang / Adu Mekanik,Squeeze,Rendah,Normal,Area Tengah,< 1 Miliar,Di Bawah VWAP (Lemah),Distribusi Pro (Guyuran),Gorengan Sepi (< 5M),Normal (50-150%),Mark-Down (Fase Runtuh),Normal,Normal,Turun 1 Hari Beruntun,TP: 583 | CL: 502,Normal,Sangat Menarik (> 1:3),Netral / Sideways,Netral / Sepi Berita,Normal / Sedang Transisi,Dekat Support Fibo 50.0%,0,WAIT & SEE,TIDAK ADA,2026-09-28 11:55:04,Biasa / Mengikuti Pasar
11:55,VICI,Token Mati (Perlu Update),Mid Cap (Lapis 2),Overvalued (Mahal),65.78073,6.0810065,990.0,1032,825,1280,2.5906735751295336,5219000,Normal,54,Positif,Downtrend,Bearish,Bearish MACD,Konsolidasi / Transisi,Normal,Distribusi (Turun),Normal,Dominan Jual (Guyur),Normal,Tinggi,Normal,Rawan Pucuk (High Risk),> 1 Miliar,Persis di VWAP,Akumulasi Pro (Smart Money),Ritel Aktif (5M - 50M),Normal (50-150%),Distribution (Fase Jualan),Normal,Normal,Naik 2 Hari Beruntun,TP: 1142 | CL: 888,Open = Low (Bullish Kuat),Ideal (1:2),Golden Cross (Awal Bullish),Netral / Sepi Berita,Normal / Sedang Transisi,Mengambang (Jauh dari Fibo),2,WAIT & SEE,TIDAK ADA,2026-09-28 11:55:04,Biasa / Mengikuti Pasar
11:55,BANK,Transaksi Sepi (Skip Broksum),Mid Cap (Lapis 2),Overvalued (Mahal),40.429337,0.9625254,228.0,258,226,338,-2.564102564102564,966300,Normal,19,Negatif,Downtrend,Bearish,Strong Bearish,Strong Downtrend (5<20<50),Normal,Distribusi (Turun),Normal,Dominan Jual (Guyur),Normal,Tinggi,Normal,Dekat Support (Low Risk),< 1 Miliar,Di Bawah VWAP (Lemah),Akumulasi Pro (Smart Money),Gorengan Sepi (< 5M),Sepi (< 50%),Mark-Down (Fase Runtuh),Normal,Normal,Turun 3 Hari Beruntun,TP: 241 | CL: 218,Normal,Sangat Menarik (> 1:3),Oversold (Jenuh Jual - Peluang),Netral / Sepi Berita,Normal / Sedang Transisi,Golden Rebound Fibo Bottom / 100% 🎯,0,WAIT & SEE,TIDAK ADA,2026-09-28 11:55:04,Biasa / Mengikuti Pasar
11:55,WMUU,Transaksi Sepi (Skip Broksum),Small Cap (Lapis 3),Fair Value (Wajar),0.0,0.7332879,43.0,49,43,50,-14.000000000000002,2717400,Tembus MA20,11,Negatif,Downtrend,Death Cross,Strong Bearish,Strong Downtrend (5<20<50),Normal,Distribusi (Turun),Gap Down (-14.0%),Tidak Ada Transaksi,Normal,Sedang,Doji (Ragu-ragu),Dekat Support (Low Risk),< 1 Miliar,Di Bawah VWAP (Lemah),Netral,Gorengan Sepi (< 5M),Ledakan Ekstrem (> 300%),Mark-Down (Fase Runtuh),Solid (Jarang Dibanting),Normal,Turun 1 Hari Beruntun,TP: 43 | CL: 42,Normal,Di Area Support,Oversold (Jenuh Jual - Peluang),Netral / Sepi Berita,Normal / Sedang Transisi,Golden Rebound Fibo Bottom / 100% 🎯,1,WAIT & SEE,TIDAK ADA,2026-09-28 11:55:04,Biasa / Mengikuti Pasar
11:55,UNIQ,Transaksi Sepi (Skip Broksum),Small Cap (Lapis 3),Undervalued (Murah),12.922002,0.72332966,111.0,121,104,133,1.834862385321101,2042500,Normal,36,Positif,Downtrend,Bearish,Strong Bearish,Konsolidasi / Transisi,Normal,Distribusi (Turun),Normal,Dominan Jual (Guyur),Normal,Sedang,Normal,Area Tengah,< 1 Miliar,Di Bawah VWAP (Lemah),Distribusi Pro (Guyuran),Gorengan Sepi (< 5M),Normal (50-150%),Distribution (Fase Jualan),Spesialis Tiang Jemuran (Banting Pucuk),Normal,Naik 1 Hari Beruntun,TP: 120 | CL: 104,Normal,Sangat Menarik (> 1:3),Golden Cross (Awal Bullish),Netral / Sepi Berita,Normal / Sedang Transisi,Dekat Support Fibo 61.8% (Golden Ratio),1,WAIT & SEE,TIDAK ADA,2026-09-28 11:55:04,Biasa / Mengikuti Pasar
11:55,SNLK,Token Mati (Perlu Update),Small Cap (Lapis 3),Fair Value (Wajar),0.0,0.67629695,242.0,239,208,266,0.8333333333333334,11408200,Normal,53,Positif,Uptrend,Death Cross,Bearish MACD,Konsolidasi / Transisi,Normal,Akumulasi (Naik),Normal,Dominan Beli (Hajar Kanan),Normal,Tinggi,Normal,Rawan Pucuk (High Risk),> 1 Miliar,Di Atas VWAP (Kuat),Akumulasi Pro (Smart Money),Gorengan Sepi (< 5M),Normal (50-150%),Mark-Up (Fase Pesta),Normal,Jarum Bawah (Sinyal Pantulan Kuat),Naik 3 Hari Beruntun,TP: 267 | CL: 224,Normal,Tidak Ideal (< 1:1),Netral / Sideways,Netral / Sepi Berita,Normal / Sedang Transisi,Golden Rebound Fibo 50.0% 🎯,5,WAIT & SEE,TIDAK ADA,2026-09-28 11:55:04,Biasa / Mengikuti Pasar
11:55,ZYRX,Transaksi Sepi (Skip Broksum),Small Cap (Lapis 3),Undervalued (Murah),2.4577572,0.5501118,128.0,129,125,138,0.0,60600,Normal,47,Negatif,Downtrend,Bearish,Strong Bearish,Konsolidasi / Transisi,Normal,Distribusi (Turun),Normal,Seimbang / Adu Mekanik,Squeeze,Rendah,Normal,Dekat Support (Low Risk),< 1 Miliar,Persis di VWAP,Akumulasi Pro (Smart Money),Gorengan Sepi (< 5M),Sepi (< 50%),Distribution (Fase Jualan),Normal,Normal,Sideways / Stagnan,TP: 133 | CL: 124,Normal,Sangat Menarik (> 1:3),Netral / Sideways,Netral / Sepi Berita,Normal / Sedang Transisi,Dekat Support Fibo 61.8% (Golden Ratio),0,WAIT & SEE,TIDAK ADA,2026-09-28 11:55:04,Biasa / Mengikuti Pasar
11:55,LFLO,Transaksi Sepi (Skip Broksum),Small Cap (Lapis 3),Overvalued (Mahal),0.0,8.036024,555.0,546,480,645,0.0,1200,Normal,53,Negatif,Uptrend,Bullish,Strong Bullish,Perfect Uptrend (5>20>50),Normal,Distribusi (Turun),Normal,Tidak Ada Transaksi,Normal,Tinggi,Doji (Ragu-ragu),Rawan Pucuk (High Risk),< 1 Miliar,Di Bawah VWAP (Lemah),Akumulasi Pro (Smart Money),Gorengan Sepi (< 5M),Sepi (< 50%),Mark-Up (Fase Pesta),Normal,Normal,Sideways / Stagnan,TP: 618 | CL: 512,Normal,Menengah (1:1),Netral / Sideways,Netral / Sepi Berita,Normal / Sedang Transisi,Dekat Support Fibo 61.8% (Golden Ratio),4,WAIT & SEE,TIDAK ADA,2026-09-28 11:55:04,Biasa / Mengikuti Pasar
11:55,TAPG,Token Mati (Perlu Update),Big Cap (Lapis 1),Overvalued (Mahal),9.70493,3.43552,1985.0,2211,1945,2480,-2.2167487684729066,6266400,Normal,43,Negatif,Downtrend,Bearish,Bearish MACD,Konsolidasi / Transisi,Normal,Distribusi (Turun),Normal,Dominan Jual (Guyur),Normal,Tinggi,Normal,Dekat Support (Low Risk),> 1 Miliar,Di Bawah VWAP (Lemah),Distribusi Pro (Guyuran),Ritel Aktif (5M - 50M),Sepi (< 50%),Distribution (Fase Jualan),Solid (Jarang Dibanting),Normal,Turun 1 Hari Beruntun,TP: 2145 | CL: 1878,Open = High (Tekanan Jual),Sangat Menarik (> 1:3),Oversold (Jenuh Jual - Peluang),Netral / Sepi Berita,Normal / Sedang Transisi,Mendekati Fibo 50.0%,0,WAIT & SEE,TIDAK ADA,2026-09-28 11:55:04,Biasa / Mengikuti Pasar
11:55,NPGF,Token Mati (Perlu Update),Small Cap (Lapis 3),Overvalued (Mahal),2450.0,0.65844285,49.0,55,48,61,-5.769230769230769,25731400,Tembus MA20,24,Negatif,Downtrend,Bearish,Strong Bearish,Strong Downtrend (5<20<50),Normal,Distribusi (Turun),Gap Down (-3.8%),Dominan Jual (Guyur),Normal,Tinggi,Normal,Dekat Support (Low Risk),> 1 Miliar,Di Bawah VWAP (Lemah),Distribusi Pro (Guyuran),Gorengan Sepi (< 5M),Anomali Tinggi (150-300%),Mark-Down (Fase Runtuh),Spesialis Tiang Jemuran (Banting Pucuk),Normal,Turun 2 Hari Beruntun,TP: 53 | CL: 45,Normal,Sangat Menarik (> 1:3),Oversold (Jenuh Jual - Peluang),Netral / Sepi Berita,Normal / Sedang Transisi,Golden Rebound Fibo Bottom / 100% 🎯,1,WAIT & SEE,TIDAK ADA,2026-09-28 11:55:04,Biasa / Mengikuti Pasar
11:55,LUCY,Token Mati (Perlu Update),Small Cap (Lapis 3),Overvalued (Mahal),0.0,22.187822,258.0,396,258,640,-9.79020979020979,7883800,Normal,33,Negatif,Downtrend,Bearish,Strong Bearish,Konsolidasi / Transisi,Normal,Distribusi (Turun),Normal,Dominan Jual (Guyur),Normal,Tinggi,Normal,Dekat Support (Low Risk),> 1 Miliar,Di Bawah VWAP (Lemah),Distribusi Pro (Guyuran),Ritel Aktif (5M - 50M),Sepi (< 50%),Distribution (Fase Jualan),Normal,Normal,Turun 5 Hari Beruntun,TP: 320 | CL: 216,Open = High (Tekanan Jual),Di Area Support,Oversold (Jenuh Jual - Peluang),Netral / Sepi Berita,Normal / Sedang Transisi,Mengambang (Jauh dari Fibo),0,WAIT & SEE,TIDAK ADA,2026-09-28 11:55:04,Biasa / Mengikuti Pasar
11:55,HOPE,Token Mati (Perlu Update),Small Cap (Lapis 3),Overvalued (Mahal),0.0,10.634555,272.0,242,193,296,-2.857142857142857,6017500,Normal,58,Negatif,Uptrend,Bullish,Strong Bullish,Perfect Uptrend (5>20>50),Normal,Akumulasi (Naik),Normal,Dominan Jual (Guyur),Normal,Tinggi,Normal,Rawan Pucuk (High Risk),> 1 Miliar,Di Bawah VWAP (Lemah),Distribusi Pro (Guyuran),Ritel Aktif (5M - 50M),Sepi (< 50%),Mark-Up (Fase Pesta),Normal,Normal,Turun 1 Hari Beruntun,TP: 305 | CL: 249,Normal,Tidak Ideal (< 1:1),Death Cross (Awal Bearish),Netral / Sepi Berita,Normal / Sedang Transisi,Mengambang (Jauh dari Fibo),5,WAIT & SEE,TIDAK ADA,2026-09-28 11:55:04,Biasa / Mengikuti Pasar
11:55,MGLV,Token Mati (Perlu Update),Big Cap (Lapis 1),Overvalued (Mahal),0.0,245.98021,14625.0,14168,10500,17000,-2.337228714524207,494400,Normal,60,Negatif,Uptrend,Bullish,Bearish MACD,Perfect Uptrend (5>20>50),Normal,Akumulasi (Naik),Normal,Seimbang / Adu Mekanik,Normal,Tinggi,Normal,Rawan Pucuk (High Risk),> 1 Miliar,Di Bawah VWAP (Lemah),Akumulasi Pro (Smart Money),Ritel Aktif (5M - 50M),Sepi (< 50%),Mark-Up (Fase Pesta),Normal,Normal,Turun 2 Hari Beruntun,TP: 16317 | CL: 13496,Open = High (Tekanan Jual),Tidak Ideal (< 1:1),Netral / Sideways,Netral / Sepi Berita,Normal / Sedang Transisi,Mengambang (Jauh dari Fibo),4,WAIT & SEE,TIDAK ADA,2026-09-28 11:55:04,Biasa / Mengikuti Pasar
11:55,TRUE,Token Mati (Perlu Update),Small Cap (Lapis 3),Fair Value (Wajar),0.0,1.5934014,51.0,57,50,107,-15.0,35750600,Normal,44,Negatif,Downtrend,Bullish,Strong Bullish,Perfect Uptrend (5>20>50),Normal,Distribusi (Turun),Gap Down (-13.3%),Dominan Jual (Guyur),Normal,Tinggi,Normal,Dekat Support (Low Risk),> 1 Miliar,Di Bawah VWAP (Lemah),Distribusi Pro (Guyuran),Ritel Aktif (5M - 50M),Sepi (< 50%),Distribution (Fase Jualan),Normal,Normal,Turun 5 Hari Beruntun,TP: 63 | CL: 42,Normal,Sangat Menarik (> 1:3),Oversold (Jenuh Jual - Peluang),Netral / Sepi Berita,Normal / Sedang Transisi,Golden Rebound Fibo Bottom / 100% 🎯,2,WAIT & SEE,TIDAK ADA,2026-09-28 11:55:04,Biasa / Mengikuti Pasar
11:55,LABA,Transaksi Sepi (Skip Broksum),Small Cap (Lapis 3),Undervalued (Murah),3.5940504,1.1996388,101.0,122,100,137,-5.607476635514018,4860300,Normal,38,Negatif,Downtrend,Bearish,Bearish MACD,Konsolidasi / Transisi,Normal,Distribusi (Turun),Gap Down (-5.6%),Dominan Jual (Guyur),Normal,Tinggi,Doji (Ragu-ragu),Dekat Support (Low Risk),< 1 Miliar,Di Bawah VWAP (Lemah),Distribusi Pro (Guyuran),Gorengan Sepi (< 5M),Sepi (< 50%),Distribution (Fase Jualan),Spesialis Tiang Jemuran (Banting Pucuk),Normal,Turun 2 Hari Beruntun,TP: 115 | CL: 91,Normal,Sangat Menarik (> 1:3),Oversold (Jenuh Jual - Peluang),Netral / Sepi Berita,Normal / Sedang Transisi,Mengambang (Jauh dari Fibo),0,WAIT & SEE,TIDAK ADA,2026-09-28 11:55:04,Biasa / Mengikuti Pasar
11:55,ARCI,Token Mati (Perlu Update),Big Cap (Lapis 1),Overvalued (Mahal),12.027001,79062.5,1265.0,1321,1235,1390,-2.6923076923076925,11100400,Normal,45,Negatif,Downtrend,Bearish,Bearish MACD,Konsolidasi / Transisi,Normal,Distribusi (Turun),Normal,Seimbang / Adu Mekanik,Normal,Sedang,Normal,Dekat Support (Low Risk),> 1 Miliar,Di Bawah VWAP (Lemah),Distribusi Pro (Guyuran),Ritel Aktif (5M - 50M),Sepi (< 50%),Distribution (Fase Jualan),Normal,Normal,Turun 3 Hari Beruntun,TP: 1342 | CL: 1213,Open = High (Tekanan Jual),Sangat Menarik (> 1:3),Netral / Sideways,Netral / Sepi Berita,Supply Kering (Siap Pump) 🏜️,Golden Rebound Fibo 38.2% 🎯,0,WAIT & SEE,TIDAK ADA,2026-09-28 11:55:04,Biasa / Mengikuti Pasar
11:55,MASB,Transaksi Sepi (Skip Broksum),Mid Cap (Lapis 2),Fair Value (Wajar),21.644737,1.1195403,3290.0,3335,3100,3400,0.0,13000,Tembus MA20,42,Negatif,Downtrend,Bearish,Strong Bearish,Strong Downtrend (5<20<50),Normal,Akumulasi (Naik),Normal,Dominan Beli (Hajar Kanan),Squeeze,Rendah,Marubozu (Strong Bullish),Area Tengah,< 1 Miliar,Persis di VWAP,Akumulasi Pro (Smart Money),Gorengan Sepi (< 5M),Anomali Tinggi (150-300%),Mark-Down (Fase Runtuh),Solid (Jarang Dibanting),Normal,Sideways / Stagnan,TP: 3431 | CL: 3195,Open = Low (Bullish Kuat),Tidak Ideal (< 1:1),Netral / Sideways,Netral / Sepi Berita,Normal / Sedang Transisi,Dekat Support Fibo 61.8% (Golden Ratio),3,WAIT & SEE,TIDAK ADA,2026-09-28 11:55:04,Biasa / Mengikuti Pasar
11:55,BMHS,Transaksi Sepi (Skip Broksum),Mid Cap (Lapis 2),Fair Value (Wajar),0.0,0.8859201,200.0,198,190,210,0.0,147800,Normal,63,Negatif,Uptrend,Bullish,Bearish MACD,Perfect Uptrend (5>20>50),Normal,Akumulasi (Naik),Normal,Seimbang / Adu Mekanik,Squeeze,Rendah,Normal,Area Tengah,< 1 Miliar,Persis di VWAP,Akumulasi Pro (Smart Money),Gorengan Sepi (< 5M),Sepi (< 50%),Mark-Up (Fase Pesta),Normal,Normal,Sideways / Stagnan,TP: 208 | CL: 194,Normal,Menengah (1:1),Golden Cross (Awal Bullish),Netral / Sepi Berita,Normal / Sedang Transisi,Dekat Support Fibo 23.6%,4,WAIT & SEE,TIDAK ADA,2026-09-28 11:55:04,Biasa / Mengikuti Pasar
11:55,FLMC,Transaksi Sepi (Skip Broksum),Small Cap (Lapis 3),Overvalued (Mahal),8.492964,8.029069,137.0,118,81,151,-0.7246376811594203,1151200,Normal,66,Negatif,Uptrend,Bullish,Strong Bullish,Perfect Uptrend (5>20>50),Normal,Akumulasi (Naik),Gap Up (+9.4%),Seimbang / Adu Mekanik,Normal,Tinggi,Normal,Rawan Pucuk (High Risk),< 1 Miliar,Di Atas VWAP (Kuat),Akumulasi Pro (Smart Money),Gorengan Sepi (< 5M),Sepi (< 50%),Mark-Up (Fase Pesta),Normal,Normal,Turun 1 Hari Beruntun,TP: 159 | CL: 122,Open = High (Tekanan Jual),Tidak Ideal (< 1:1),Death Cross (Awal Bearish),Netral / Sepi Berita,Normal / Sedang Transisi,Mengambang (Jauh dari Fibo),6,WAIT & SEE,TIDAK ADA,2026-09-28 11:55:04,Biasa / Mengikuti Pasar
11:55,NICL,Token Mati (Perlu Update),Mid Cap (Lapis 2),Overvalued (Mahal),40.39409,5.2453814,412.0,465,402,535,-0.9615384615384616,12242200,Normal,29,Negatif,Downtrend,Bearish,Strong Bearish,Strong Downtrend (5<20<50),Normal,Distribusi (Turun),Normal,Seimbang / Adu Mekanik,Bottom Rebound,Tinggi,Normal,Dekat Support (Low Risk),> 1 Miliar,Di Bawah VWAP (Lemah),Distribusi Pro (Guyuran),Ritel Aktif (5M - 50M),Sepi (< 50%),Mark-Down (Fase Runtuh),Normal,Jarum Bawah (Sinyal Pantulan Kuat),Turun 3 Hari Beruntun,TP: 442 | CL: 391,Normal,Sangat Menarik (> 1:3),Oversold (Jenuh Jual - Peluang),Netral / Sepi Berita,Normal / Sedang Transisi,Golden Rebound Fibo Bottom / 100% 🎯,0,WAIT & SEE,TIDAK ADA,2026-09-28 11:55:04,Biasa / Mengikuti Pasar
11:55,UVCR,Token Mati (Perlu Update),Small Cap (Lapis 3),Overvalued (Mahal),66.666664,4.2643924,232.0,167,139,238,16.0,174687700,Tembus MA20,80,Positif,Uptrend,Bullish,Strong Bullish,Perfect Uptrend (5>20>50),Normal,Akumulasi (Naik),Gap Up (+2.0%),Dominan Beli (Hajar Kanan),Breakout Upper,Tinggi,Normal,Rawan Pucuk (High Risk),> 1 Miliar,Di Atas VWAP (Kuat),Akumulasi Pro (Smart Money),Ritel Aktif (5M - 50M),Normal (50-150%),Mark-Up (Fase Pesta),Normal,Normal,Naik 3 Hari Beruntun,TP: 256 | CL: 215,Normal,Tidak Ideal (< 1:1),Overbought (Jenuh Beli - Rawan),Netral / Sepi Berita,Normal / Sedang Transisi,Mengambang (Jauh dari Fibo),9,BELI,TIDAK ADA,2026-09-28 11:55:04,⚠️ Anomali (Sudah Terbang)
11:55,BUKA,Token Mati (Perlu Update),Mid Cap (Lapis 2),Undervalued (Murah),5.667575,0.39306986,104.0,108,100,118,0.0,24715100,Normal,41,Negatif,Downtrend,Bearish,Strong Bearish,Strong Downtrend (5<20<50),Normal,Distribusi (Turun),Normal,Seimbang / Adu Mekanik,Normal,Tinggi,Doji (Ragu-ragu),Area Tengah,> 1 Miliar,Di Bawah VWAP (Lemah),Distribusi Pro (Guyuran),Ritel Aktif (5M - 50M),Sepi (< 50%),Mark-Down (Fase Runtuh),Spesialis Tiang Jemuran (Banting Pucuk),Normal,Sideways / Stagnan,TP: 110 | CL: 99,Normal,Sangat Menarik (> 1:3),Netral / Sideways,Netral / Sepi Berita,Normal / Sedang Transisi,Mendekati Fibo 78.6%,0,WAIT & SEE,TIDAK ADA,2026-09-28 11:55:04,Biasa / Mengikuti Pasar
11:55,HAIS,Transaksi Sepi (Skip Broksum),Small Cap (Lapis 3),Undervalued (Murah),8.152807,0.5952381,175.0,184,170,194,-2.2346368715083798,1008000,Tembus MA20,32,Negatif,Downtrend,Bearish,Strong Bearish,Konsolidasi / Transisi,Normal,Distribusi (Turun),Normal,Seimbang / Adu Mekanik,Normal,Sedang,Normal,Dekat Support (Low Risk),< 1 Miliar,Di Bawah VWAP (Lemah),Akumulasi Pro (Smart Money),Gorengan Sepi (< 5M),Anomali Tinggi (150-300%),Distribution (Fase Jualan),Spesialis Tiang Jemuran (Banting Pucuk),Normal,Turun 1 Hari Beruntun,TP: 182 | CL: 170,Normal,Sangat Menarik (> 1:3),Netral / Sideways,Netral / Sepi Berita,Normal / Sedang Transisi,Dekat Support Fibo 78.6%,1,WAIT & SEE,TIDAK ADA,2026-09-28 11:55:04,Biasa / Mengikuti Pasar
11:55,OILS,Transaksi Sepi (Skip Broksum),Small Cap (Lapis 3),Fair Value (Wajar),0.0,1.116557,290.0,299,256,358,-1.3605442176870748,1616200,Normal,53,Negatif,Downtrend,Bullish,Bearish MACD,Perfect Uptrend (5>20>50),Normal,Distribusi (Turun),Normal,Seimbang / Adu Mekanik,Normal,Tinggi,Normal,Rawan Pucuk (High Risk),< 1 Miliar,Di Bawah VWAP (Lemah),Distribusi Pro (Guyuran),Gorengan Sepi (< 5M),Sepi (< 50%),Distribution (Fase Jualan),Spesialis Tiang Jemuran (Banting Pucuk),Normal,Turun 2 Hari Beruntun,TP: 322 | CL: 268,Normal,Ideal (1:2),Netral / Sideways,Netral / Sepi Berita,Normal / Sedang Transisi,Dekat Support Fibo 38.2%,2,WAIT & SEE,TIDAK ADA,2026-09-28 11:55:04,Biasa / Mengikuti Pasar
11:55,GPSO,Token Mati (Perlu Update),Small Cap (Lapis 3),Overvalued (Mahal),0.0,3.609251,228.0,278,210,310,0.8849557522123894,14690600,Normal,23,Positif,Downtrend,Bearish,Strong Bearish,Strong Downtrend (5<20<50),Normal,Distribusi (Turun),Normal,Seimbang / Adu Mekanik,Normal,Tinggi,Doji (Ragu-ragu),Area Tengah,> 1 Miliar,Di Bawah VWAP (Lemah),Distribusi Pro (Guyuran),Gorengan Sepi (< 5M),Normal (50-150%),Mark-Down (Fase Runtuh),Normal,Jarum Bawah (Sinyal Pantulan Kuat),Naik 1 Hari Beruntun,TP: 249 | CL: 213,Normal,Sangat Menarik (> 1:3),Golden Cross (Awal Bullish),Netral / Sepi Berita,Normal / Sedang Transisi,Mengambang (Jauh dari Fibo),1,WAIT & SEE,TIDAK ADA,2026-09-28 11:55:04,Biasa / Mengikuti Pasar
11:55,MCOL,Transaksi Sepi (Skip Broksum),Big Cap (Lapis 1),Overvalued (Mahal),8.835321,22884.615,3570.0,3676,3520,3800,-2.989130434782609,13600,Normal,42,Negatif,Downtrend,Bearish,Strong Bearish,Strong Downtrend (5<20<50),Normal,Distribusi (Turun),Gap Down (-2.4%),Dominan Jual (Guyur),Squeeze,Rendah,Normal,Dekat Support (Low Risk),< 1 Miliar,Di Bawah VWAP (Lemah),Distribusi Pro (Guyuran),Gorengan Sepi (< 5M),Sepi (< 50%),Mark-Down (Fase Runtuh),Normal,Normal,Turun 1 Hari Beruntun,TP: 3721 | CL: 3469,Normal,Sangat Menarik (> 1:3),Netral / Sideways,Netral / Sepi Berita,Normal / Sedang Transisi,Dekat Support Fibo Bottom / 100%,0,WAIT & SEE,TIDAK ADA,2026-09-28 11:55:04,Biasa / Mengikuti Pasar
11:55,RSGK,Transaksi Sepi (Skip Broksum),Small Cap (Lapis 3),Overvalued (Mahal),27.210884,1.0965958,1000.0,1008,910,1140,-4.761904761904762,6900,Normal,48,Negatif,Downtrend,Bullish,Bearish MACD,Perfect Uptrend (5>20>50),Normal,Akumulasi (Naik),Normal,Dominan Jual (Guyur),Normal,Tinggi,Normal,Area Tengah,< 1 Miliar,Di Bawah VWAP (Lemah),Akumulasi Pro (Smart Money),Gorengan Sepi (< 5M),Sepi (< 50%),Distribution (Fase Jualan),Spesialis Tiang Jemuran (Banting Pucuk),Normal,Turun 1 Hari Beruntun,TP: 1117 | CL: 921,Normal,Ideal (1:2),Netral / Sideways,Netral / Sepi Berita,Normal / Sedang Transisi,Mendekati Fibo 78.6%,2,WAIT & SEE,TIDAK ADA,2026-09-28 11:55:04,Biasa / Mengikuti Pasar
11:55,RUNS,Transaksi Sepi (Skip Broksum),Small Cap (Lapis 3),Fair Value (Wajar),0.0,1.17713,63.0,69,59,83,-1.5625,641500,Normal,39,Negatif,Downtrend,Bearish,Strong Bearish,Konsolidasi / Transisi,Normal,Distribusi (Turun),Normal,Dominan Beli (Hajar Kanan),Normal,Tinggi,Hammer (Potensi Reversal),Area Tengah,< 1 Miliar,Di Bawah VWAP (Lemah),Akumulasi Pro (Smart Money),Gorengan Sepi (< 5M),Normal (50-150%),Distribution (Fase Jualan),Solid (Jarang Dibanting),Jarum Bawah (Sinyal Pantulan Kuat),Turun 3 Hari Beruntun,TP: 70 | CL: 58,Open = High (Tekanan Jual),Sangat Menarik (> 1:3),Oversold (Jenuh Jual - Peluang),Netral / Sepi Berita,Normal / Sedang Transisi,Mengambang (Jauh dari Fibo),1,WAIT & SEE,TIDAK ADA,2026-09-28 11:55:04,Biasa / Mengikuti Pasar
11:55,SBMA,Transaksi Sepi (Skip Broksum),Small Cap (Lapis 3),Undervalued (Murah),9.22478,0.42047763,109.0,111,105,124,-0.9090909090909091,1133000,Normal,46,Negatif,Downtrend,Bullish,Bearish MACD,Perfect Uptrend (5>20>50),Normal,Distribusi (Turun),Normal,Dominan Beli (Hajar Kanan),Normal,Sedang,Hammer (Potensi Reversal),Area Tengah,< 1 Miliar,Di Bawah VWAP (Lemah),Distribusi Pro (Guyuran),Gorengan Sepi (< 5M),Normal (50-150%),Distribution (Fase Jualan),Normal,Jarum Bawah (Sinyal Pantulan Kuat),Turun 3 Hari Beruntun,TP: 118 | CL: 102,Open = High (Tekanan Jual),Sangat Menarik (> 1:3),Netral / Sideways,Netral / Sepi Berita,Normal / Sedang Transisi,Mendekati Fibo 78.6%,2,WAIT & SEE,TIDAK ADA,2026-09-28 11:55:04,Biasa / Mengikuti Pasar
11:55,CMNT,Transaksi Sepi (Skip Broksum),Big Cap (Lapis 1),Overvalued (Mahal),0.0,5.690785,750.0,750,730,780,0.0,1130400,Normal,46,Negatif,Downtrend,Bearish,Bullish MACD,Strong Downtrend (5<20<50),Normal,Distribusi (Turun),Normal,Dominan Beli (Hajar Kanan),Squeeze,Rendah,Doji (Ragu-ragu),Dekat Support (Low Risk),< 1 Miliar,Persis di VWAP,Akumulasi Pro (Smart Money),Ritel Aktif (5M - 50M),Sepi (< 50%),Mark-Down (Fase Runtuh),Normal,Jarum Bawah (Sinyal Pantulan Kuat),Sideways / Stagnan,TP: 777 | CL: 731,Normal,Menengah (1:1),Netral / Sideways,Netral / Sepi Berita,Normal / Sedang Transisi,Mendekati Fibo Bottom / 100%,2,WAIT & SEE,TIDAK ADA,2026-09-28 11:55:04,Biasa / Mengikuti Pasar
11:55,GTSI,Token Mati (Perlu Update),Mid Cap (Lapis 2),Overvalued (Mahal),0.0,46333.332,140.0,160,137,183,-4.761904761904762,14933400,Normal,36,Negatif,Downtrend,Bearish,Strong Bearish,Strong Downtrend (5<20<50),Normal,Distribusi (Turun),Gap Down (-2.0%),Seimbang / Adu Mekanik,Bottom Rebound,Tinggi,Normal,Dekat Support (Low Risk),> 1 Miliar,Di Bawah VWAP (Lemah),Distribusi Pro (Guyuran),Gorengan Sepi (< 5M),Normal (50-150%),Mark-Down (Fase Runtuh),Normal,Normal,Turun 3 Hari Beruntun,TP: 154 | CL: 130,Normal,Sangat Menarik (> 1:3),Oversold (Jenuh Jual - Peluang),Netral / Sepi Berita,Normal / Sedang Transisi,Mendekati Fibo 78.6%,0,WAIT & SEE,TIDAK ADA,2026-09-28 11:55:04,Biasa / Mengikuti Pasar
11:55,KUAS,Transaksi Sepi (Skip Broksum),Small Cap (Lapis 3),Fair Value (Wajar),15.814637,0.65032285,87.0,100,84,117,-1.1363636363636365,6815900,Normal,35,Negatif,Downtrend,Bearish,Strong Bearish,Konsolidasi / Transisi,Normal,Distribusi (Turun),Normal,Dominan Beli (Hajar Kanan),Normal,Tinggi,Hammer (Potensi Reversal),Area Tengah,< 1 Miliar,Di Bawah VWAP (Lemah),Distribusi Pro (Guyuran),Gorengan Sepi (< 5M),Sepi (< 50%),Distribution (Fase Jualan),Spesialis Tiang Jemuran (Banting Pucuk),Jarum Bawah (Sinyal Pantulan Kuat),Turun 2 Hari Beruntun,TP: 96 | CL: 80,Open = High (Tekanan Jual),Sangat Menarik (> 1:3),Oversold (Jenuh Jual - Peluang),Netral / Sepi Berita,Normal / Sedang Transisi,Mengambang (Jauh dari Fibo),1,WAIT & SEE,TIDAK ADA,2026-09-28 11:55:04,Biasa / Mengikuti Pasar
11:55,BOBA,Transaksi Sepi (Skip Broksum),Small Cap (Lapis 3),Undervalued (Murah),11.493576,1.3327591,195.0,209,190,250,0.0,126500,Normal,29,Negatif,Downtrend,Bearish,Strong Bearish,Strong Downtrend (5<20<50),Normal,Distribusi (Turun),Normal,Dominan Beli (Hajar Kanan),Bottom Rebound,Tinggi,Normal,Dekat Support (Low Risk),< 1 Miliar,Di Bawah VWAP (Lemah),Distribusi Pro (Guyuran),Gorengan Sepi (< 5M),Sepi (< 50%),Mark-Down (Fase Runtuh),Spesialis Tiang Jemuran (Banting Pucuk),Jarum Bawah (Sinyal Pantulan Kuat),Sideways / Stagnan,TP: 210 | CL: 184,Normal,Sangat Menarik (> 1:3),Oversold (Jenuh Jual - Peluang),Netral / Sepi Berita,Normal / Sedang Transisi,Mendekati Fibo Bottom / 100%,1,WAIT & SEE,TIDAK ADA,2026-09-28 11:55:04,Biasa / Mengikuti Pasar
11:55,MTEL,Token Mati (Perlu Update),Big Cap (Lapis 1),Fair Value (Wajar),16.90141,1.1495413,456.0,485,454,510,-2.1459227467811157,6660700,Normal,40,Negatif,Downtrend,Bearish,Bearish MACD,Konsolidasi / Transisi,Normal,Distribusi (Turun),Normal,Dominan Jual (Guyur),Normal,Sedang,Normal,Dekat Support (Low Risk),> 1 Miliar,Di Bawah VWAP (Lemah),Distribusi Pro (Guyuran),Ritel Aktif (5M - 50M),Sepi (< 50%),Distribution (Fase Jualan),Normal,Normal,Turun 4 Hari Beruntun,TP: 476 | CL: 442,Open = High (Tekanan Jual),Sangat Menarik (> 1:3),Oversold (Jenuh Jual - Peluang),Netral / Sepi Berita,Supply Kering (Siap Pump) 🏜️,Golden Rebound Fibo 61.8% (Golden Ratio) 🎯,0,WAIT & SEE,TIDAK ADA,2026-09-28 11:55:04,Biasa / Mengikuti Pasar
11:55,DEPO,Transaksi Sepi (Skip Broksum),Mid Cap (Lapis 2),Fair Value (Wajar),18.835615,1.0743814,220.0,242,218,276,-0.9009009009009009,277700,Normal,27,Negatif,Downtrend,Bearish,Strong Bearish,Strong Downtrend (5<20<50),Normal,Distribusi (Turun),Normal,Dominan Jual (Guyur),Normal,Tinggi,Normal,Dekat Support (Low Risk),< 1 Miliar,Di Bawah VWAP (Lemah),Distribusi Pro (Guyuran),Gorengan Sepi (< 5M),Normal (50-150%),Mark-Down (Fase Runtuh),Spesialis Tiang Jemuran (Banting Pucuk),Normal,Turun 5 Hari Beruntun,TP: 236 | CL: 209,Normal,Sangat Menarik (> 1:3),Oversold (Jenuh Jual - Peluang),Netral / Sepi Berita,Normal / Sedang Transisi,Mendekati Fibo Bottom / 100%,0,WAIT & SEE,TIDAK ADA,2026-09-28 11:55:04,Biasa / Mengikuti Pasar
11:55,BINO,Transaksi Sepi (Skip Broksum),Small Cap (Lapis 3),Fair Value (Wajar),18.948874,0.58698446,106.0,116,105,131,-3.6363636363636362,1774400,Tembus MA20,28,Negatif,Downtrend,Bearish,Strong Bearish,Konsolidasi / Transisi,Normal,Distribusi (Turun),Normal,Dominan Jual (Guyur),Normal,Sedang,Normal,Dekat Support (Low Risk),< 1 Miliar,Di Bawah VWAP (Lemah),Distribusi Pro (Guyuran),Gorengan Sepi (< 5M),Normal (50-150%),Distribution (Fase Jualan),Spesialis Tiang Jemuran (Banting Pucuk),Normal,Turun 1 Hari Beruntun,TP: 114 | CL: 100,Normal,Sangat Menarik (> 1:3),Oversold (Jenuh Jual - Peluang),Netral / Sepi Berita,Normal / Sedang Transisi,Golden Rebound Fibo 61.8% (Golden Ratio) 🎯,1,WAIT & SEE,TIDAK ADA,2026-09-28 11:55:04,Biasa / Mengikuti Pasar
11:55,CMRY,Token Mati (Perlu Update),Big Cap (Lapis 1),Overvalued (Mahal),15.566156,4.8077826,4340.0,4517,4320,4739,-0.6864988558352403,462800,Normal,40,Negatif,Downtrend,Bearish,Strong Bearish,Strong Downtrend (5<20<50),Normal,Akumulasi (Naik),Normal,Seimbang / Adu Mekanik,Bottom Rebound,Sedang,Normal,Dekat Support (Low Risk),> 1 Miliar,Di Bawah VWAP (Lemah),Distribusi Pro (Guyuran),Ritel Aktif (5M - 50M),Sepi (< 50%),Mark-Down (Fase Runtuh),Normal,Normal,Turun 3 Hari Beruntun,TP: 4500 | CL: 4232,Open = High (Tekanan Jual),Sangat Menarik (> 1:3),Oversold (Jenuh Jual - Peluang),Netral / Sepi Berita,Supply Kering (Siap Pump) 🏜️,Golden Rebound Fibo 78.6% 🎯,1,WAIT & SEE,TIDAK ADA,2026-09-28 11:55:04,Biasa / Mengikuti Pasar
11:55,WGSH,Token Mati (Perlu Update),Small Cap (Lapis 3),Overvalued (Mahal),18.15126,3.2155297,105.0,138,103,173,-7.079646017699115,20081600,Normal,29,Negatif,Downtrend,Bearish,Strong Bearish,Strong Downtrend (5<20<50),Normal,Distribusi (Turun),Normal,Dominan Jual (Guyur),Normal,Tinggi,Normal,Dekat Support (Low Risk),> 1 Miliar,Di Bawah VWAP (Lemah),Distribusi Pro (Guyuran),Gorengan Sepi (< 5M),Normal (50-150%),Mark-Down (Fase Runtuh),Normal,Normal,Turun 3 Hari Beruntun,TP: 123 | CL: 92,Normal,Sangat Menarik (> 1:3),Oversold (Jenuh Jual - Peluang),Netral / Sepi Berita,Normal / Sedang Transisi,Golden Rebound Fibo Bottom / 100% 🎯,0,WAIT & SEE,TIDAK ADA,2026-09-28 11:55:04,Biasa / Mengikuti Pasar
11:55,ADMR,Token Mati (Perlu Update),Big Cap (Lapis 1),Overvalued (Mahal),11.52555,38625.0,1540.0,1592,1505,1765,0.9836065573770493,6162500,Normal,45,Positif,Downtrend,Bearish,Strong Bearish,Strong Downtrend (5<20<50),Normal,Distribusi (Turun),Normal,Seimbang / Adu Mekanik,Normal,Sedang,Normal,Dekat Support (Low Risk),> 1 Miliar,Persis di VWAP,Distribusi Pro (Guyuran),Ritel Aktif (5M - 50M),Sepi (< 50%),Mark-Down (Fase Runtuh),Normal,Normal,Naik 1 Hari Beruntun,TP: 1619 | CL: 1486,Normal,Sangat Menarik (> 1:3),Oversold (Jenuh Jual - Peluang),Netral / Sepi Berita,Normal / Sedang Transisi,Golden Rebound Fibo 61.8% (Golden Ratio) 🎯,1,WAIT & SEE,TIDAK ADA,2026-09-28 11:55:04,Biasa / Mengikuti Pasar
11:55,SEMA,Token Mati (Perlu Update),Small Cap (Lapis 3),Fair Value (Wajar),17.97264,2.588794,314.0,194,109,330,18.939393939393938,35978500,Tembus MA20,98,Positif,Uptrend,Bullish,Strong Bullish,Perfect Uptrend (5>20>50),Normal,Akumulasi (Naik),Gap Up (+25.0%),Dominan Beli (Hajar Kanan),Normal,Tinggi,Hammer (Potensi Reversal),Rawan Pucuk (High Risk),> 1 Miliar,Di Atas VWAP (Kuat),Akumulasi Pro (Smart Money),Gorengan Sepi (< 5M),Anomali Tinggi (150-300%),Mark-Up (Fase Pesta),Spesialis Tiang Jemuran (Banting Pucuk),Jarum Bawah (Sinyal Pantulan Kuat),Naik 1 Hari Beruntun,TP: 350 | CL: 289,Open = High (Tekanan Jual),Tidak Ideal (< 1:1),Overbought (Jenuh Beli - Rawan),Netral / Sepi Berita,Normal / Sedang Transisi,Mengambang (Jauh dari Fibo),9,BELI,TIDAK ADA,2026-09-28 11:55:04,⚠️ Anomali (Sudah Terbang)
11:55,ASLC,Token Mati (Perlu Update),Small Cap (Lapis 3),Fair Value (Wajar),23.904383,1.0093194,60.0,67,56,73,-1.639344262295082,19499800,Normal,37,Negatif,Downtrend,Death Cross,Strong Bearish,Konsolidasi / Transisi,Normal,Distribusi (Turun),Normal,Dominan Beli (Hajar Kanan),Normal,Tinggi,Hammer (Potensi Reversal),Area Tengah,> 1 Miliar,Di Bawah VWAP (Lemah),Distribusi Pro (Guyuran),Gorengan Sepi (< 5M),Normal (50-150%),Distribution (Fase Jualan),Spesialis Tiang Jemuran (Banting Pucuk),Jarum Bawah (Sinyal Pantulan Kuat),Turun 2 Hari Beruntun,TP: 65 | CL: 56,Open = High (Tekanan Jual),Sangat Menarik (> 1:3),Netral / Sideways,Netral / Sepi Berita,Supply Banjir (Distribusi) 🌊,Mengambang (Jauh dari Fibo),1,WAIT & SEE,TIDAK ADA,2026-09-28 11:55:04,Biasa / Mengikuti Pasar
11:55,NETV,Transaksi Sepi (Skip Broksum),Mid Cap (Lapis 2),Overvalued (Mahal),0.0,4.7820287,43.0,49,43,50,-14.000000000000002,2220400,Tembus MA20,8,Negatif,Downtrend,Death Cross,Strong Bearish,Strong Downtrend (5<20<50),Normal,Distribusi (Turun),Gap Down (-14.0%),Tidak Ada Transaksi,Normal,Sedang,Doji (Ragu-ragu),Dekat Support (Low Risk),< 1 Miliar,Di Bawah VWAP (Lemah),Netral,Gorengan Sepi (< 5M),Ledakan Ekstrem (> 300%),Mark-Down (Fase Runtuh),Solid (Jarang Dibanting),Normal,Turun 1 Hari Beruntun,TP: 43 | CL: 42,Normal,Di Area Support,Oversold (Jenuh Jual - Peluang),Netral / Sepi Berita,Normal / Sedang Transisi,Golden Rebound Fibo Bottom / 100% 🎯,1,WAIT & SEE,TIDAK ADA,2026-09-28 11:55:04,Biasa / Mengikuti Pasar
11:55,BAUT,Token Mati (Perlu Update),Small Cap (Lapis 3),Fair Value (Wajar),0.0,1.1441975,40.0,39,35,45,0.0,51402700,Tembus MA20,57,Negatif,Uptrend,Bullish,Bearish MACD,Perfect Uptrend (5>20>50),Normal,Distribusi (Turun),Normal,Seimbang / Adu Mekanik,Normal,Tinggi,Doji (Ragu-ragu),Rawan Pucuk (High Risk),> 1 Miliar,Di Bawah VWAP (Lemah),Distribusi Pro (Guyuran),Gorengan Sepi (< 5M),Ledakan Ekstrem (> 300%),Mark-Up (Fase Pesta),Normal,Normal,Sideways / Stagnan,TP: 43 | CL: 37,Normal,Menengah (1:1),Netral / Sideways,Netral / Sepi Berita,Normal / Sedang Transisi,Dekat Support Fibo 23.6%,4,WAIT & SEE,TIDAK ADA,2026-09-28 11:55:04,Biasa / Mengikuti Pasar
11:55,ENAK,Transaksi Sepi (Skip Broksum),Small Cap (Lapis 3),Fair Value (Wajar),0.0,2.2795541,192.0,221,187,256,-1.5384615384615385,116500,Normal,18,Negatif,Downtrend,Bearish,Strong Bearish,Strong Downtrend (5<20<50),Normal,Distribusi (Turun),Gap Up (+2.1%),Seimbang / Adu Mekanik,Normal,Tinggi,Normal,Dekat Support (Low Risk),< 1 Miliar,Di Bawah VWAP (Lemah),Distribusi Pro (Guyuran),Gorengan Sepi (< 5M),Sepi (< 50%),Mark-Down (Fase Runtuh),Normal,Normal,Turun 3 Hari Beruntun,TP: 216 | CL: 176,Open = High (Tekanan Jual),Sangat Menarik (> 1:3),Oversold (Jenuh Jual - Peluang),Netral / Sepi Berita,Normal / Sedang Transisi,Mendekati Fibo Bottom / 100%,1,WAIT & SEE,TIDAK ADA,2026-09-28 11:55:04,Biasa / Mengikuti Pasar
11:55,NTBK,Token Mati (Perlu Update),Small Cap (Lapis 3),Overvalued (Mahal),285.71426,1.9484276,64.0,81,58,92,-5.88235294117647,18288300,Normal,27,Negatif,Downtrend,Bearish,Strong Bearish,Strong Downtrend (5<20<50),Normal,Distribusi (Turun),Gap Down (-13.2%),Seimbang / Adu Mekanik,Normal,Tinggi,Normal,Rawan Pucuk (High Risk),> 1 Miliar,Di Bawah VWAP (Lemah),Distribusi Pro (Guyuran),Gorengan Sepi (< 5M),Normal (50-150%),Mark-Down (Fase Runtuh),Normal,Normal,Turun 2 Hari Beruntun,TP: 71 | CL: 59,Normal,Sangat Menarik (> 1:3),Oversold (Jenuh Jual - Peluang),Netral / Sepi Berita,Normal / Sedang Transisi,Golden Rebound Fibo 78.6% 🎯,0,WAIT & SEE,TIDAK ADA,2026-09-28 11:55:04,Biasa / Mengikuti Pasar
11:55,SMKM,Transaksi Sepi (Skip Broksum),Small Cap (Lapis 3),Undervalued (Murah),5.707213,0.517018,83.0,101,81,117,-6.741573033707865,7569100,Tembus MA20,31,Negatif,Downtrend,Bearish,Strong Bearish,Konsolidasi / Transisi,Distribusi Kuat,Distribusi (Turun),Gap Down (-2.2%),Dominan Jual (Guyur),Normal,Tinggi,Normal,Dekat Support (Low Risk),< 1 Miliar,Di Bawah VWAP (Lemah),Distribusi Pro (Guyuran),Gorengan Sepi (< 5M),Anomali Tinggi (150-300%),Distribution (Fase Jualan),Normal,Normal,Turun 2 Hari Beruntun,TP: 92 | CL: 76,Normal,Sangat Menarik (> 1:3),Oversold (Jenuh Jual - Peluang),Netral / Sepi Berita,Normal / Sedang Transisi,Mendekati Fibo 61.8% (Golden Ratio),1,WAIT & SEE,TIDAK ADA,2026-09-28 11:55:04,Biasa / Mengikuti Pasar
11:55,STAA,Token Mati (Perlu Update),Big Cap (Lapis 1),Fair Value (Wajar),8.149011,2.0209842,1190.0,1221,1155,1320,0.42194092827004215,4376400,Normal,51,Positif,Downtrend,Bearish,Bearish MACD,Konsolidasi / Transisi,Normal,Akumulasi (Naik),Normal,Seimbang / Adu Mekanik,Normal,Sedang,Normal,Area Tengah,> 1 Miliar,Persis di VWAP,Distribusi Pro (Guyuran),Ritel Aktif (5M - 50M),Normal (50-150%),Distribution (Fase Jualan),Spesialis Tiang Jemuran (Banting Pucuk),Normal,Naik 1 Hari Beruntun,TP: 1247 | CL: 1151,Normal,Sangat Menarik (> 1:3),Golden Cross (Awal Bullish),Netral / Sepi Berita,Normal / Sedang Transisi,Mendekati Fibo 50.0%,3,WAIT & SEE,TIDAK ADA,2026-09-28 11:55:04,Biasa / Mengikuti Pasar
11:55,NANO,Token Mati (Perlu Update),Small Cap (Lapis 3),Undervalued (Murah),11.119632,0.730074,30.0,33,29,40,0.0,59254600,Tembus MA20,40,Negatif,Downtrend,Bearish,Strong Bearish,Konsolidasi / Transisi,Normal,Distribusi (Turun),Gap Up (+3.3%),Dominan Jual (Guyur),Normal,Tinggi,Normal,Area Tengah,> 1 Miliar,Di Bawah VWAP (Lemah),Distribusi Pro (Guyuran),Gorengan Sepi (< 5M),Anomali Tinggi (150-300%),Distribution (Fase Jualan),Solid (Jarang Dibanting),Normal,Sideways / Stagnan,TP: 34 | CL: 27,Normal,Sangat Menarik (> 1:3),Oversold (Jenuh Jual - Peluang),Netral / Sepi Berita,Normal / Sedang Transisi,Golden Rebound Fibo 50.0% 🎯,2,WAIT & SEE,TIDAK ADA,2026-09-28 11:55:04,Biasa / Mengikuti Pasar
11:55,BIKE,Token Mati (Perlu Update),Mid Cap (Lapis 2),Overvalued (Mahal),56.03101,36.752678,1460.0,980,640,1510,20.66115702479339,1632500,Tembus MA20,78,Positif,Uptrend,Bullish,Strong Bullish,Perfect Uptrend (5>20>50),Normal,Akumulasi (Naik),Gap Up (+7.4%),Dominan Beli (Hajar Kanan),Breakout Upper,Tinggi,Normal,Rawan Pucuk (High Risk),> 1 Miliar,Di Atas VWAP (Kuat),Distribusi Pro (Guyuran),Gorengan Sepi (< 5M),Anomali Tinggi (150-300%),Mark-Up (Fase Pesta),Normal,Normal,Naik 3 Hari Beruntun,TP: 1596 | CL: 1368,Normal,Tidak Ideal (< 1:1),Overbought (Jenuh Beli - Rawan),Netral / Sepi Berita,Normal / Sedang Transisi,Mengambang (Jauh dari Fibo),9,BELI,TIDAK ADA,2026-09-28 11:55:04,⚠️ Anomali (Sudah Terbang)
11:55,WIRG,Token Mati (Perlu Update),Small Cap (Lapis 3),Undervalued (Murah),8.823529,0.779338,56.0,72,55,86,-8.19672131147541,119328300,Normal,31,Negatif,Downtrend,Bearish,Strong Bearish,Konsolidasi / Transisi,Normal,Distribusi (Turun),Normal,Dominan Jual (Guyur),Normal,Tinggi,Normal,Dekat Support (Low Risk),> 1 Miliar,Di Bawah VWAP (Lemah),Distribusi Pro (Guyuran),Ritel Aktif (5M - 50M),Normal (50-150%),Distribution (Fase Jualan),Normal,Normal,Turun 3 Hari Beruntun,TP: 65 | CL: 49,Normal,Sangat Menarik (> 1:3),Oversold (Jenuh Jual - Peluang),Netral / Sepi Berita,Normal / Sedang Transisi,Mengambang (Jauh dari Fibo),0,WAIT & SEE,TIDAK ADA,2026-09-28 11:55:04,Biasa / Mengikuti Pasar
11:55,SICO,Transaksi Sepi (Skip Broksum),Small Cap (Lapis 3),Undervalued (Murah),11.697755,0.7544964,111.0,114,102,120,0.9090909090909091,821700,Normal,45,Positif,Downtrend,Bearish,Bearish MACD,Konsolidasi / Transisi,Normal,Distribusi (Turun),Normal,Dominan Beli (Hajar Kanan),Squeeze,Rendah,Normal,Area Tengah,< 1 Miliar,Di Bawah VWAP (Lemah),Distribusi Pro (Guyuran),Gorengan Sepi (< 5M),Sepi (< 50%),Distribution (Fase Jualan),Normal,Jarum Bawah (Sinyal Pantulan Kuat),Naik 1 Hari Beruntun,TP: 117 | CL: 106,Normal,Menengah (1:1),Netral / Sideways,Netral / Sepi Berita,Normal / Sedang Transisi,Golden Rebound Fibo 61.8% (Golden Ratio) 🎯,2,WAIT & SEE,TIDAK ADA,2026-09-28 11:55:04,Biasa / Mengikuti Pasar
11:55,GOTO,Token Mati (Perlu Update),Big Cap (Lapis 1),Fair Value (Wajar),0.0,1.4149857,43.0,49,43,50,-14.000000000000002,114421500,Tembus MA20,0,Negatif,Downtrend,Death Cross,Strong Bearish,Strong Downtrend (5<20<50),Normal,Distribusi (Turun),Gap Down (-14.0%),Tidak Ada Transaksi,Normal,Sedang,Doji (Ragu-ragu),Dekat Support (Low Risk),> 1 Miliar,Di Bawah VWAP (Lemah),Netral,Gorengan Sepi (< 5M),Ledakan Ekstrem (> 300%),Mark-Down (Fase Runtuh),Solid (Jarang Dibanting),Normal,Turun 1 Hari Beruntun,TP: 43 | CL: 42,Normal,Di Area Support,Oversold (Jenuh Jual - Peluang),Netral / Sepi Berita,Normal / Sedang Transisi,Golden Rebound Fibo Bottom / 100% 🎯,1,WAIT & SEE,TIDAK ADA,2026-09-28 11:55:04,🔥 ANOMALI BANDAR (Siap Ledakan)
11:55,TLDN,Transaksi Sepi (Skip Broksum),Mid Cap (Lapis 2),Fair Value (Wajar),6.9543505,2.0516093,585.0,616,560,670,0.0,550400,Normal,44,Negatif,Downtrend,Bearish,Bearish MACD,Konsolidasi / Transisi,Normal,Distribusi (Turun),Normal,Seimbang / Adu Mekanik,Normal,Sedang,Doji (Ragu-ragu),Area Tengah,< 1 Miliar,Di Bawah VWAP (Lemah),Distribusi Pro (Guyuran),Gorengan Sepi (< 5M),Normal (50-150%),Distribution (Fase Jualan),Normal,Normal,Sideways / Stagnan,TP: 616 | CL: 563,Normal,Sangat Menarik (> 1:3),Golden Cross (Awal Bullish),Netral / Sepi Berita,Normal / Sedang Transisi,Dekat Support Fibo 50.0%,0,WAIT & SEE,TIDAK ADA,2026-09-28 11:55:04,Biasa / Mengikuti Pasar
11:55,MTMH,Transaksi Sepi (Skip Broksum),Mid Cap (Lapis 2),Overvalued (Mahal),41.505375,1.302994,965.0,954,910,1025,2.1164021164021163,300,Normal,53,Positif,Uptrend,Bearish,Bearish MACD,Konsolidasi / Transisi,Normal,Distribusi (Turun),Normal,Dominan Beli (Hajar Kanan),Squeeze,Rendah,Marubozu (Strong Bullish),Area Tengah,< 1 Miliar,Di Atas VWAP (Kuat),Akumulasi Pro (Smart Money),Gorengan Sepi (< 5M),Sepi (< 50%),Mark-Up (Fase Pesta),Spesialis Tiang Jemuran (Banting Pucuk),Normal,Naik 1 Hari Beruntun,TP: 1035 | CL: 917,Open = Low (Bullish Kuat),Menengah (1:1),Netral / Sideways,Netral / Sepi Berita,Supply Kering (Siap Pump) 🏜️,Golden Rebound Fibo 50.0% 🎯,4,WAIT & SEE,TIDAK ADA,2026-09-28 11:55:04,Biasa / Mengikuti Pasar
11:55,WINR,Token Mati (Perlu Update),Small Cap (Lapis 3),Undervalued (Murah),0.03304609,0.42559832,29.0,25,20,33,11.538461538461538,144111500,Tembus MA20,61,Positif,Uptrend,Bullish,Strong Bullish,Perfect Uptrend (5>20>50),Normal,Akumulasi (Naik),Gap Up (+11.5%),Seimbang / Adu Mekanik,Normal,Tinggi,Doji (Ragu-ragu),Rawan Pucuk (High Risk),> 1 Miliar,Di Atas VWAP (Kuat),Distribusi Pro (Guyuran),Gorengan Sepi (< 5M),Ledakan Ekstrem (> 300%),Mark-Up (Fase Pesta),Normal,Normal,Naik 1 Hari Beruntun,TP: 32 | CL: 26,Normal,Tidak Ideal (< 1:1),Netral / Sideways,Netral / Sepi Berita,Normal / Sedang Transisi,Mengambang (Jauh dari Fibo),8,BELI,TIDAK ADA,2026-09-28 11:55:04,Biasa / Mengikuti Pasar
11:55,IBOS,Transaksi Sepi (Skip Broksum),Small Cap (Lapis 3),Overvalued (Mahal),326.9231,2.0010357,85.0,93,83,107,-5.555555555555555,5820300,Normal,44,Negatif,Downtrend,Death Cross,Bearish MACD,Konsolidasi / Transisi,Normal,Distribusi (Turun),Normal,Dominan Jual (Guyur),Normal,Tinggi,Normal,Dekat Support (Low Risk),< 1 Miliar,Di Bawah VWAP (Lemah),Distribusi Pro (Guyuran),Gorengan Sepi (< 5M),Normal (50-150%),Distribution (Fase Jualan),Spesialis Tiang Jemuran (Banting Pucuk),Normal,Turun 5 Hari Beruntun,TP: 97 | CL: 76,Normal,Sangat Menarik (> 1:3),Netral / Sideways,Netral / Sepi Berita,Normal / Sedang Transisi,Dekat Support Fibo 50.0%,0,WAIT & SEE,TIDAK ADA,2026-09-28 11:55:04,Biasa / Mengikuti Pasar
11:55,OLIV,Transaksi Sepi (Skip Broksum),Small Cap (Lapis 3),Overvalued (Mahal),54.764515,2.803319,50.0,56,45,75,-5.660377358490567,8760300,Normal,43,Negatif,Downtrend,Bearish,Bearish MACD,Konsolidasi / Transisi,Normal,Distribusi (Turun),Normal,Dominan Jual (Guyur),Normal,Tinggi,Normal,Rawan Pucuk (High Risk),< 1 Miliar,Di Bawah VWAP (Lemah),Distribusi Pro (Guyuran),Gorengan Sepi (< 5M),Sepi (< 50%),Distribution (Fase Jualan),Normal,Normal,Turun 1 Hari Beruntun,TP: 59 | CL: 43,Normal,Sangat Menarik (> 1:3),Oversold (Jenuh Jual - Peluang),Netral / Sepi Berita,Normal / Sedang Transisi,Mengambang (Jauh dari Fibo),0,WAIT & SEE,TIDAK ADA,2026-09-28 11:55:04,Biasa / Mengikuti Pasar
11:55,ASHA,Transaksi Sepi (Skip Broksum),Small Cap (Lapis 3),Fair Value (Wajar),0.0,1.9846764,43.0,54,43,61,-14.000000000000002,6117600,Normal,23,Negatif,Downtrend,Bearish,Strong Bearish,Strong Downtrend (5<20<50),Normal,Distribusi (Turun),Gap Down (-14.0%),Tidak Ada Transaksi,Normal,Tinggi,Doji (Ragu-ragu),Dekat Support (Low Risk),< 1 Miliar,Di Bawah VWAP (Lemah),Distribusi Pro (Guyuran),Gorengan Sepi (< 5M),Sepi (< 50%),Mark-Down (Fase Runtuh),Normal,Normal,Turun 1 Hari Beruntun,TP: 48 | CL: 39,Normal,Di Area Support,Oversold (Jenuh Jual - Peluang),Netral / Sepi Berita,Normal / Sedang Transisi,Golden Rebound Fibo Bottom / 100% 🎯,0,WAIT & SEE,TIDAK ADA,2026-09-28 11:55:04,Biasa / Mengikuti Pasar
11:55,SWID,Transaksi Sepi (Skip Broksum),Small Cap (Lapis 3),Fair Value (Wajar),0.0,1.9559317,98.0,119,96,138,-4.854368932038835,3962300,Normal,30,Negatif,Downtrend,Bearish,Strong Bearish,Konsolidasi / Transisi,Normal,Distribusi (Turun),Normal,Dominan Jual (Guyur),Normal,Tinggi,Normal,Dekat Support (Low Risk),< 1 Miliar,Di Bawah VWAP (Lemah),Distribusi Pro (Guyuran),Gorengan Sepi (< 5M),Sepi (< 50%),Distribution (Fase Jualan),Normal,Normal,Turun 5 Hari Beruntun,TP: 111 | CL: 89,Normal,Sangat Menarik (> 1:3),Oversold (Jenuh Jual - Peluang),Netral / Sepi Berita,Normal / Sedang Transisi,Mengambang (Jauh dari Fibo),0,WAIT & SEE,TIDAK ADA,2026-09-28 11:55:04,Biasa / Mengikuti Pasar
11:55,TRGU,Transaksi Sepi (Skip Broksum),Mid Cap (Lapis 2),Overvalued (Mahal),120.89552,1.3114223,162.0,172,161,189,-4.705882352941177,183400,Normal,40,Negatif,Downtrend,Bearish,Strong Bearish,Konsolidasi / Transisi,Normal,Akumulasi (Naik),Normal,Dominan Jual (Guyur),Normal,Sedang,Normal,Dekat Support (Low Risk),< 1 Miliar,Di Bawah VWAP (Lemah),Distribusi Pro (Guyuran),Gorengan Sepi (< 5M),Sepi (< 50%),Distribution (Fase Jualan),Spesialis Tiang Jemuran (Banting Pucuk),Normal,Turun 2 Hari Beruntun,TP: 176 | CL: 152,Open = High (Tekanan Jual),Sangat Menarik (> 1:3),Netral / Sideways,Netral / Sepi Berita,Supply Kering (Siap Pump) 🏜️,Mendekati Fibo Bottom / 100%,1,WAIT & SEE,TIDAK ADA,2026-09-28 11:55:04,Biasa / Mengikuti Pasar
11:55,ARKO,Token Mati (Perlu Update),Big Cap (Lapis 1),Overvalued (Mahal),158.92532,18.525007,3490.0,4329,3350,5050,-4.644808743169399,3354800,Normal,25,Negatif,Downtrend,Bearish,Strong Bearish,Strong Downtrend (5<20<50),Normal,Distribusi (Turun),Normal,Seimbang / Adu Mekanik,Normal,Tinggi,Normal,Area Tengah,> 1 Miliar,Di Bawah VWAP (Lemah),Distribusi Pro (Guyuran),Ritel Aktif (5M - 50M),Normal (50-150%),Mark-Down (Fase Runtuh),Spesialis Tiang Jemuran (Banting Pucuk),Normal,Turun 2 Hari Beruntun,TP: 3895 | CL: 3220,Normal,Sangat Menarik (> 1:3),Oversold (Jenuh Jual - Peluang),Netral / Sepi Berita,Normal / Sedang Transisi,Mendekati Fibo Bottom / 100%,0,WAIT & SEE,TIDAK ADA,2026-09-28 11:55:04,Biasa / Mengikuti Pasar
11:55,CHEM,Token Mati (Perlu Update),Small Cap (Lapis 3),Fair Value (Wajar),0.0,0.78015995,53.0,68,49,76,-7.017543859649122,20089600,Normal,30,Negatif,Downtrend,Bearish,Strong Bearish,Konsolidasi / Transisi,Normal,Distribusi (Turun),Normal,Seimbang / Adu Mekanik,Normal,Tinggi,Normal,Area Tengah,> 1 Miliar,Di Bawah VWAP (Lemah),Distribusi Pro (Guyuran),Gorengan Sepi (< 5M),Normal (50-150%),Distribution (Fase Jualan),Spesialis Tiang Jemuran (Banting Pucuk),Normal,Turun 3 Hari Beruntun,TP: 61 | CL: 47,Open = High (Tekanan Jual),Sangat Menarik (> 1:3),Oversold (Jenuh Jual - Peluang),Netral / Sepi Berita,Normal / Sedang Transisi,Mengambang (Jauh dari Fibo),0,WAIT & SEE,TIDAK ADA,2026-09-28 11:55:04,Biasa / Mengikuti Pasar
11:55,DEWI,Token Mati (Perlu Update),Small Cap (Lapis 3),Fair Value (Wajar),0.0,2.7526922,228.0,178,146,234,0.8849557522123894,24042300,Normal,86,Positif,Uptrend,Bullish,Strong Bullish,Perfect Uptrend (5>20>50),Normal,Akumulasi (Naik),Normal,Dominan Beli (Hajar Kanan),Normal,Tinggi,Doji (Ragu-ragu),Rawan Pucuk (High Risk),> 1 Miliar,Di Atas VWAP (Kuat),Akumulasi Pro (Smart Money),Ritel Aktif (5M - 50M),Sepi (< 50%),Mark-Up (Fase Pesta),Normal,Jarum Bawah (Sinyal Pantulan Kuat),Naik 2 Hari Beruntun,TP: 247 | CL: 215,Normal,Tidak Ideal (< 1:1),Overbought (Jenuh Beli - Rawan),Netral / Sepi Berita,Normal / Sedang Transisi,Mengambang (Jauh dari Fibo),7,BELI,TIDAK ADA,2026-09-28 11:55:04,Biasa / Mengikuti Pasar
11:55,AXIO,Transaksi Sepi (Skip Broksum),Small Cap (Lapis 3),Fair Value (Wajar),0.0,1.2354858,113.0,114,109,123,-1.7391304347826086,217000,Normal,47,Negatif,Downtrend,Bearish,Strong Bearish,Konsolidasi / Transisi,Normal,Distribusi (Turun),Normal,Seimbang / Adu Mekanik,Squeeze,Rendah,Normal,Area Tengah,< 1 Miliar,Persis di VWAP,Akumulasi Pro (Smart Money),Gorengan Sepi (< 5M),Sepi (< 50%),Distribution (Fase Jualan),Normal,Normal,Turun 1 Hari Beruntun,TP: 118 | CL: 109,Open = High (Tekanan Jual),Ideal (1:2),Golden Cross (Awal Bullish),Netral / Sepi Berita,Normal / Sedang Transisi,Mendekati Fibo 78.6%,0,WAIT & SEE,TIDAK ADA,2026-09-28 11:55:04,Biasa / Mengikuti Pasar
11:55,KRYA,Transaksi Sepi (Skip Broksum),Small Cap (Lapis 3),Fair Value (Wajar),0.0,2.916931,46.0,64,46,75,-13.20754716981132,12528600,Normal,19,Negatif,Downtrend,Bearish,Strong Bearish,Konsolidasi / Transisi,Normal,Distribusi (Turun),Gap Down (-11.3%),Dominan Jual (Guyur),Normal,Tinggi,Normal,Dekat Support (Low Risk),< 1 Miliar,Di Bawah VWAP (Lemah),Distribusi Pro (Guyuran),Gorengan Sepi (< 5M),Sepi (< 50%),Distribution (Fase Jualan),Spesialis Tiang Jemuran (Banting Pucuk),Normal,Turun 2 Hari Beruntun,TP: 52 | CL: 41,Open = High (Tekanan Jual),Di Area Support,Oversold (Jenuh Jual - Peluang),Netral / Sepi Berita,Normal / Sedang Transisi,Golden Rebound Fibo Bottom / 100% 🎯,0,WAIT & SEE,TIDAK ADA,2026-09-28 11:55:04,Biasa / Mengikuti Pasar
11:55,HATM,Transaksi Sepi (Skip Broksum),Mid Cap (Lapis 2),Overvalued (Mahal),100.0,2.8882282,545.0,571,498,620,-0.9090909090909091,736800,Normal,47,Negatif,Downtrend,Bearish,Strong Bearish,Konsolidasi / Transisi,Normal,Akumulasi (Naik),Normal,Seimbang / Adu Mekanik,Normal,Tinggi,Normal,Area Tengah,< 1 Miliar,Di Atas VWAP (Kuat),Akumulasi Pro (Smart Money),Gorengan Sepi (< 5M),Sepi (< 50%),Distribution (Fase Jualan),Solid (Jarang Dibanting),Normal,Turun 1 Hari Beruntun,TP: 590 | CL: 514,Normal,Ideal (1:2),Netral / Sideways,Netral / Sepi Berita,Normal / Sedang Transisi,Mendekati Fibo 50.0%,1,WAIT & SEE,TIDAK ADA,2026-09-28 11:55:04,Biasa / Mengikuti Pasar
11:55,RCCC,Transaksi Sepi (Skip Broksum),Small Cap (Lapis 3),Fair Value (Wajar),0.0,1.6032364,107.0,113,106,124,0.0,116600,Normal,42,Negatif,Downtrend,Bearish,Bearish MACD,Konsolidasi / Transisi,Normal,Distribusi (Turun),Normal,Dominan Jual (Guyur),Bottom Rebound,Sedang,Doji (Ragu-ragu),Dekat Support (Low Risk),< 1 Miliar,Di Bawah VWAP (Lemah),Distribusi Pro (Guyuran),Gorengan Sepi (< 5M),Sepi (< 50%),Distribution (Fase Jualan),Spesialis Tiang Jemuran (Banting Pucuk),Normal,Sideways / Stagnan,TP: 115 | CL: 101,Normal,Sangat Menarik (> 1:3),Oversold (Jenuh Jual - Peluang),Netral / Sepi Berita,Normal / Sedang Transisi,Golden Rebound Fibo 38.2% 🎯,0,WAIT & SEE,TIDAK ADA,2026-09-28 11:55:04,Biasa / Mengikuti Pasar
11:55,GULA,Token Mati (Perlu Update),Small Cap (Lapis 3),Overvalued (Mahal),0.0,5.8225465,795.0,809,740,855,-2.4539877300613497,9003700,Normal,49,Negatif,Downtrend,Bullish,Bearish MACD,Perfect Uptrend (5>20>50),Normal,Akumulasi (Naik),Normal,Dominan Jual (Guyur),Normal,Sedang,Normal,Area Tengah,> 1 Miliar,Di Bawah VWAP (Lemah),Akumulasi Pro (Smart Money),Ritel Aktif (5M - 50M),Normal (50-150%),Distribution (Fase Jualan),Normal,Normal,Turun 2 Hari Beruntun,TP: 836 | CL: 767,Normal,Menengah (1:1),Netral / Sideways,Netral / Sepi Berita,Normal / Sedang Transisi,Mendekati Fibo 38.2%,2,WAIT & SEE,TIDAK ADA,2026-09-28 11:55:04,Biasa / Mengikuti Pasar
11:55,JARR,Token Mati (Perlu Update),Big Cap (Lapis 1),Overvalued (Mahal),120.65369,15.88857,3470.0,3514,3010,4600,-4.670329670329671,6441800,Normal,55,Negatif,Downtrend,Bearish,Bearish MACD,Konsolidasi / Transisi,Normal,Akumulasi (Naik),Normal,Dominan Jual (Guyur),Normal,Tinggi,Normal,Rawan Pucuk (High Risk),> 1 Miliar,Persis di VWAP,Akumulasi Pro (Smart Money),Sultan (> 50M/hari),Sepi (< 50%),Distribution (Fase Jualan),Spesialis Tiang Jemuran (Banting Pucuk),Normal,Turun 1 Hari Beruntun,TP: 4017 | CL: 3105,Normal,Ideal (1:2),Netral / Sideways,Netral / Sepi Berita,Normal / Sedang Transisi,Mengambang (Jauh dari Fibo),2,WAIT & SEE,TIDAK ADA,2026-09-28 11:55:04,Biasa / Mengikuti Pasar
11:55,AMMS,Transaksi Sepi (Skip Broksum),Small Cap (Lapis 3),Overvalued (Mahal),0.0,3.3144019,199.0,214,186,246,-3.3980582524271843,166800,Normal,42,Negatif,Downtrend,Bearish,Strong Bearish,Strong Downtrend (5<20<50),Normal,Distribusi (Turun),Normal,Dominan Beli (Hajar Kanan),Bottom Rebound,Sedang,Hammer (Potensi Reversal),Area Tengah,< 1 Miliar,Di Bawah VWAP (Lemah),Akumulasi Pro (Smart Money),Gorengan Sepi (< 5M),Normal (50-150%),Mark-Down (Fase Runtuh),Normal,Jarum Bawah (Sinyal Pantulan Kuat),Turun 4 Hari Beruntun,TP: 224 | CL: 182,Open = High (Tekanan Jual),Sangat Menarik (> 1:3),Golden Cross (Awal Bullish),Netral / Sepi Berita,Normal / Sedang Transisi,Golden Rebound Fibo 78.6% 🎯,1,WAIT & SEE,TIDAK ADA,2026-09-28 11:55:04,Biasa / Mengikuti Pasar
11:55,KKES,Token Mati (Perlu Update),Small Cap (Lapis 3),Fair Value (Wajar),0.0,1.4364433,62.0,87,61,119,-12.676056338028168,39255600,Normal,34,Negatif,Downtrend,Bearish,Strong Bearish,Konsolidasi / Transisi,Normal,Distribusi (Turun),Gap Down (-8.5%),Dominan Jual (Guyur),Normal,Tinggi,Normal,Dekat Support (Low Risk),> 1 Miliar,Di Bawah VWAP (Lemah),Distribusi Pro (Guyuran),Gorengan Sepi (< 5M),Normal (50-150%),Distribution (Fase Jualan),Spesialis Tiang Jemuran (Banting Pucuk),Normal,Turun 2 Hari Beruntun,TP: 74 | CL: 53,Normal,Sangat Menarik (> 1:3),Oversold (Jenuh Jual - Peluang),Netral / Sepi Berita,Normal / Sedang Transisi,Mengambang (Jauh dari Fibo),0,WAIT & SEE,TIDAK ADA,2026-09-28 11:55:04,Biasa / Mengikuti Pasar
11:55,ELPI,Transaksi Sepi (Skip Broksum),Mid Cap (Lapis 2),Overvalued (Mahal),38.512615,1.6917019,580.0,649,575,775,-4.132231404958678,418300,Normal,35,Negatif,Downtrend,Bearish,Strong Bearish,Strong Downtrend (5<20<50),Normal,Akumulasi (Naik),Normal,Dominan Jual (Guyur),Normal,Tinggi,Normal,Dekat Support (Low Risk),< 1 Miliar,Di Bawah VWAP (Lemah),Distribusi Pro (Guyuran),Gorengan Sepi (< 5M),Sepi (< 50%),Mark-Down (Fase Runtuh),Normal,Normal,Turun 3 Hari Beruntun,TP: 653 | CL: 531,Open = High (Tekanan Jual),Sangat Menarik (> 1:3),Oversold (Jenuh Jual - Peluang),Netral / Sepi Berita,Normal / Sedang Transisi,Golden Rebound Fibo Bottom / 100% 🎯,1,WAIT & SEE,TIDAK ADA,2026-09-28 11:55:04,Biasa / Mengikuti Pasar
11:55,EURO,Token Mati (Perlu Update),Mid Cap (Lapis 2),Overvalued (Mahal),1935.7144,66.96318,1355.0,1431,1270,1705,-3.214285714285714,10114600,Tembus MA20,37,Negatif,Downtrend,Bullish,Bullish MACD,Awal Reversal (5>20),Distribusi Kuat,Distribusi (Turun),Normal,Dominan Jual (Guyur),Normal,Tinggi,Normal,Area Tengah,> 1 Miliar,Di Bawah VWAP (Lemah),Distribusi Pro (Guyuran),Gorengan Sepi (< 5M),Ledakan Ekstrem (> 300%),Mark-Down (Fase Runtuh),Spesialis Tiang Jemuran (Banting Pucuk),Normal,Turun 5 Hari Beruntun,TP: 1480 | CL: 1271,Normal,Sangat Menarik (> 1:3),Netral / Sideways,Netral / Sepi Berita,Normal / Sedang Transisi,Mengambang (Jauh dari Fibo),3,WAIT & SEE,TIDAK ADA,2026-09-28 11:55:04,Biasa / Mengikuti Pasar
11:55,KLIN,Transaksi Sepi (Skip Broksum),Small Cap (Lapis 3),Overvalued (Mahal),0.0,5.182048,115.0,119,108,132,-1.7094017094017095,63500,Normal,45,Negatif,Downtrend,Bullish,Bearish MACD,Perfect Uptrend (5>20>50),Normal,Distribusi (Turun),Gap Down (-2.6%),Seimbang / Adu Mekanik,Normal,Tinggi,Normal,Area Tengah,< 1 Miliar,Di Bawah VWAP (Lemah),Akumulasi Pro (Smart Money),Gorengan Sepi (< 5M),Sepi (< 50%),Distribution (Fase Jualan),Normal,Normal,Turun 3 Hari Beruntun,TP: 129 | CL: 105,Normal,Ideal (1:2),Netral / Sideways,Netral / Sepi Berita,Normal / Sedang Transisi,Dekat Support Fibo 50.0%,1,WAIT & SEE,TIDAK ADA,2026-09-28 11:55:04,Biasa / Mengikuti Pasar
11:55,TOOL,Token Mati (Perlu Update),Small Cap (Lapis 3),Fair Value (Wajar),0.0,0.5945983,52.0,69,52,91,-14.754098360655737,23351800,Normal,26,Negatif,Downtrend,Bearish,Strong Bearish,Konsolidasi / Transisi,Normal,Distribusi (Turun),Normal,Dominan Jual (Guyur),Normal,Tinggi,Normal,Dekat Support (Low Risk),> 1 Miliar,Di Bawah VWAP (Lemah),Distribusi Pro (Guyuran),Ritel Aktif (5M - 50M),Sepi (< 50%),Distribution (Fase Jualan),Spesialis Tiang Jemuran (Banting Pucuk),Normal,Turun 4 Hari Beruntun,TP: 61 | CL: 45,Open = High (Tekanan Jual),Di Area Support,Oversold (Jenuh Jual - Peluang),Netral / Sepi Berita,Normal / Sedang Transisi,Golden Rebound Fibo Bottom / 100% 🎯,0,WAIT & SEE,TIDAK ADA,2026-09-28 11:55:04,Biasa / Mengikuti Pasar
11:55,BUAH,Transaksi Sepi (Skip Broksum),Small Cap (Lapis 3),Overvalued (Mahal),19.081553,4.9215817,482.0,496,480,510,-0.4132231404958678,301100,Normal,27,Negatif,Downtrend,Bearish,Strong Bearish,Strong Downtrend (5<20<50),Normal,Distribusi (Turun),Normal,Seimbang / Adu Mekanik,Squeeze,Rendah,Normal,Dekat Support (Low Risk),< 1 Miliar,Di Bawah VWAP (Lemah),Distribusi Pro (Guyuran),Gorengan Sepi (< 5M),Normal (50-150%),Mark-Down (Fase Runtuh),Solid (Jarang Dibanting),Normal,Turun 3 Hari Beruntun,TP: 497 | CL: 471,Normal,Sangat Menarik (> 1:3),Oversold (Jenuh Jual - Peluang),Netral / Sepi Berita,Normal / Sedang Transisi,Golden Rebound Fibo Bottom / 100% 🎯,0,WAIT & SEE,TIDAK ADA,2026-09-28 11:55:04,Biasa / Mengikuti Pasar
11:55,CRAB,Transaksi Sepi (Skip Broksum),Small Cap (Lapis 3),Fair Value (Wajar),0.0,1.736474,216.0,218,200,254,-2.7027027027027026,827300,Normal,49,Negatif,Downtrend,Bullish,Bearish MACD,Perfect Uptrend (5>20>50),Normal,Distribusi (Turun),Normal,Dominan Jual (Guyur),Squeeze,Rendah,Normal,Area Tengah,< 1 Miliar,Di Bawah VWAP (Lemah),Distribusi Pro (Guyuran),Gorengan Sepi (< 5M),Normal (50-150%),Distribution (Fase Jualan),Normal,Normal,Turun 1 Hari Beruntun,TP: 228 | CL: 207,Open = High (Tekanan Jual),Ideal (1:2),Netral / Sideways,Netral / Sepi Berita,Normal / Sedang Transisi,Dekat Support Fibo 78.6%,1,WAIT & SEE,TIDAK ADA,2026-09-28 11:55:04,Biasa / Mengikuti Pasar
11:55,MEDS,Token Mati (Perlu Update),Small Cap (Lapis 3),Fair Value (Wajar),0.0,2.3139222,72.0,82,70,126,-2.7027027027027026,26825600,Normal,42,Negatif,Downtrend,Bearish,Bearish MACD,Konsolidasi / Transisi,Normal,Distribusi (Turun),Normal,Seimbang / Adu Mekanik,Normal,Tinggi,Normal,Dekat Support (Low Risk),> 1 Miliar,Di Bawah VWAP (Lemah),Distribusi Pro (Guyuran),Gorengan Sepi (< 5M),Sepi (< 50%),Distribution (Fase Jualan),Spesialis Tiang Jemuran (Banting Pucuk),Normal,Turun 4 Hari Beruntun,TP: 84 | CL: 63,Open = High (Tekanan Jual),Sangat Menarik (> 1:3),Oversold (Jenuh Jual - Peluang),Netral / Sepi Berita,Normal / Sedang Transisi,Mengambang (Jauh dari Fibo),0,WAIT & SEE,TIDAK ADA,2026-09-28 11:55:04,Biasa / Mengikuti Pasar
11:55,PRAY,Transaksi Sepi (Skip Broksum),Big Cap (Lapis 1),Overvalued (Mahal),57.866867,3.2444124,765.0,751,700,895,0.6578947368421052,8500,Normal,54,Positif,Uptrend,Bullish,Strong Bullish,Perfect Uptrend (5>20>50),Normal,Distribusi (Turun),Normal,Dominan Jual (Guyur),Normal,Sedang,Normal,Area Tengah,< 1 Miliar,Persis di VWAP,Akumulasi Pro (Smart Money),Gorengan Sepi (< 5M),Sepi (< 50%),Mark-Up (Fase Pesta),Spesialis Tiang Jemuran (Banting Pucuk),Normal,Naik 1 Hari Beruntun,TP: 833 | CL: 719,Open = High (Tekanan Jual),Ideal (1:2),Golden Cross (Awal Bullish),Netral / Sepi Berita,Normal / Sedang Transisi,Dekat Support Fibo 50.0%,5,WAIT & SEE,TIDAK ADA,2026-09-28 11:55:04,Biasa / Mengikuti Pasar
11:55,CBUT,Transaksi Sepi (Skip Broksum),Mid Cap (Lapis 2),Fair Value (Wajar),12.240803,2.1838074,915.0,976,875,1275,1.1049723756906076,23700,Normal,46,Positif,Downtrend,Bearish,Bearish MACD,Konsolidasi / Transisi,Normal,Distribusi (Turun),Normal,Seimbang / Adu Mekanik,Normal,Tinggi,Normal,Area Tengah,< 1 Miliar,Di Bawah VWAP (Lemah),Distribusi Pro (Guyuran),Gorengan Sepi (< 5M),Sepi (< 50%),Distribution (Fase Jualan),Spesialis Tiang Jemuran (Banting Pucuk),Normal,Naik 1 Hari Beruntun,TP: 1037 | CL: 833,Open = Low (Bullish Kuat),Sangat Menarik (> 1:3),Oversold (Jenuh Jual - Peluang),Netral / Sepi Berita,Normal / Sedang Transisi,Mengambang (Jauh dari Fibo),1,WAIT & SEE,TIDAK ADA,2026-09-28 11:55:04,Biasa / Mengikuti Pasar
11:55,BELI,Transaksi Sepi (Skip Broksum),Big Cap (Lapis 1),Overvalued (Mahal),0.0,3.9295087,262.0,304,260,406,-2.9629629629629632,1677100,Normal,40,Negatif,Downtrend,Bearish,Strong Bearish,Konsolidasi / Transisi,Normal,Distribusi (Turun),Normal,Dominan Jual (Guyur),Normal,Tinggi,Normal,Dekat Support (Low Risk),< 1 Miliar,Di Bawah VWAP (Lemah),Distribusi Pro (Guyuran),Gorengan Sepi (< 5M),Normal (50-150%),Distribution (Fase Jualan),Spesialis Tiang Jemuran (Banting Pucuk),Normal,Turun 3 Hari Beruntun,TP: 295 | CL: 239,Normal,Sangat Menarik (> 1:3),Oversold (Jenuh Jual - Peluang),Netral / Sepi Berita,Normal / Sedang Transisi,Mendekati Fibo Bottom / 100%,0,WAIT & SEE,TIDAK ADA,2026-09-28 11:55:04,Biasa / Mengikuti Pasar
11:55,MKTR,Transaksi Sepi (Skip Broksum),Mid Cap (Lapis 2),Overvalued (Mahal),25.902336,2.174068,122.0,123,120,134,-0.8130081300813009,126700,Normal,46,Negatif,Downtrend,Death Cross,Bearish MACD,Konsolidasi / Transisi,Normal,Distribusi (Turun),Normal,Seimbang / Adu Mekanik,Squeeze,Rendah,Normal,Dekat Support (Low Risk),< 1 Miliar,Persis di VWAP,Akumulasi Pro (Smart Money),Gorengan Sepi (< 5M),Sepi (< 50%),Distribution (Fase Jualan),Normal,Normal,Turun 1 Hari Beruntun,TP: 127 | CL: 118,Open = High (Tekanan Jual),Sangat Menarik (> 1:3),Oversold (Jenuh Jual - Peluang),Netral / Sepi Berita,Normal / Sedang Transisi,Mendekati Fibo 78.6%,0,WAIT & SEE,TIDAK ADA,2026-09-28 11:55:04,Biasa / Mengikuti Pasar
11:55,OMED,Transaksi Sepi (Skip Broksum),Mid Cap (Lapis 2),Fair Value (Wajar),12.98377,1.9854149,208.0,221,202,300,0.0,2889700,Normal,37,Negatif,Downtrend,Bearish,Strong Bearish,Strong Downtrend (5<20<50),Normal,Distribusi (Turun),Normal,Dominan Beli (Hajar Kanan),Normal,Tinggi,Doji (Ragu-ragu),Dekat Support (Low Risk),< 1 Miliar,Persis di VWAP,Akumulasi Pro (Smart Money),Gorengan Sepi (< 5M),Normal (50-150%),Mark-Down (Fase Runtuh),Normal,Jarum Bawah (Sinyal Pantulan Kuat),Sideways / Stagnan,TP: 218 | CL: 201,Normal,Sangat Menarik (> 1:3),Golden Cross (Awal Bullish),Netral / Sepi Berita,Normal / Sedang Transisi,Golden Rebound Fibo 78.6% 🎯,1,WAIT & SEE,TIDAK ADA,2026-09-28 11:55:04,Biasa / Mengikuti Pasar
11:55,BSBK,Transaksi Sepi (Skip Broksum),Mid Cap (Lapis 2),Undervalued (Murah),14.333333,0.49032465,43.0,49,43,50,-14.000000000000002,3723100,Tembus MA20,7,Negatif,Downtrend,Death Cross,Strong Bearish,Strong Downtrend (5<20<50),Normal,Distribusi (Turun),Gap Down (-14.0%),Tidak Ada Transaksi,Normal,Sedang,Doji (Ragu-ragu),Dekat Support (Low Risk),< 1 Miliar,Di Bawah VWAP (Lemah),Netral,Gorengan Sepi (< 5M),Ledakan Ekstrem (> 300%),Mark-Down (Fase Runtuh),Solid (Jarang Dibanting),Normal,Turun 1 Hari Beruntun,TP: 43 | CL: 42,Normal,Di Area Support,Oversold (Jenuh Jual - Peluang),Netral / Sepi Berita,Normal / Sedang Transisi,Golden Rebound Fibo Bottom / 100% 🎯,1,WAIT & SEE,TIDAK ADA,2026-09-28 11:55:04,Biasa / Mengikuti Pasar
11:55,PDPP,Transaksi Sepi (Skip Broksum),Small Cap (Lapis 3),Fair Value (Wajar),13.522825,2.0318627,314.0,329,308,350,-2.484472049689441,183800,Normal,43,Negatif,Downtrend,Bearish,Bearish MACD,Konsolidasi / Transisi,Normal,Distribusi (Turun),Gap Up (+5.6%),Dominan Jual (Guyur),Bottom Rebound,Sedang,Normal,Dekat Support (Low Risk),< 1 Miliar,Di Bawah VWAP (Lemah),Distribusi Pro (Guyuran),Gorengan Sepi (< 5M),Normal (50-150%),Distribution (Fase Jualan),Normal,Normal,Turun 1 Hari Beruntun,TP: 344 | CL: 293,Open = High (Tekanan Jual),Sangat Menarik (> 1:3),Oversold (Jenuh Jual - Peluang),Netral / Sepi Berita,Normal / Sedang Transisi,Mendekati Fibo 61.8% (Golden Ratio),1,WAIT & SEE,TIDAK ADA,2026-09-28 11:55:04,Biasa / Mengikuti Pasar
11:55,KDTN,Token Mati (Perlu Update),Small Cap (Lapis 3),Overvalued (Mahal),0.0,7.2461185,406.0,394,358,454,7.9787234042553195,8458100,Tembus MA20,55,Positif,Uptrend,Bearish,Bullish MACD,Strong Downtrend (5<20<50),Normal,Akumulasi (Naik),Normal,Seimbang / Adu Mekanik,Normal,Tinggi,Normal,Rawan Pucuk (High Risk),> 1 Miliar,Di Atas VWAP (Kuat),Akumulasi Pro (Smart Money),Gorengan Sepi (< 5M),Anomali Tinggi (150-300%),Accumulation (Kumpul Barang),Spesialis Tiang Jemuran (Banting Pucuk),Normal,Naik 2 Hari Beruntun,TP: 443 | CL: 380,Normal,Menengah (1:1),Netral / Sideways,Netral / Sepi Berita,Normal / Sedang Transisi,Mengambang (Jauh dari Fibo),6,WAIT & SEE,TIDAK ADA,2026-09-28 11:55:04,Biasa / Mengikuti Pasar
11:55,ZATA,Token Mati (Perlu Update),Small Cap (Lapis 3),Fair Value (Wajar),0.0,1.2652684,53.0,64,50,75,-3.6363636363636362,70783800,Normal,34,Negatif,Downtrend,Bearish,Strong Bearish,Strong Downtrend (5<20<50),Normal,Akumulasi (Naik),Normal,Seimbang / Adu Mekanik,Normal,Tinggi,Normal,Area Tengah,> 1 Miliar,Di Bawah VWAP (Lemah),Distribusi Pro (Guyuran),Ritel Aktif (5M - 50M),Sepi (< 50%),Mark-Down (Fase Runtuh),Normal,Normal,Turun 3 Hari Beruntun,TP: 60 | CL: 47,Open = High (Tekanan Jual),Sangat Menarik (> 1:3),Oversold (Jenuh Jual - Peluang),Netral / Sepi Berita,Normal / Sedang Transisi,Mendekati Fibo Bottom / 100%,1,WAIT & SEE,TIDAK ADA,2026-09-28 11:55:04,Biasa / Mengikuti Pasar
11:55,NINE,Token Mati (Perlu Update),Small Cap (Lapis 3),Overvalued (Mahal),0.0,7.065949,84.0,89,70,110,9.090909090909092,19362300,Tembus MA20,48,Positif,Downtrend,Bearish,Strong Bearish,Konsolidasi / Transisi,Normal,Distribusi (Turun),Normal,Dominan Beli (Hajar Kanan),Normal,Tinggi,Normal,Rawan Pucuk (High Risk),> 1 Miliar,Di Atas VWAP (Kuat),Akumulasi Pro (Smart Money),Gorengan Sepi (< 5M),Normal (50-150%),Distribution (Fase Jualan),Normal,Normal,Naik 1 Hari Beruntun,TP: 96 | CL: 76,Normal,Ideal (1:2),Golden Cross (Awal Bullish),Netral / Sepi Berita,Normal / Sedang Transisi,Dekat Support Fibo 61.8% (Golden Ratio),3,WAIT & SEE,TIDAK ADA,2026-09-28 11:55:04,Biasa / Mengikuti Pasar
11:55,MMIX,Token Mati (Perlu Update),Mid Cap (Lapis 2),Overvalued (Mahal),5.221779,22.74063,890.0,843,735,900,0.0,2918700,Normal,79,Negatif,Uptrend,Bullish,Strong Bullish,Perfect Uptrend (5>20>50),Normal,Akumulasi (Naik),Normal,Dominan Beli (Hajar Kanan),Normal,Tinggi,Doji (Ragu-ragu),Rawan Pucuk (High Risk),> 1 Miliar,Persis di VWAP,Distribusi Pro (Guyuran),Ritel Aktif (5M - 50M),Sepi (< 50%),Mark-Up (Fase Pesta),Spesialis Tiang Jemuran (Banting Pucuk),Jarum Bawah (Sinyal Pantulan Kuat),Sideways / Stagnan,TP: 932 | CL: 861,Normal,Tidak Ideal (< 1:1),Overbought (Jenuh Beli - Rawan),Netral / Sepi Berita,Normal / Sedang Transisi,Mengambang (Jauh dari Fibo),6,WAIT & SEE,TIDAK ADA,2026-09-28 11:55:04,Biasa / Mengikuti Pasar
11:55,PADA,Token Mati (Perlu Update),Small Cap (Lapis 3),Overvalued (Mahal),0.0,4.367149,168.0,200,152,242,6.329113924050633,20908000,Normal,40,Positif,Downtrend,Bearish,Strong Bearish,Konsolidasi / Transisi,Normal,Distribusi (Turun),Normal,Seimbang / Adu Mekanik,Normal,Tinggi,Normal,Rawan Pucuk (High Risk),> 1 Miliar,Di Bawah VWAP (Lemah),Distribusi Pro (Guyuran),Gorengan Sepi (< 5M),Normal (50-150%),Distribution (Fase Jualan),Spesialis Tiang Jemuran (Banting Pucuk),Normal,Naik 1 Hari Beruntun,TP: 191 | CL: 152,Normal,Sangat Menarik (> 1:3),Golden Cross (Awal Bullish),Netral / Sepi Berita,Normal / Sedang Transisi,Mengambang (Jauh dari Fibo),1,WAIT & SEE,TIDAK ADA,2026-09-28 11:55:04,Biasa / Mengikuti Pasar
11:55,ISAP,Token Mati (Perlu Update),Small Cap (Lapis 3),Fair Value (Wajar),0.0,0.56177145,24.0,24,22,29,4.3478260869565215,50988300,Normal,48,Positif,Downtrend,Bearish,Strong Bearish,Konsolidasi / Transisi,Normal,Akumulasi (Naik),Normal,Dominan Beli (Hajar Kanan),Normal,Tinggi,Normal,Area Tengah,> 1 Miliar,Di Atas VWAP (Kuat),Akumulasi Pro (Smart Money),Gorengan Sepi (< 5M),Normal (50-150%),Distribution (Fase Jualan),Solid (Jarang Dibanting),Normal,Naik 1 Hari Beruntun,TP: 26 | CL: 22,Normal,Ideal (1:2),Golden Cross (Awal Bullish),Netral / Sepi Berita,Normal / Sedang Transisi,Dekat Support Fibo 61.8% (Golden Ratio),3,WAIT & SEE,TIDAK ADA,2026-09-28 11:55:04,Biasa / Mengikuti Pasar
11:55,VTNY,Token Mati (Perlu Update),Small Cap (Lapis 3),Overvalued (Mahal),96.666664,0.86723787,58.0,74,57,83,-12.121212121212121,17450100,Normal,30,Negatif,Downtrend,Bearish,Strong Bearish,Konsolidasi / Transisi,Normal,Distribusi (Turun),Normal,Dominan Jual (Guyur),Normal,Tinggi,Normal,Dekat Support (Low Risk),> 1 Miliar,Di Bawah VWAP (Lemah),Distribusi Pro (Guyuran),Gorengan Sepi (< 5M),Normal (50-150%),Distribution (Fase Jualan),Normal,Normal,Turun 3 Hari Beruntun,TP: 65 | CL: 52,Open = High (Tekanan Jual),Sangat Menarik (> 1:3),Oversold (Jenuh Jual - Peluang),Netral / Sepi Berita,Normal / Sedang Transisi,Mengambang (Jauh dari Fibo),0,WAIT & SEE,TIDAK ADA,2026-09-28 11:55:04,Biasa / Mengikuti Pasar
11:55,ELIT,Token Mati (Perlu Update),Small Cap (Lapis 3),Fair Value (Wajar),0.0,2.9046829,254.0,270,236,308,3.2520325203252036,5918300,Normal,50,Positif,Downtrend,Bearish,Bearish MACD,Konsolidasi / Transisi,Normal,Akumulasi (Naik),Normal,Seimbang / Adu Mekanik,Normal,Tinggi,Normal,Area Tengah,> 1 Miliar,Di Bawah VWAP (Lemah),Distribusi Pro (Guyuran),Gorengan Sepi (< 5M),Sepi (< 50%),Distribution (Fase Jualan),Normal,Normal,Naik 1 Hari Beruntun,TP: 294 | CL: 226,Normal,Sangat Menarik (> 1:3),Netral / Sideways,Netral / Sepi Berita,Normal / Sedang Transisi,Dekat Support Fibo 38.2%,2,WAIT & SEE,TIDAK ADA,2026-09-28 11:55:04,Biasa / Mengikuti Pasar
11:55,BEER,Transaksi Sepi (Skip Broksum),Small Cap (Lapis 3),Fair Value (Wajar),0.0,1.0232797,59.0,76,57,91,-9.230769230769232,11612900,Normal,19,Negatif,Downtrend,Bearish,Strong Bearish,Strong Downtrend (5<20<50),Normal,Distribusi (Turun),Normal,Dominan Jual (Guyur),Normal,Tinggi,Normal,Area Tengah,< 1 Miliar,Di Bawah VWAP (Lemah),Distribusi Pro (Guyuran),Gorengan Sepi (< 5M),Sepi (< 50%),Mark-Down (Fase Runtuh),Spesialis Tiang Jemuran (Banting Pucuk),Normal,Turun 2 Hari Beruntun,TP: 67 | CL: 53,Open = High (Tekanan Jual),Sangat Menarik (> 1:3),Oversold (Jenuh Jual - Peluang),Netral / Sepi Berita,Normal / Sedang Transisi,Mendekati Fibo Bottom / 100%,0,WAIT & SEE,TIDAK ADA,2026-09-28 11:55:04,Biasa / Mengikuti Pasar
11:55,CBPE,Transaksi Sepi (Skip Broksum),Small Cap (Lapis 3),Fair Value (Wajar),0.0,1.933598,488.0,503,452,585,-4.313725490196078,36400,Normal,49,Negatif,Downtrend,Bullish,Bearish MACD,Perfect Uptrend (5>20>50),Normal,Akumulasi (Naik),Gap Down (-3.5%),Dominan Jual (Guyur),Normal,Tinggi,Doji (Ragu-ragu),Area Tengah,< 1 Miliar,Di Bawah VWAP (Lemah),Akumulasi Pro (Smart Money),Gorengan Sepi (< 5M),Sepi (< 50%),Distribution (Fase Jualan),Spesialis Tiang Jemuran (Banting Pucuk),Normal,Turun 2 Hari Beruntun,TP: 543 | CL: 451,Normal,Ideal (1:2),Netral / Sideways,Netral / Sepi Berita,Normal / Sedang Transisi,Mendekati Fibo 50.0%,2,WAIT & SEE,TIDAK ADA,2026-09-28 11:55:04,Biasa / Mengikuti Pasar
11:55,SUNI,Transaksi Sepi (Skip Broksum),Mid Cap (Lapis 2),Fair Value (Wajar),9.931302,1.8144759,665.0,687,660,715,-1.4814814814814816,166100,Normal,34,Negatif,Downtrend,Bearish,Strong Bearish,Strong Downtrend (5<20<50),Normal,Distribusi (Turun),Normal,Seimbang / Adu Mekanik,Squeeze,Rendah,Normal,Dekat Support (Low Risk),< 1 Miliar,Di Bawah VWAP (Lemah),Akumulasi Pro (Smart Money),Gorengan Sepi (< 5M),Sepi (< 50%),Mark-Down (Fase Runtuh),Solid (Jarang Dibanting),Normal,Turun 1 Hari Beruntun,TP: 690 | CL: 648,Open = High (Tekanan Jual),Sangat Menarik (> 1:3),Netral / Sideways,Netral / Sepi Berita,Normal / Sedang Transisi,Dekat Support Fibo 50.0%,0,WAIT & SEE,TIDAK ADA,2026-09-28 11:55:04,Biasa / Mengikuti Pasar
11:55,CBRE,Token Mati (Perlu Update),Mid Cap (Lapis 2),Overvalued (Mahal),0.0,326.9471,780.0,738,685,815,6.122448979591836,30567700,Tembus MA20,62,Positif,Uptrend,Bullish,Strong Bullish,Perfect Uptrend (5>20>50),Normal,Akumulasi (Naik),Normal,Seimbang / Adu Mekanik,Normal,Sedang,Normal,Rawan Pucuk (High Risk),> 1 Miliar,Di Atas VWAP (Kuat),Distribusi Pro (Guyuran),Ritel Aktif (5M - 50M),Anomali Tinggi (150-300%),Mark-Up (Fase Pesta),Normal,Normal,Naik 1 Hari Beruntun,TP: 835 | CL: 742,Normal,Tidak Ideal (< 1:1),Netral / Sideways,Netral / Sepi Berita,Normal / Sedang Transisi,Mendekati Fibo 23.6%,7,BELI,TIDAK ADA,2026-09-28 11:55:04,Biasa / Mengikuti Pasar
11:55,WINE,Transaksi Sepi (Skip Broksum),Small Cap (Lapis 3),Undervalued (Murah),9.650456,1.0054628,127.0,131,125,138,0.0,77400,Normal,37,Negatif,Downtrend,Bearish,Bullish MACD,Strong Downtrend (5<20<50),Normal,Akumulasi (Naik),Normal,Dominan Jual (Guyur),Squeeze,Rendah,Doji (Ragu-ragu),Dekat Support (Low Risk),< 1 Miliar,Di Bawah VWAP (Lemah),Distribusi Pro (Guyuran),Gorengan Sepi (< 5M),Sepi (< 50%),Mark-Down (Fase Runtuh),Spesialis Tiang Jemuran (Banting Pucuk),Normal,Sideways / Stagnan,TP: 133 | CL: 122,Normal,Sangat Menarik (> 1:3),Netral / Sideways,Netral / Sepi Berita,Supply Kering (Siap Pump) 🏜️,Mengambang (Jauh dari Fibo),2,WAIT & SEE,TIDAK ADA,2026-09-28 11:55:04,Biasa / Mengikuti Pasar
11:55,BMBL,Transaksi Sepi (Skip Broksum),Small Cap (Lapis 3),Fair Value (Wajar),0.0,0.47712126,31.0,29,26,36,6.896551724137931,8172400,Normal,55,Positif,Uptrend,Bearish,Strong Bullish,Strong Downtrend (5<20<50),Normal,Akumulasi (Naik),Normal,Dominan Beli (Hajar Kanan),Normal,Tinggi,Marubozu (Strong Bullish),Rawan Pucuk (High Risk),< 1 Miliar,Di Atas VWAP (Kuat),Distribusi Pro (Guyuran),Gorengan Sepi (< 5M),Sepi (< 50%),Accumulation (Kumpul Barang),Normal,Normal,Naik 1 Hari Beruntun,TP: 34 | CL: 28,Open = Low (Bullish Kuat),Menengah (1:1),Golden Cross (Awal Bullish),Netral / Sepi Berita,Normal / Sedang Transisi,Dekat Support Fibo 50.0%,6,WAIT & SEE,TIDAK ADA,2026-09-28 11:55:04,Biasa / Mengikuti Pasar
11:55,PEVE,Transaksi Sepi (Skip Broksum),Small Cap (Lapis 3),Fair Value (Wajar),0.0,1.451603,310.0,312,296,360,0.0,636800,Normal,45,Negatif,Downtrend,Bearish,Bullish MACD,Strong Downtrend (5<20<50),Normal,Akumulasi (Naik),Normal,Dominan Beli (Hajar Kanan),Squeeze,Rendah,Doji (Ragu-ragu),Area Tengah,< 1 Miliar,Persis di VWAP,Akumulasi Pro (Smart Money),Gorengan Sepi (< 5M),Normal (50-150%),Mark-Down (Fase Runtuh),Normal,Jarum Bawah (Sinyal Pantulan Kuat),Sideways / Stagnan,TP: 321 | CL: 302,Normal,Sangat Menarik (> 1:3),Netral / Sideways,Netral / Sepi Berita,Normal / Sedang Transisi,Mendekati Fibo Bottom / 100%,3,WAIT & SEE,TIDAK ADA,2026-09-28 11:55:04,Biasa / Mengikuti Pasar
11:55,LAJU,Token Mati (Perlu Update),Small Cap (Lapis 3),Fair Value (Wajar),0.0,0.87037617,57.0,69,54,83,-9.523809523809524,22803600,Normal,28,Negatif,Downtrend,Bearish,Strong Bearish,Konsolidasi / Transisi,Normal,Distribusi (Turun),Gap Down (-7.9%),Dominan Beli (Hajar Kanan),Normal,Tinggi,Hammer (Potensi Reversal),Area Tengah,> 1 Miliar,Di Bawah VWAP (Lemah),Distribusi Pro (Guyuran),Gorengan Sepi (< 5M),Normal (50-150%),Distribution (Fase Jualan),Spesialis Tiang Jemuran (Banting Pucuk),Jarum Bawah (Sinyal Pantulan Kuat),Turun 3 Hari Beruntun,TP: 64 | CL: 51,Open = High (Tekanan Jual),Sangat Menarik (> 1:3),Oversold (Jenuh Jual - Peluang),Netral / Sepi Berita,Normal / Sedang Transisi,Mendekati Fibo Bottom / 100%,1,WAIT & SEE,TIDAK ADA,2026-09-28 11:55:04,Biasa / Mengikuti Pasar
11:55,FWCT,Transaksi Sepi (Skip Broksum),Small Cap (Lapis 3),Fair Value (Wajar),0.0,0.4228615,70.0,88,66,97,-9.090909090909092,7825900,Normal,23,Negatif,Downtrend,Bearish,Strong Bearish,Strong Downtrend (5<20<50),Normal,Distribusi (Turun),Normal,Seimbang / Adu Mekanik,Normal,Tinggi,Normal,Area Tengah,< 1 Miliar,Di Bawah VWAP (Lemah),Distribusi Pro (Guyuran),Gorengan Sepi (< 5M),Normal (50-150%),Mark-Down (Fase Runtuh),Spesialis Tiang Jemuran (Banting Pucuk),Normal,Turun 3 Hari Beruntun,TP: 78 | CL: 64,Open = High (Tekanan Jual),Sangat Menarik (> 1:3),Oversold (Jenuh Jual - Peluang),Netral / Sepi Berita,Normal / Sedang Transisi,Mengambang (Jauh dari Fibo),0,WAIT & SEE,TIDAK ADA,2026-09-28 11:55:04,Biasa / Mengikuti Pasar
11:55,NAYZ,Token Mati (Perlu Update),Small Cap (Lapis 3),Fair Value (Wajar),0.0,2.7157393,68.0,73,63,83,-1.4492753623188406,29229000,Tembus MA20,43,Negatif,Downtrend,Bearish,Bearish MACD,Konsolidasi / Transisi,Normal,Distribusi (Turun),Gap Down (-4.3%),Dominan Beli (Hajar Kanan),Normal,Sedang,Normal,Area Tengah,> 1 Miliar,Di Bawah VWAP (Lemah),Distribusi Pro (Guyuran),Gorengan Sepi (< 5M),Normal (50-150%),Distribution (Fase Jualan),Spesialis Tiang Jemuran (Banting Pucuk),Normal,Turun 1 Hari Beruntun,TP: 74 | CL: 63,Normal,Ideal (1:2),Golden Cross (Awal Bullish),Netral / Sepi Berita,Normal / Sedang Transisi,Dekat Support Fibo 50.0%,2,WAIT & SEE,TIDAK ADA,2026-09-28 11:55:04,Biasa / Mengikuti Pasar
11:55,IRSX,Token Mati (Perlu Update),Mid Cap (Lapis 2),Overvalued (Mahal),72.8745,7.3773513,362.0,412,358,462,-3.2085561497326207,74903100,Normal,41,Negatif,Downtrend,Death Cross,Bearish MACD,Konsolidasi / Transisi,Normal,Distribusi (Turun),Normal,Dominan Jual (Guyur),Normal,Tinggi,Normal,Dekat Support (Low Risk),> 1 Miliar,Di Bawah VWAP (Lemah),Distribusi Pro (Guyuran),Ritel Aktif (5M - 50M),Normal (50-150%),Distribution (Fase Jualan),Normal,Normal,Turun 3 Hari Beruntun,TP: 407 | CL: 331,Normal,Sangat Menarik (> 1:3),Netral / Sideways,Netral / Sepi Berita,Normal / Sedang Transisi,Mendekati Fibo 50.0%,0,WAIT & SEE,TIDAK ADA,2026-09-28 11:55:04,Biasa / Mengikuti Pasar
11:55,PACK,Token Mati (Perlu Update),Big Cap (Lapis 1),Overvalued (Mahal),32.160526,5.589261,585.0,568,510,650,-9.30232558139535,287846900,Tembus MA20,60,Negatif,Uptrend,Bullish,Bearish MACD,Perfect Uptrend (5>20>50),Distribusi Kuat,Akumulasi (Naik),Normal,Dominan Jual (Guyur),Normal,Tinggi,Normal,Rawan Pucuk (High Risk),> 1 Miliar,Di Bawah VWAP (Lemah),Distribusi Pro (Guyuran),Sultan (> 50M/hari),Normal (50-150%),Mark-Up (Fase Pesta),Normal,Normal,Turun 1 Hari Beruntun,TP: 631 | CL: 553,Normal,Tidak Ideal (< 1:1),Death Cross (Awal Bearish),Netral / Sepi Berita,Supply Banjir (Distribusi) 🌊,Mengambang (Jauh dari Fibo),5,WAIT & SEE,TIDAK ADA,2026-09-28 11:55:04,🔥 ANOMALI BANDAR (Siap Ledakan)
11:55,VAST,Transaksi Sepi (Skip Broksum),Small Cap (Lapis 3),Fair Value (Wajar),0.0,0.838185,111.0,115,106,149,-3.4782608695652173,2859000,Normal,43,Negatif,Downtrend,Death Cross,Bearish MACD,Konsolidasi / Transisi,Normal,Distribusi (Turun),Normal,Dominan Jual (Guyur),Normal,Tinggi,Normal,Area Tengah,< 1 Miliar,Di Bawah VWAP (Lemah),Akumulasi Pro (Smart Money),Gorengan Sepi (< 5M),Sepi (< 50%),Distribution (Fase Jualan),Normal,Normal,Turun 2 Hari Beruntun,TP: 122 | CL: 103,Open = High (Tekanan Jual),Sangat Menarik (> 1:3),Oversold (Jenuh Jual - Peluang),Netral / Sepi Berita,Normal / Sedang Transisi,Mendekati Fibo Bottom / 100%,0,WAIT & SEE,TIDAK ADA,2026-09-28 11:55:04,Biasa / Mengikuti Pasar
11:55,CHIP,Transaksi Sepi (Skip Broksum),Small Cap (Lapis 3),Overvalued (Mahal),93.45157,7.5812073,685.0,769,670,855,0.0,55500,Normal,12,Negatif,Downtrend,Bearish,Strong Bearish,Strong Downtrend (5<20<50),Normal,Distribusi (Turun),Normal,Seimbang / Adu Mekanik,Normal,Tinggi,Normal,Dekat Support (Low Risk),< 1 Miliar,Di Bawah VWAP (Lemah),Distribusi Pro (Guyuran),Gorengan Sepi (< 5M),Normal (50-150%),Mark-Down (Fase Runtuh),Normal,Normal,Sideways / Stagnan,TP: 733 | CL: 652,Normal,Sangat Menarik (> 1:3),Oversold (Jenuh Jual - Peluang),Netral / Sepi Berita,Normal / Sedang Transisi,Golden Rebound Fibo Bottom / 100% 🎯,0,WAIT & SEE,TIDAK ADA,2026-09-28 11:55:04,Biasa / Mengikuti Pasar
11:55,HALO,Transaksi Sepi (Skip Broksum),Small Cap (Lapis 3),Fair Value (Wajar),0.0,1.5547878,62.0,71,61,91,0.0,3669300,Normal,36,Negatif,Downtrend,Bearish,Strong Bearish,Konsolidasi / Transisi,Normal,Distribusi (Turun),Normal,Seimbang / Adu Mekanik,Normal,Tinggi,Normal,Dekat Support (Low Risk),< 1 Miliar,Di Bawah VWAP (Lemah),Distribusi Pro (Guyuran),Gorengan Sepi (< 5M),Sepi (< 50%),Distribution (Fase Jualan),Spesialis Tiang Jemuran (Banting Pucuk),Normal,Sideways / Stagnan,TP: 68 | CL: 57,Normal,Sangat Menarik (> 1:3),Oversold (Jenuh Jual - Peluang),Netral / Sepi Berita,Normal / Sedang Transisi,Mengambang (Jauh dari Fibo),0,WAIT & SEE,TIDAK ADA,2026-09-28 11:55:04,Biasa / Mengikuti Pasar
11:55,KING,Token Mati (Perlu Update),Small Cap (Lapis 3),Overvalued (Mahal),0.0,12.678525,344.0,370,272,450,-7.526881720430108,6233200,Tembus MA20,46,Negatif,Downtrend,Bullish,Bearish MACD,Perfect Uptrend (5>20>50),Normal,Distribusi (Turun),Normal,Dominan Jual (Guyur),Normal,Tinggi,Normal,Rawan Pucuk (High Risk),> 1 Miliar,Di Bawah VWAP (Lemah),Distribusi Pro (Guyuran),Gorengan Sepi (< 5M),Normal (50-150%),Distribution (Fase Jualan),Normal,Normal,Turun 3 Hari Beruntun,TP: 412 | CL: 298,Normal,Menengah (1:1),Netral / Sideways,Netral / Sepi Berita,Supply Banjir (Distribusi) 🌊,Mendekati Fibo 61.8% (Golden Ratio),2,WAIT & SEE,TIDAK ADA,2026-09-28 11:55:04,Biasa / Mengikuti Pasar
11:55,PGEO,Token Mati (Perlu Update),Big Cap (Lapis 1),Overvalued (Mahal),16.126457,21041.666,1015.0,1041,1000,1100,-0.49019607843137253,6702100,Normal,44,Negatif,Downtrend,Bullish,Bearish MACD,Perfect Uptrend (5>20>50),Normal,Akumulasi (Naik),Normal,Dominan Jual (Guyur),Squeeze,Rendah,Normal,Dekat Support (Low Risk),> 1 Miliar,Di Bawah VWAP (Lemah),Distribusi Pro (Guyuran),Ritel Aktif (5M - 50M),Sepi (< 50%),Distribution (Fase Jualan),Normal,Normal,Turun 3 Hari Beruntun,TP: 1064 | CL: 981,Normal,Sangat Menarik (> 1:3),Netral / Sideways,Netral / Sepi Berita,Normal / Sedang Transisi,Dekat Support Fibo 38.2%,2,WAIT & SEE,TIDAK ADA,2026-09-28 11:55:04,Biasa / Mengikuti Pasar
11:55,FUTR,Token Mati (Perlu Update),Mid Cap (Lapis 2),Overvalued (Mahal),0.0,10.872116,278.0,296,240,370,3.731343283582089,13748200,Normal,46,Positif,Downtrend,Bearish,Strong Bearish,Strong Downtrend (5<20<50),Normal,Akumulasi (Naik),Normal,Dominan Beli (Hajar Kanan),Normal,Tinggi,Normal,Rawan Pucuk (High Risk),> 1 Miliar,Di Atas VWAP (Kuat),Akumulasi Pro (Smart Money),Ritel Aktif (5M - 50M),Sepi (< 50%),Mark-Down (Fase Runtuh),Normal,Normal,Naik 1 Hari Beruntun,TP: 311 | CL: 255,Normal,Ideal (1:2),Golden Cross (Awal Bullish),Netral / Sepi Berita,Normal / Sedang Transisi,Mendekati Fibo 50.0%,3,WAIT & SEE,TIDAK ADA,2026-09-28 11:55:04,Biasa / Mengikuti Pasar
11:55,BDKR,Token Mati (Perlu Update),Small Cap (Lapis 3),Overvalued (Mahal),28.471,0.93925023,162.0,158,153,164,1.8867924528301887,11392300,Tembus MA20,56,Positif,Uptrend,Bullish,Strong Bullish,Perfect Uptrend (5>20>50),Normal,Akumulasi (Naik),Normal,Dominan Beli (Hajar Kanan),Squeeze,Rendah,Normal,Area Tengah,> 1 Miliar,Di Atas VWAP (Kuat),Akumulasi Pro (Smart Money),Gorengan Sepi (< 5M),Normal (50-150%),Mark-Up (Fase Pesta),Normal,Normal,Naik 1 Hari Beruntun,TP: 168 | CL: 157,Normal,Tidak Ideal (< 1:1),Netral / Sideways,Netral / Sepi Berita,Normal / Sedang Transisi,Dekat Support Fibo 38.2%,8,BELI,TIDAK ADA,2026-09-28 11:55:04,Biasa / Mengikuti Pasar
11:55,PTMP,Token Mati (Perlu Update),Small Cap (Lapis 3),Fair Value (Wajar),0.0,0.8376768,45.0,62,45,69,-13.461538461538462,24370800,Tembus MA20,18,Negatif,Downtrend,Bearish,Strong Bearish,Strong Downtrend (5<20<50),Normal,Distribusi (Turun),Normal,Dominan Jual (Guyur),Normal,Tinggi,Normal,Dekat Support (Low Risk),> 1 Miliar,Di Bawah VWAP (Lemah),Distribusi Pro (Guyuran),Gorengan Sepi (< 5M),Normal (50-150%),Mark-Down (Fase Runtuh),Spesialis Tiang Jemuran (Banting Pucuk),Normal,Turun 3 Hari Beruntun,TP: 50 | CL: 41,Open = High (Tekanan Jual),Di Area Support,Oversold (Jenuh Jual - Peluang),Netral / Sepi Berita,Normal / Sedang Transisi,Golden Rebound Fibo Bottom / 100% 🎯,1,WAIT & SEE,TIDAK ADA,2026-09-28 11:55:04,Biasa / Mengikuti Pasar
11:55,SAGE,Token Mati (Perlu Update),Small Cap (Lapis 3),Fair Value (Wajar),0.0,0.98797494,36.0,31,28,40,9.090909090909092,102539400,Tembus MA20,64,Positif,Uptrend,Bullish,Strong Bullish,Awal Reversal (5>20),Distribusi Kuat,Akumulasi (Naik),Gap Up (+12.1%),Seimbang / Adu Mekanik,Breakout Upper,Tinggi,Normal,Rawan Pucuk (High Risk),> 1 Miliar,Di Atas VWAP (Kuat),Distribusi Pro (Guyuran),Gorengan Sepi (< 5M),Ledakan Ekstrem (> 300%),Accumulation (Kumpul Barang),Normal,Normal,Naik 1 Hari Beruntun,TP: 39 | CL: 33,Normal,Tidak Ideal (< 1:1),Netral / Sideways,Netral / Sepi Berita,Supply Banjir (Distribusi) 🌊,Dekat Support Fibo 23.6%,8,BELI,TIDAK ADA,2026-09-28 11:55:04,Biasa / Mengikuti Pasar
11:55,TRON,Token Mati (Perlu Update),Small Cap (Lapis 3),Fair Value (Wajar),0.0,1.2400384,75.0,99,75,111,-14.772727272727273,25164400,Normal,21,Negatif,Downtrend,Bearish,Strong Bearish,Strong Downtrend (5<20<50),Normal,Distribusi (Turun),Normal,Dominan Jual (Guyur),Normal,Tinggi,Normal,Dekat Support (Low Risk),> 1 Miliar,Di Bawah VWAP (Lemah),Distribusi Pro (Guyuran),Gorengan Sepi (< 5M),Normal (50-150%),Mark-Down (Fase Runtuh),Spesialis Tiang Jemuran (Banting Pucuk),Normal,Turun 2 Hari Beruntun,TP: 86 | CL: 67,Open = High (Tekanan Jual),Di Area Support,Oversold (Jenuh Jual - Peluang),Netral / Sepi Berita,Normal / Sedang Transisi,Golden Rebound Fibo Bottom / 100% 🎯,0,WAIT & SEE,TIDAK ADA,2026-09-28 11:55:04,Biasa / Mengikuti Pasar
11:55,CUAN,Token Mati (Perlu Update),Big Cap (Lapis 1),Overvalued (Mahal),40.652172,311666.66,935.0,934,815,1040,0.0,121647000,Normal,58,Negatif,Uptrend,Bullish,Bearish MACD,Perfect Uptrend (5>20>50),Normal,Akumulasi (Naik),Normal,Seimbang / Adu Mekanik,Normal,Sedang,Normal,Rawan Pucuk (High Risk),> 1 Miliar,Di Bawah VWAP (Lemah),Akumulasi Pro (Smart Money),Sultan (> 50M/hari),Sepi (< 50%),Mark-Up (Fase Pesta),Spesialis Tiang Jemuran (Banting Pucuk),Normal,Sideways / Stagnan,TP: 1010 | CL: 885,Normal,Tidak Ideal (< 1:1),Netral / Sideways,Netral / Sepi Berita,Supply Kering (Siap Pump) 🏜️,Golden Rebound Fibo 23.6% 🎯,4,WAIT & SEE,TIDAK ADA,2026-09-28 11:55:04,Biasa / Mengikuti Pasar
11:55,NSSS,Token Mati (Perlu Update),Big Cap (Lapis 1),Overvalued (Mahal),24.750711,7.2725368,695.0,804,680,920,-3.4722222222222223,1979000,Normal,35,Negatif,Downtrend,Bearish,Strong Bearish,Strong Downtrend (5<20<50),Normal,Distribusi (Turun),Normal,Seimbang / Adu Mekanik,Bottom Rebound,Tinggi,Normal,Dekat Support (Low Risk),> 1 Miliar,Di Bawah VWAP (Lemah),Distribusi Pro (Guyuran),Gorengan Sepi (< 5M),Normal (50-150%),Mark-Down (Fase Runtuh),Normal,Normal,Turun 3 Hari Beruntun,TP: 760 | CL: 651,Normal,Sangat Menarik (> 1:3),Oversold (Jenuh Jual - Peluang),Netral / Sepi Berita,Normal / Sedang Transisi,Mendekati Fibo 78.6%,0,WAIT & SEE,TIDAK ADA,2026-09-28 11:55:04,Biasa / Mengikuti Pasar
11:55,GTRA,Transaksi Sepi (Skip Broksum),Small Cap (Lapis 3),Fair Value (Wajar),0.0,1.0830232,252.0,256,232,332,-1.5625,451800,Normal,53,Negatif,Downtrend,Bearish,Bearish MACD,Konsolidasi / Transisi,Normal,Akumulasi (Naik),Normal,Seimbang / Adu Mekanik,Normal,Tinggi,Normal,Area Tengah,< 1 Miliar,Di Bawah VWAP (Lemah),Distribusi Pro (Guyuran),Gorengan Sepi (< 5M),Sepi (< 50%),Distribution (Fase Jualan),Spesialis Tiang Jemuran (Banting Pucuk),Normal,Turun 2 Hari Beruntun,TP: 275 | CL: 236,Normal,Sangat Menarik (> 1:3),Netral / Sideways,Netral / Sepi Berita,Normal / Sedang Transisi,Dekat Support Fibo 50.0%,2,WAIT & SEE,TIDAK ADA,2026-09-28 11:55:04,Biasa / Mengikuti Pasar
11:55,HAJJ,Transaksi Sepi (Skip Broksum),Small Cap (Lapis 3),Fair Value (Wajar),0.0,1.149814,102.0,110,101,119,-4.672897196261682,2371700,Normal,38,Negatif,Downtrend,Bearish,Strong Bearish,Konsolidasi / Transisi,Normal,Distribusi (Turun),Normal,Dominan Jual (Guyur),Normal,Sedang,Normal,Dekat Support (Low Risk),< 1 Miliar,Di Bawah VWAP (Lemah),Distribusi Pro (Guyuran),Gorengan Sepi (< 5M),Sepi (< 50%),Distribution (Fase Jualan),Normal,Normal,Turun 1 Hari Beruntun,TP: 108 | CL: 97,Normal,Sangat Menarik (> 1:3),Oversold (Jenuh Jual - Peluang),Netral / Sepi Berita,Normal / Sedang Transisi,Golden Rebound Fibo 78.6% 🎯,0,WAIT & SEE,TIDAK ADA,2026-09-28 11:55:04,Biasa / Mengikuti Pasar
11:55,JATI,Token Mati (Perlu Update),Small Cap (Lapis 3),Fair Value (Wajar),0.0,1.9860796,111.0,113,105,127,-0.8928571428571428,15184500,Normal,50,Negatif,Downtrend,Bullish,Bearish MACD,Perfect Uptrend (5>20>50),Normal,Distribusi (Turun),Gap Down (-3.6%),Seimbang / Adu Mekanik,Normal,Sedang,Normal,Area Tengah,> 1 Miliar,Di Bawah VWAP (Lemah),Distribusi Pro (Guyuran),Gorengan Sepi (< 5M),Normal (50-150%),Distribution (Fase Jualan),Normal,Normal,Turun 3 Hari Beruntun,TP: 120 | CL: 104,Normal,Ideal (1:2),Netral / Sideways,Netral / Sepi Berita,Normal / Sedang Transisi,Mendekati Fibo 50.0%,1,WAIT & SEE,TIDAK ADA,2026-09-28 11:55:04,Biasa / Mengikuti Pasar
11:55,TYRE,Transaksi Sepi (Skip Broksum),Small Cap (Lapis 3),Fair Value (Wajar),0.0,1.102975,108.0,111,101,136,-0.9174311926605505,202100,Normal,39,Negatif,Downtrend,Bearish,Strong Bearish,Strong Downtrend (5<20<50),Normal,Distribusi (Turun),Normal,Dominan Beli (Hajar Kanan),Squeeze,Rendah,Hammer (Potensi Reversal),Area Tengah,< 1 Miliar,Persis di VWAP,Akumulasi Pro (Smart Money),Gorengan Sepi (< 5M),Sepi (< 50%),Mark-Down (Fase Runtuh),Normal,Jarum Bawah (Sinyal Pantulan Kuat),Turun 1 Hari Beruntun,TP: 118 | CL: 101,Open = High (Tekanan Jual),Sangat Menarik (> 1:3),Golden Cross (Awal Bullish),Netral / Sepi Berita,Supply Kering (Siap Pump) 🏜️,Golden Rebound Fibo 78.6% 🎯,1,WAIT & SEE,TIDAK ADA,2026-09-28 11:55:04,Biasa / Mengikuti Pasar
11:55,MPXL,Token Mati (Perlu Update),Small Cap (Lapis 3),Overvalued (Mahal),0.0,4.824363,224.0,177,159,240,2.7522935779816518,6370300,Normal,73,Positif,Uptrend,Bullish,Strong Bullish,Perfect Uptrend (5>20>50),Normal,Akumulasi (Naik),Normal,Seimbang / Adu Mekanik,Breakout Upper,Tinggi,Normal,Rawan Pucuk (High Risk),> 1 Miliar,Di Atas VWAP (Kuat),Akumulasi Pro (Smart Money),Ritel Aktif (5M - 50M),Sepi (< 50%),Mark-Up (Fase Pesta),Spesialis Tiang Jemuran (Banting Pucuk),Normal,Naik 2 Hari Beruntun,TP: 248 | CL: 207,Normal,Tidak Ideal (< 1:1),Netral / Sideways,Netral / Sepi Berita,Normal / Sedang Transisi,Mendekati Fibo 23.6%,6,WAIT & SEE,TIDAK ADA,2026-09-28 11:55:04,Biasa / Mengikuti Pasar
11:55,SMIL,Token Mati (Perlu Update),Mid Cap (Lapis 2),Overvalued (Mahal),48.56157,4.614594,422.0,430,394,468,-0.4716981132075472,33646400,Normal,51,Negatif,Downtrend,Bullish,Bearish MACD,Perfect Uptrend (5>20>50),Normal,Distribusi (Turun),Gap Up (+2.8%),Seimbang / Adu Mekanik,Normal,Sedang,Normal,Area Tengah,> 1 Miliar,Di Bawah VWAP (Lemah),Akumulasi Pro (Smart Money),Ritel Aktif (5M - 50M),Normal (50-150%),Distribution (Fase Jualan),Spesialis Tiang Jemuran (Banting Pucuk),Normal,Turun 3 Hari Beruntun,TP: 455 | CL: 399,Open = High (Tekanan Jual),Ideal (1:2),Netral / Sideways,Netral / Sepi Berita,Normal / Sedang Transisi,Dekat Support Fibo 23.6%,3,WAIT & SEE,TIDAK ADA,2026-09-28 11:55:04,Biasa / Mengikuti Pasar
11:55,KLAS,Transaksi Sepi (Skip Broksum),Small Cap (Lapis 3),Fair Value (Wajar),0.0,0.9884232,73.0,83,67,91,-3.9473684210526314,5905800,Normal,31,Negatif,Downtrend,Bearish,Strong Bearish,Konsolidasi / Transisi,Normal,Distribusi (Turun),Normal,Dominan Beli (Hajar Kanan),Normal,Tinggi,Hammer (Potensi Reversal),Area Tengah,< 1 Miliar,Di Bawah VWAP (Lemah),Distribusi Pro (Guyuran),Gorengan Sepi (< 5M),Normal (50-150%),Distribution (Fase Jualan),Spesialis Tiang Jemuran (Banting Pucuk),Jarum Bawah (Sinyal Pantulan Kuat),Turun 2 Hari Beruntun,TP: 80 | CL: 67,Open = High (Tekanan Jual),Sangat Menarik (> 1:3),Golden Cross (Awal Bullish),Netral / Sepi Berita,Normal / Sedang Transisi,Mengambang (Jauh dari Fibo),1,WAIT & SEE,TIDAK ADA,2026-09-28 11:55:04,Biasa / Mengikuti Pasar
11:55,MAXI,Transaksi Sepi (Skip Broksum),Small Cap (Lapis 3),Overvalued (Mahal),0.0,3.1863654,43.0,49,43,50,-14.000000000000002,641200,Tembus MA20,0,Negatif,Downtrend,Death Cross,Strong Bearish,Strong Downtrend (5<20<50),Normal,Distribusi (Turun),Gap Down (-14.0%),Tidak Ada Transaksi,Normal,Sedang,Doji (Ragu-ragu),Dekat Support (Low Risk),< 1 Miliar,Di Bawah VWAP (Lemah),Netral,Gorengan Sepi (< 5M),Ledakan Ekstrem (> 300%),Mark-Down (Fase Runtuh),Solid (Jarang Dibanting),Normal,Turun 1 Hari Beruntun,TP: 43 | CL: 42,Normal,Di Area Support,Oversold (Jenuh Jual - Peluang),Netral / Sepi Berita,Normal / Sedang Transisi,Golden Rebound Fibo Bottom / 100% 🎯,1,WAIT & SEE,TIDAK ADA,2026-09-28 11:55:04,Biasa / Mengikuti Pasar
11:55,VKTR,Token Mati (Perlu Update),Big Cap (Lapis 1),Overvalued (Mahal),0.0,32.744217,775.0,820,725,990,-0.641025641025641,16460000,Normal,45,Negatif,Downtrend,Bearish,Strong Bearish,Strong Downtrend (5<20<50),Normal,Distribusi (Turun),Normal,Dominan Jual (Guyur),Normal,Tinggi,Normal,Area Tengah,> 1 Miliar,Di Bawah VWAP (Lemah),Distribusi Pro (Guyuran),Ritel Aktif (5M - 50M),Sepi (< 50%),Mark-Down (Fase Runtuh),Normal,Normal,Turun 3 Hari Beruntun,TP: 847 | CL: 726,Normal,Sangat Menarik (> 1:3),Netral / Sideways,Netral / Sepi Berita,Normal / Sedang Transisi,Mengambang (Jauh dari Fibo),0,WAIT & SEE,TIDAK ADA,2026-09-28 11:55:04,Biasa / Mengikuti Pasar
11:55,RELF,Transaksi Sepi (Skip Broksum),Small Cap (Lapis 3),Fair Value (Wajar),0.0,0.9296488,39.0,38,34,46,-4.878048780487805,8138600,Normal,51,Negatif,Uptrend,Bullish,Bearish MACD,Perfect Uptrend (5>20>50),Normal,Distribusi (Turun),Gap Up (+2.4%),Seimbang / Adu Mekanik,Normal,Tinggi,Normal,Rawan Pucuk (High Risk),< 1 Miliar,Di Bawah VWAP (Lemah),Akumulasi Pro (Smart Money),Gorengan Sepi (< 5M),Sepi (< 50%),Mark-Up (Fase Pesta),Normal,Normal,Turun 1 Hari Beruntun,TP: 44 | CL: 35,Open = High (Tekanan Jual),Menengah (1:1),Netral / Sideways,Netral / Sepi Berita,Normal / Sedang Transisi,Dekat Support Fibo 50.0%,4,WAIT & SEE,TIDAK ADA,2026-09-28 11:55:04,Biasa / Mengikuti Pasar
11:55,AMMN,Token Mati (Perlu Update),Big Cap (Lapis 1),Overvalued (Mahal),19.51789,58500.0,4670.0,4717,4270,5275,-1.059322033898305,22489300,Normal,51,Negatif,Downtrend,Bullish,Bearish MACD,Perfect Uptrend (5>20>50),Normal,Akumulasi (Naik),Normal,Dominan Jual (Guyur),Normal,Tinggi,Normal,Area Tengah,> 1 Miliar,Di Bawah VWAP (Lemah),Distribusi Pro (Guyuran),Sultan (> 50M/hari),Sepi (< 50%),Distribution (Fase Jualan),Spesialis Tiang Jemuran (Banting Pucuk),Normal,Turun 3 Hari Beruntun,TP: 4983 | CL: 4460,Normal,Ideal (1:2),Netral / Sideways,Netral / Sepi Berita,Normal / Sedang Transisi,Mendekati Fibo 38.2%,3,WAIT & SEE,TIDAK ADA,2026-09-28 11:55:04,Biasa / Mengikuti Pasar
11:55,CRSN,Transaksi Sepi (Skip Broksum),Small Cap (Lapis 3),Fair Value (Wajar),0.0,1.503722,121.0,133,116,171,-2.4193548387096775,470000,Normal,42,Negatif,Downtrend,Bearish,Bearish MACD,Konsolidasi / Transisi,Normal,Distribusi (Turun),Normal,Seimbang / Adu Mekanik,Normal,Tinggi,Normal,Area Tengah,< 1 Miliar,Di Bawah VWAP (Lemah),Distribusi Pro (Guyuran),Gorengan Sepi (< 5M),Sepi (< 50%),Distribution (Fase Jualan),Spesialis Tiang Jemuran (Banting Pucuk),Normal,Turun 5 Hari Beruntun,TP: 143 | CL: 105,Open = High (Tekanan Jual),Sangat Menarik (> 1:3),Oversold (Jenuh Jual - Peluang),Netral / Sepi Berita,Normal / Sedang Transisi,Mengambang (Jauh dari Fibo),0,WAIT & SEE,TIDAK ADA,2026-09-28 11:55:04,Biasa / Mengikuti Pasar
11:55,GRPM,Token Mati (Perlu Update),Small Cap (Lapis 3),Fair Value (Wajar),0.0,2.4783642,127.0,164,123,200,-6.61764705882353,9340300,Tembus MA20,25,Negatif,Downtrend,Bearish,Strong Bearish,Strong Downtrend (5<20<50),Normal,Distribusi (Turun),Gap Down (-8.1%),Dominan Jual (Guyur),Normal,Tinggi,Normal,Area Tengah,> 1 Miliar,Di Bawah VWAP (Lemah),Distribusi Pro (Guyuran),Gorengan Sepi (< 5M),Normal (50-150%),Mark-Down (Fase Runtuh),Normal,Normal,Turun 2 Hari Beruntun,TP: 145 | CL: 114,Normal,Sangat Menarik (> 1:3),Oversold (Jenuh Jual - Peluang),Netral / Sepi Berita,Normal / Sedang Transisi,Mendekati Fibo Bottom / 100%,1,WAIT & SEE,TIDAK ADA,2026-09-28 11:55:04,Biasa / Mengikuti Pasar
11:55,WIDI,Transaksi Sepi (Skip Broksum),Small Cap (Lapis 3),Fair Value (Wajar),0.0,1.018478,28.0,27,25,31,3.7037037037037033,14949100,Normal,54,Positif,Uptrend,Golden Cross,Bearish MACD,Perfect Uptrend (5>20>50),Normal,Akumulasi (Naik),Gap Down (-3.7%),Dominan Beli (Hajar Kanan),Normal,Sedang,Normal,Rawan Pucuk (High Risk),< 1 Miliar,Di Atas VWAP (Kuat),Akumulasi Pro (Smart Money),Gorengan Sepi (< 5M),Normal (50-150%),Mark-Up (Fase Pesta),Normal,Normal,Naik 1 Hari Beruntun,TP: 31 | CL: 25,Normal,Menengah (1:1),Netral / Sideways,Netral / Sepi Berita,Normal / Sedang Transisi,Mendekati Fibo 38.2%,6,WAIT & SEE,TIDAK ADA,2026-09-28 11:55:04,Biasa / Mengikuti Pasar
11:55,TGUK,Transaksi Sepi (Skip Broksum),Small Cap (Lapis 3),Overvalued (Mahal),0.0,4.5839376,98.0,90,62,123,-9.25925925925926,3449100,Normal,51,Negatif,Uptrend,Bullish,Strong Bullish,Awal Reversal (5>20),Normal,Distribusi (Turun),Gap Down (-9.3%),Tidak Ada Transaksi,Normal,Tinggi,Doji (Ragu-ragu),Rawan Pucuk (High Risk),< 1 Miliar,Di Bawah VWAP (Lemah),Akumulasi Pro (Smart Money),Gorengan Sepi (< 5M),Normal (50-150%),Accumulation (Kumpul Barang),Normal,Normal,Turun 2 Hari Beruntun,TP: 112 | CL: 88,Normal,Tidak Ideal (< 1:1),Netral / Sideways,Netral / Sepi Berita,Normal / Sedang Transisi,Mengambang (Jauh dari Fibo),4,WAIT & SEE,TIDAK ADA,2026-09-28 11:55:04,Biasa / Mengikuti Pasar
11:55,INET,Token Mati (Perlu Update),Mid Cap (Lapis 2),Overvalued (Mahal),73.0,6.518439,296.0,335,280,386,2.0689655172413794,187671500,Normal,44,Positif,Downtrend,Bearish,Bearish MACD,Konsolidasi / Transisi,Normal,Distribusi (Turun),Normal,Dominan Beli (Hajar Kanan),Bottom Rebound,Tinggi,Normal,Area Tengah,> 1 Miliar,Di Bawah VWAP (Lemah),Distribusi Pro (Guyuran),Sultan (> 50M/hari),Normal (50-150%),Distribution (Fase Jualan),Spesialis Tiang Jemuran (Banting Pucuk),Normal,Naik 1 Hari Beruntun,TP: 329 | CL: 274,Normal,Sangat Menarik (> 1:3),Oversold (Jenuh Jual - Peluang),Netral / Sepi Berita,Normal / Sedang Transisi,Mendekati Fibo 50.0%,2,WAIT & SEE,TIDAK ADA,2026-09-28 11:55:04,Biasa / Mengikuti Pasar
11:55,MAHA,Transaksi Sepi (Skip Broksum),Mid Cap (Lapis 2),Undervalued (Murah),6.1810155,1.2514302,140.0,145,135,168,0.0,6398100,Normal,39,Negatif,Downtrend,Bearish,Strong Bearish,Konsolidasi / Transisi,Normal,Distribusi (Turun),Normal,Dominan Beli (Hajar Kanan),Bottom Rebound,Sedang,Doji (Ragu-ragu),Area Tengah,< 1 Miliar,Di Bawah VWAP (Lemah),Distribusi Pro (Guyuran),Gorengan Sepi (< 5M),Sepi (< 50%),Distribution (Fase Jualan),Normal,Jarum Bawah (Sinyal Pantulan Kuat),Sideways / Stagnan,TP: 149 | CL: 133,Normal,Sangat Menarik (> 1:3),Oversold (Jenuh Jual - Peluang),Netral / Sepi Berita,Normal / Sedang Transisi,Mendekati Fibo 78.6%,1,WAIT & SEE,TIDAK ADA,2026-09-28 11:55:04,Biasa / Mengikuti Pasar
11:55,RMKO,Token Mati (Perlu Update),Small Cap (Lapis 3),Fair Value (Wajar),0.0,2.5227668,266.0,323,238,400,-4.316546762589928,4384400,Normal,30,Negatif,Downtrend,Bearish,Strong Bearish,Konsolidasi / Transisi,Normal,Distribusi (Turun),Normal,Seimbang / Adu Mekanik,Normal,Tinggi,Hammer (Potensi Reversal),Rawan Pucuk (High Risk),> 1 Miliar,Di Bawah VWAP (Lemah),Distribusi Pro (Guyuran),Gorengan Sepi (< 5M),Normal (50-150%),Distribution (Fase Jualan),Spesialis Tiang Jemuran (Banting Pucuk),Jarum Bawah (Sinyal Pantulan Kuat),Turun 3 Hari Beruntun,TP: 303 | CL: 240,Open = High (Tekanan Jual),Sangat Menarik (> 1:3),Oversold (Jenuh Jual - Peluang),Netral / Sepi Berita,Normal / Sedang Transisi,Mengambang (Jauh dari Fibo),0,WAIT & SEE,TIDAK ADA,2026-09-28 11:55:04,Biasa / Mengikuti Pasar
11:55,CNMA,Transaksi Sepi (Skip Broksum),Mid Cap (Lapis 2),Fair Value (Wajar),12.765957,2.005303,89.0,91,88,94,-1.1111111111111112,7463900,Normal,38,Negatif,Downtrend,Bearish,Strong Bearish,Strong Downtrend (5<20<50),Normal,Distribusi (Turun),Normal,Dominan Jual (Guyur),Squeeze,Rendah,Normal,Dekat Support (Low Risk),< 1 Miliar,Di Bawah VWAP (Lemah),Distribusi Pro (Guyuran),Gorengan Sepi (< 5M),Normal (50-150%),Mark-Down (Fase Runtuh),Solid (Jarang Dibanting),Normal,Turun 1 Hari Beruntun,TP: 92 | CL: 86,Open = High (Tekanan Jual),Sangat Menarik (> 1:3),Netral / Sideways,Netral / Sepi Berita,Normal / Sedang Transisi,Mendekati Fibo 78.6%,0,WAIT & SEE,TIDAK ADA,2026-09-28 11:55:04,Biasa / Mengikuti Pasar
11:55,FOLK,Token Mati (Perlu Update),Small Cap (Lapis 3),Overvalued (Mahal),0.0,6.07665,202.0,223,152,316,5.208333333333334,13452200,Normal,45,Positif,Downtrend,Death Cross,Bearish MACD,Konsolidasi / Transisi,Normal,Distribusi (Turun),Gap Down (-6.2%),Dominan Beli (Hajar Kanan),Normal,Tinggi,Normal,Rawan Pucuk (High Risk),> 1 Miliar,Di Bawah VWAP (Lemah),Distribusi Pro (Guyuran),Gorengan Sepi (< 5M),Sepi (< 50%),Distribution (Fase Jualan),Normal,Normal,Naik 1 Hari Beruntun,TP: 257 | CL: 164,Normal,Ideal (1:2),Golden Cross (Awal Bullish),Netral / Sepi Berita,Normal / Sedang Transisi,Mengambang (Jauh dari Fibo),2,WAIT & SEE,TIDAK ADA,2026-09-28 11:55:04,Biasa / Mengikuti Pasar
11:55,HBAT,Transaksi Sepi (Skip Broksum),Small Cap (Lapis 3),Overvalued (Mahal),0.0,4.42853,350.0,340,252,418,-2.7777777777777777,2045300,Normal,56,Negatif,Uptrend,Bullish,Bearish MACD,Perfect Uptrend (5>20>50),Normal,Akumulasi (Naik),Normal,Seimbang / Adu Mekanik,Normal,Tinggi,Normal,Rawan Pucuk (High Risk),< 1 Miliar,Di Bawah VWAP (Lemah),Akumulasi Pro (Smart Money),Gorengan Sepi (< 5M),Normal (50-150%),Mark-Up (Fase Pesta),Normal,Normal,Turun 3 Hari Beruntun,TP: 396 | CL: 319,Normal,Tidak Ideal (< 1:1),Netral / Sideways,Netral / Sepi Berita,Normal / Sedang Transisi,Mendekati Fibo 38.2%,4,WAIT & SEE,TIDAK ADA,2026-09-28 11:55:04,Biasa / Mengikuti Pasar
11:55,GRIA,Transaksi Sepi (Skip Broksum),Mid Cap (Lapis 2),Overvalued (Mahal),161.70213,2.8127832,152.0,169,149,195,-1.935483870967742,4108300,Normal,41,Negatif,Downtrend,Bullish,Bearish MACD,Perfect Uptrend (5>20>50),Normal,Distribusi (Turun),Normal,Seimbang / Adu Mekanik,Normal,Tinggi,Normal,Dekat Support (Low Risk),< 1 Miliar,Di Bawah VWAP (Lemah),Distribusi Pro (Guyuran),Gorengan Sepi (< 5M),Sepi (< 50%),Distribution (Fase Jualan),Spesialis Tiang Jemuran (Banting Pucuk),Normal,Turun 3 Hari Beruntun,TP: 168 | CL: 140,Open = High (Tekanan Jual),Sangat Menarik (> 1:3),Netral / Sideways,Netral / Sepi Berita,Normal / Sedang Transisi,Mengambang (Jauh dari Fibo),1,WAIT & SEE,TIDAK ADA,2026-09-28 11:55:04,Biasa / Mengikuti Pasar
11:55,PPRI,Transaksi Sepi (Skip Broksum),Small Cap (Lapis 3),Fair Value (Wajar),0.0,1.5567337,143.0,164,134,216,-2.7210884353741496,655900,Normal,40,Negatif,Downtrend,Bearish,Bearish MACD,Konsolidasi / Transisi,Normal,Distribusi (Turun),Normal,Dominan Jual (Guyur),Normal,Tinggi,Normal,Area Tengah,< 1 Miliar,Di Bawah VWAP (Lemah),Distribusi Pro (Guyuran),Gorengan Sepi (< 5M),Sepi (< 50%),Distribution (Fase Jualan),Spesialis Tiang Jemuran (Banting Pucuk),Normal,Turun 3 Hari Beruntun,TP: 165 | CL: 127,Normal,Sangat Menarik (> 1:3),Oversold (Jenuh Jual - Peluang),Netral / Sepi Berita,Normal / Sedang Transisi,Mengambang (Jauh dari Fibo),0,WAIT & SEE,TIDAK ADA,2026-09-28 11:55:04,Biasa / Mengikuti Pasar
11:55,ERAL,Token Mati (Perlu Update),Mid Cap (Lapis 2),Undervalued (Murah),9.347496,0.8823647,308.0,319,298,338,-1.282051282051282,4529700,Normal,46,Negatif,Downtrend,Bearish,Bearish MACD,Konsolidasi / Transisi,Normal,Distribusi (Turun),Normal,Seimbang / Adu Mekanik,Bottom Rebound,Sedang,Normal,Area Tengah,> 1 Miliar,Di Bawah VWAP (Lemah),Distribusi Pro (Guyuran),Gorengan Sepi (< 5M),Normal (50-150%),Distribution (Fase Jualan),Normal,Normal,Turun 2 Hari Beruntun,TP: 328 | CL: 294,Normal,Sangat Menarik (> 1:3),Netral / Sideways,Netral / Sepi Berita,Normal / Sedang Transisi,Dekat Support Fibo 38.2%,0,WAIT & SEE,TIDAK ADA,2026-09-28 11:55:04,Biasa / Mengikuti Pasar
11:55,CYBR,Token Mati (Perlu Update),Mid Cap (Lapis 2),Overvalued (Mahal),112.975395,21.888952,505.0,523,492,550,-2.8846153846153846,6243100,Normal,40,Negatif,Downtrend,Bearish,Bullish MACD,Strong Downtrend (5<20<50),Normal,Akumulasi (Naik),Normal,Seimbang / Adu Mekanik,Bottom Rebound,Sedang,Normal,Dekat Support (Low Risk),> 1 Miliar,Di Bawah VWAP (Lemah),Akumulasi Pro (Smart Money),Ritel Aktif (5M - 50M),Sepi (< 50%),Mark-Down (Fase Runtuh),Normal,Normal,Turun 1 Hari Beruntun,TP: 536 | CL: 483,Normal,Sangat Menarik (> 1:3),Golden Cross (Awal Bullish),Netral / Sepi Berita,Normal / Sedang Transisi,Mendekati Fibo Bottom / 100%,2,WAIT & SEE,TIDAK ADA,2026-09-28 11:55:04,Biasa / Mengikuti Pasar
11:55,MUTU,Token Mati (Perlu Update),Small Cap (Lapis 3),Fair Value (Wajar),0.0,1.5205724,120.0,127,113,155,0.0,8405600,Normal,45,Negatif,Downtrend,Death Cross,Bearish MACD,Konsolidasi / Transisi,Normal,Distribusi (Turun),Normal,Dominan Beli (Hajar Kanan),Normal,Tinggi,Doji (Ragu-ragu),Area Tengah,> 1 Miliar,Di Bawah VWAP (Lemah),Distribusi Pro (Guyuran),Gorengan Sepi (< 5M),Sepi (< 50%),Distribution (Fase Jualan),Normal,Jarum Bawah (Sinyal Pantulan Kuat),Sideways / Stagnan,TP: 138 | CL: 107,Normal,Sangat Menarik (> 1:3),Netral / Sideways,Netral / Sepi Berita,Normal / Sedang Transisi,Mendekati Fibo 78.6%,1,WAIT & SEE,TIDAK ADA,2026-09-28 11:55:04,Biasa / Mengikuti Pasar
11:55,LMAX,Transaksi Sepi (Skip Broksum),Small Cap (Lapis 3),Fair Value (Wajar),0.0,1.3322337,105.0,108,99,126,1.9417475728155338,428700,Normal,46,Positif,Downtrend,Bearish,Strong Bearish,Strong Downtrend (5<20<50),Normal,Distribusi (Turun),Normal,Dominan Beli (Hajar Kanan),Normal,Sedang,Normal,Area Tengah,< 1 Miliar,Di Bawah VWAP (Lemah),Distribusi Pro (Guyuran),Gorengan Sepi (< 5M),Normal (50-150%),Mark-Down (Fase Runtuh),Spesialis Tiang Jemuran (Banting Pucuk),Normal,Naik 1 Hari Beruntun,TP: 116 | CL: 97,Normal,Sangat Menarik (> 1:3),Golden Cross (Awal Bullish),Netral / Sepi Berita,Supply Kering (Siap Pump) 🏜️,Golden Rebound Fibo 38.2% 🎯,2,WAIT & SEE,TIDAK ADA,2026-09-28 11:55:04,Biasa / Mengikuti Pasar
11:55,HUMI,Token Mati (Perlu Update),Mid Cap (Lapis 2),Overvalued (Mahal),216.66666,14624.999,118.0,135,116,154,-1.6666666666666667,20477500,Normal,36,Negatif,Downtrend,Bearish,Strong Bearish,Strong Downtrend (5<20<50),Normal,Distribusi (Turun),Normal,Seimbang / Adu Mekanik,Bottom Rebound,Tinggi,Normal,Dekat Support (Low Risk),> 1 Miliar,Di Bawah VWAP (Lemah),Distribusi Pro (Guyuran),Gorengan Sepi (< 5M),Normal (50-150%),Mark-Down (Fase Runtuh),Solid (Jarang Dibanting),Normal,Turun 3 Hari Beruntun,TP: 130 | CL: 109,Normal,Sangat Menarik (> 1:3),Oversold (Jenuh Jual - Peluang),Netral / Sepi Berita,Normal / Sedang Transisi,Golden Rebound Fibo 78.6% 🎯,0,WAIT & SEE,TIDAK ADA,2026-09-28 11:55:04,Biasa / Mengikuti Pasar
11:55,MSIE,Transaksi Sepi (Skip Broksum),Small Cap (Lapis 3),Fair Value (Wajar),0.0,1.6586093,129.0,151,106,194,-9.79020979020979,1972800,Normal,44,Negatif,Downtrend,Bullish,Bearish MACD,Perfect Uptrend (5>20>50),Normal,Distribusi (Turun),Gap Down (-9.1%),Dominan Jual (Guyur),Normal,Tinggi,Normal,Rawan Pucuk (High Risk),< 1 Miliar,Di Bawah VWAP (Lemah),Distribusi Pro (Guyuran),Gorengan Sepi (< 5M),Sepi (< 50%),Distribution (Fase Jualan),Normal,Normal,Turun 5 Hari Beruntun,TP: 156 | CL: 110,Normal,Ideal (1:2),Netral / Sideways,Netral / Sepi Berita,Normal / Sedang Transisi,Mengambang (Jauh dari Fibo),1,WAIT & SEE,TIDAK ADA,2026-09-28 11:55:04,Biasa / Mengikuti Pasar
11:55,RSCH,Token Mati (Perlu Update),Mid Cap (Lapis 2),Overvalued (Mahal),0.0,9.676923,440.0,421,338,458,-1.7857142857142856,13051500,Normal,68,Negatif,Uptrend,Bullish,Bearish MACD,Perfect Uptrend (5>20>50),Normal,Akumulasi (Naik),Normal,Seimbang / Adu Mekanik,Normal,Tinggi,Normal,Rawan Pucuk (High Risk),> 1 Miliar,Di Bawah VWAP (Lemah),Akumulasi Pro (Smart Money),Ritel Aktif (5M - 50M),Normal (50-150%),Mark-Up (Fase Pesta),Solid (Jarang Dibanting),Normal,Turun 1 Hari Beruntun,TP: 463 | CL: 424,Open = High (Tekanan Jual),Tidak Ideal (< 1:1),Death Cross (Awal Bearish),Netral / Sepi Berita,Normal / Sedang Transisi,Mengambang (Jauh dari Fibo),4,WAIT & SEE,TIDAK ADA,2026-09-28 11:55:04,Biasa / Mengikuti Pasar
11:55,BABY,Transaksi Sepi (Skip Broksum),Small Cap (Lapis 3),Fair Value (Wajar),0.0,0.89977884,190.0,204,178,230,2.7027027027027026,1492400,Normal,40,Positif,Downtrend,Bearish,Strong Bearish,Konsolidasi / Transisi,Normal,Distribusi (Turun),Gap Down (-2.7%),Dominan Beli (Hajar Kanan),Bottom Rebound,Tinggi,Normal,Area Tengah,< 1 Miliar,Di Bawah VWAP (Lemah),Distribusi Pro (Guyuran),Gorengan Sepi (< 5M),Normal (50-150%),Distribution (Fase Jualan),Spesialis Tiang Jemuran (Banting Pucuk),Normal,Naik 1 Hari Beruntun,TP: 206 | CL: 178,Normal,Sangat Menarik (> 1:3),Golden Cross (Awal Bullish),Netral / Sepi Berita,Normal / Sedang Transisi,Mengambang (Jauh dari Fibo),2,WAIT & SEE,TIDAK ADA,2026-09-28 11:55:04,Biasa / Mengikuti Pasar
11:55,AEGS,Transaksi Sepi (Skip Broksum),Small Cap (Lapis 3),Fair Value (Wajar),0.0,0.667092,46.0,48,44,54,-2.127659574468085,1626500,Normal,45,Negatif,Downtrend,Bearish,Bearish MACD,Konsolidasi / Transisi,Normal,Distribusi (Turun),Normal,Seimbang / Adu Mekanik,Bottom Rebound,Sedang,Normal,Area Tengah,< 1 Miliar,Di Bawah VWAP (Lemah),Akumulasi Pro (Smart Money),Gorengan Sepi (< 5M),Sepi (< 50%),Distribution (Fase Jualan),Normal,Normal,Turun 3 Hari Beruntun,TP: 50 | CL: 42,Open = High (Tekanan Jual),Sangat Menarik (> 1:3),Netral / Sideways,Netral / Sepi Berita,Normal / Sedang Transisi,Mendekati Fibo 50.0%,0,WAIT & SEE,TIDAK ADA,2026-09-28 11:55:04,Biasa / Mengikuti Pasar
11:55,IOTF,Token Mati (Perlu Update),Small Cap (Lapis 3),Fair Value (Wajar),0.0,1.5856415,47.0,62,47,71,-14.545454545454545,50122100,Tembus MA20,29,Negatif,Downtrend,Bearish,Strong Bearish,Konsolidasi / Transisi,Normal,Distribusi (Turun),Gap Down (-3.6%),Dominan Jual (Guyur),Normal,Tinggi,Normal,Dekat Support (Low Risk),> 1 Miliar,Di Bawah VWAP (Lemah),Distribusi Pro (Guyuran),Gorengan Sepi (< 5M),Anomali Tinggi (150-300%),Distribution (Fase Jualan),Spesialis Tiang Jemuran (Banting Pucuk),Normal,Turun 2 Hari Beruntun,TP: 53 | CL: 42,Open = High (Tekanan Jual),Di Area Support,Oversold (Jenuh Jual - Peluang),Netral / Sepi Berita,Normal / Sedang Transisi,Golden Rebound Fibo Bottom / 100% 🎯,1,WAIT & SEE,TIDAK ADA,2026-09-28 11:55:04,Biasa / Mengikuti Pasar
11:55,KOCI,Transaksi Sepi (Skip Broksum),Small Cap (Lapis 3),Overvalued (Mahal),0.0,3.352947,102.0,115,100,145,0.0,5314000,Normal,38,Negatif,Downtrend,Bearish,Strong Bearish,Konsolidasi / Transisi,Normal,Distribusi (Turun),Normal,Seimbang / Adu Mekanik,Normal,Tinggi,Normal,Dekat Support (Low Risk),< 1 Miliar,Di Bawah VWAP (Lemah),Distribusi Pro (Guyuran),Gorengan Sepi (< 5M),Sepi (< 50%),Distribution (Fase Jualan),Spesialis Tiang Jemuran (Banting Pucuk),Normal,Sideways / Stagnan,TP: 118 | CL: 90,Normal,Sangat Menarik (> 1:3),Oversold (Jenuh Jual - Peluang),Netral / Sepi Berita,Normal / Sedang Transisi,Mengambang (Jauh dari Fibo),0,WAIT & SEE,TIDAK ADA,2026-09-28 11:55:04,Biasa / Mengikuti Pasar
11:55,PTPS,Transaksi Sepi (Skip Broksum),Small Cap (Lapis 3),Fair Value (Wajar),0.0,1.7744274,153.0,161,150,179,-0.6493506493506493,867800,Normal,44,Negatif,Downtrend,Bearish,Bearish MACD,Konsolidasi / Transisi,Normal,Distribusi (Turun),Normal,Seimbang / Adu Mekanik,Bottom Rebound,Sedang,Normal,Dekat Support (Low Risk),< 1 Miliar,Di Bawah VWAP (Lemah),Akumulasi Pro (Smart Money),Gorengan Sepi (< 5M),Sepi (< 50%),Distribution (Fase Jualan),Normal,Normal,Turun 2 Hari Beruntun,TP: 163 | CL: 146,Normal,Sangat Menarik (> 1:3),Netral / Sideways,Netral / Sepi Berita,Normal / Sedang Transisi,Dekat Support Fibo 38.2%,0,WAIT & SEE,TIDAK ADA,2026-09-28 11:55:04,Biasa / Mengikuti Pasar
11:55,BREN,Token Mati (Perlu Update),Big Cap (Lapis 1),Overvalued (Mahal),148.72798,608000.0,3030.0,3199,2950,3450,-0.6557377049180327,1851600,Normal,38,Negatif,Downtrend,Bearish,Strong Bearish,Strong Downtrend (5<20<50),Normal,Distribusi (Turun),Normal,Dominan Jual (Guyur),Normal,Tinggi,Normal,Dekat Support (Low Risk),> 1 Miliar,Di Bawah VWAP (Lemah),Distribusi Pro (Guyuran),Ritel Aktif (5M - 50M),Sepi (< 50%),Mark-Down (Fase Runtuh),Spesialis Tiang Jemuran (Banting Pucuk),Normal,Turun 3 Hari Beruntun,TP: 3204 | CL: 2913,Normal,Sangat Menarik (> 1:3),Netral / Sideways,Netral / Sepi Berita,Normal / Sedang Transisi,Mendekati Fibo Bottom / 100%,0,WAIT & SEE,TIDAK ADA,2026-09-28 11:55:04,Biasa / Mengikuti Pasar
11:55,STRK,Transaksi Sepi (Skip Broksum),Small Cap (Lapis 3),Overvalued (Mahal),0.0,4.407397,46.0,63,46,70,-13.20754716981132,8493900,Normal,23,Negatif,Downtrend,Bearish,Strong Bearish,Strong Downtrend (5<20<50),Normal,Distribusi (Turun),Gap Down (-13.2%),Dominan Jual (Guyur),Normal,Tinggi,Doji (Ragu-ragu),Dekat Support (Low Risk),< 1 Miliar,Di Bawah VWAP (Lemah),Distribusi Pro (Guyuran),Gorengan Sepi (< 5M),Sepi (< 50%),Mark-Down (Fase Runtuh),Spesialis Tiang Jemuran (Banting Pucuk),Normal,Turun 4 Hari Beruntun,TP: 53 | CL: 41,Normal,Di Area Support,Oversold (Jenuh Jual - Peluang),Netral / Sepi Berita,Normal / Sedang Transisi,Golden Rebound Fibo Bottom / 100% 🎯,0,WAIT & SEE,TIDAK ADA,2026-09-28 11:55:04,Biasa / Mengikuti Pasar
11:55,KOKA,Token Mati (Perlu Update),Small Cap (Lapis 3),Fair Value (Wajar),0.0,2.957601,152.0,182,138,220,-2.564102564102564,7552400,Normal,34,Negatif,Downtrend,Bearish,Strong Bearish,Strong Downtrend (5<20<50),Normal,Distribusi (Turun),Gap Down (-10.3%),Dominan Beli (Hajar Kanan),Normal,Tinggi,Normal,Rawan Pucuk (High Risk),> 1 Miliar,Di Bawah VWAP (Lemah),Distribusi Pro (Guyuran),Gorengan Sepi (< 5M),Normal (50-150%),Mark-Down (Fase Runtuh),Spesialis Tiang Jemuran (Banting Pucuk),Normal,Turun 2 Hari Beruntun,TP: 175 | CL: 136,Normal,Sangat Menarik (> 1:3),Oversold (Jenuh Jual - Peluang),Netral / Sepi Berita,Normal / Sedang Transisi,Mengambang (Jauh dari Fibo),1,WAIT & SEE,TIDAK ADA,2026-09-28 11:55:04,Biasa / Mengikuti Pasar
11:55,LOPI,Transaksi Sepi (Skip Broksum),Small Cap (Lapis 3),Fair Value (Wajar),0.0,1.1347876,62.0,64,54,81,6.896551724137931,15093100,Normal,44,Positif,Downtrend,Bearish,Strong Bearish,Strong Downtrend (5<20<50),Normal,Distribusi (Turun),Normal,Dominan Beli (Hajar Kanan),Normal,Tinggi,Normal,Rawan Pucuk (High Risk),< 1 Miliar,Di Atas VWAP (Kuat),Distribusi Pro (Guyuran),Gorengan Sepi (< 5M),Anomali Tinggi (150-300%),Mark-Down (Fase Runtuh),Solid (Jarang Dibanting),Normal,Naik 1 Hari Beruntun,TP: 69 | CL: 57,Normal,Ideal (1:2),Netral / Sideways,Netral / Sepi Berita,Normal / Sedang Transisi,Mengambang (Jauh dari Fibo),2,WAIT & SEE,TIDAK ADA,2026-09-28 11:55:04,Biasa / Mengikuti Pasar
11:55,RGAS,Token Mati (Perlu Update),Small Cap (Lapis 3),Fair Value (Wajar),0.0,1.253789,91.0,111,90,153,-4.2105263157894735,15550000,Normal,25,Negatif,Downtrend,Bearish,Bullish MACD,Strong Downtrend (5<20<50),Normal,Distribusi (Turun),Normal,Dominan Jual (Guyur),Bottom Rebound,Tinggi,Normal,Dekat Support (Low Risk),> 1 Miliar,Di Bawah VWAP (Lemah),Distribusi Pro (Guyuran),Gorengan Sepi (< 5M),Normal (50-150%),Mark-Down (Fase Runtuh),Normal,Normal,Turun 3 Hari Beruntun,TP: 101 | CL: 84,Open = High (Tekanan Jual),Sangat Menarik (> 1:3),Oversold (Jenuh Jual - Peluang),Netral / Sepi Berita,Normal / Sedang Transisi,Golden Rebound Fibo Bottom / 100% 🎯,1,WAIT & SEE,TIDAK ADA,2026-09-28 11:55:04,Biasa / Mengikuti Pasar
11:55,MSTI,Transaksi Sepi (Skip Broksum),Mid Cap (Lapis 2),Fair Value (Wajar),7.5702147,1.9464319,1345.0,1356,1335,1450,0.0,435800,Normal,49,Negatif,Downtrend,Death Cross,Bearish MACD,Konsolidasi / Transisi,Normal,Akumulasi (Naik),Normal,Seimbang / Adu Mekanik,Squeeze,Rendah,Doji (Ragu-ragu),Dekat Support (Low Risk),< 1 Miliar,Di Bawah VWAP (Lemah),Akumulasi Pro (Smart Money),Gorengan Sepi (< 5M),Normal (50-150%),Distribution (Fase Jualan),Normal,Jarum Bawah (Sinyal Pantulan Kuat),Sideways / Stagnan,TP: 1394 | CL: 1312,Normal,Sangat Menarik (> 1:3),Oversold (Jenuh Jual - Peluang),Netral / Sepi Berita,Supply Kering (Siap Pump) 🏜️,Golden Rebound Fibo 38.2% 🎯,1,WAIT & SEE,TIDAK ADA,2026-09-28 11:55:04,Biasa / Mengikuti Pasar
11:55,IKPM,Transaksi Sepi (Skip Broksum),Small Cap (Lapis 3),Fair Value (Wajar),0.0,1.3606477,179.0,184,171,208,-0.5555555555555556,99800,Normal,42,Negatif,Downtrend,Bearish,Strong Bearish,Strong Downtrend (5<20<50),Normal,Akumulasi (Naik),Normal,Dominan Jual (Guyur),Normal,Sedang,Normal,Area Tengah,< 1 Miliar,Persis di VWAP,Akumulasi Pro (Smart Money),Gorengan Sepi (< 5M),Normal (50-150%),Mark-Down (Fase Runtuh),Spesialis Tiang Jemuran (Banting Pucuk),Normal,Turun 2 Hari Beruntun,TP: 191 | CL: 170,Normal,Sangat Menarik (> 1:3),Netral / Sideways,Netral / Sepi Berita,Normal / Sedang Transisi,Mendekati Fibo Bottom / 100%,1,WAIT & SEE,TIDAK ADA,2026-09-28 11:55:04,Biasa / Mengikuti Pasar
11:55,AYAM,Token Mati (Perlu Update),Mid Cap (Lapis 2),Overvalued (Mahal),1230.0,9.306196,492.0,494,464,555,-1.6,2416600,Normal,54,Negatif,Downtrend,Bullish,Bearish MACD,Perfect Uptrend (5>20>50),Normal,Distribusi (Turun),Normal,Dominan Jual (Guyur),Normal,Sedang,Normal,Area Tengah,> 1 Miliar,Di Bawah VWAP (Lemah),Akumulasi Pro (Smart Money),Ritel Aktif (5M - 50M),Sepi (< 50%),Distribution (Fase Jualan),Normal,Normal,Turun 1 Hari Beruntun,TP: 522 | CL: 471,Normal,Ideal (1:2),Netral / Sideways,Netral / Sepi Berita,Normal / Sedang Transisi,Mendekati Fibo 38.2%,2,WAIT & SEE,TIDAK ADA,2026-09-28 11:55:04,Biasa / Mengikuti Pasar
11:55,SURI,Transaksi Sepi (Skip Broksum),Small Cap (Lapis 3),Overvalued (Mahal),520.0,1.4273428,79.0,83,70,95,-2.4691358024691357,3809600,Normal,39,Negatif,Downtrend,Death Cross,Bearish MACD,Konsolidasi / Transisi,Normal,Distribusi (Turun),Gap Down (-3.7%),Dominan Beli (Hajar Kanan),Normal,Sedang,Doji (Ragu-ragu),Rawan Pucuk (High Risk),< 1 Miliar,Di Bawah VWAP (Lemah),Akumulasi Pro (Smart Money),Gorengan Sepi (< 5M),Normal (50-150%),Distribution (Fase Jualan),Normal,Jarum Bawah (Sinyal Pantulan Kuat),Turun 2 Hari Beruntun,TP: 83 | CL: 76,Normal,Ideal (1:2),Netral / Sideways,Netral / Sepi Berita,Normal / Sedang Transisi,Mendekati Fibo 50.0%,1,WAIT & SEE,TIDAK ADA,2026-09-28 11:55:04,Biasa / Mengikuti Pasar
11:55,GRPH,Token Mati (Perlu Update),Small Cap (Lapis 3),Fair Value (Wajar),0.0,1.561746,125.0,128,92,150,0.0,21274300,Normal,58,Negatif,Downtrend,Bullish,Bearish MACD,Perfect Uptrend (5>20>50),Normal,Akumulasi (Naik),Gap Down (-10.4%),Seimbang / Adu Mekanik,Normal,Tinggi,Normal,Rawan Pucuk (High Risk),> 1 Miliar,Di Bawah VWAP (Lemah),Akumulasi Pro (Smart Money),Gorengan Sepi (< 5M),Ledakan Ekstrem (> 300%),Distribution (Fase Jualan),Normal,Normal,Sideways / Stagnan,TP: 135 | CL: 117,Open = Low (Bullish Kuat),Tidak Ideal (< 1:1),Golden Cross (Awal Bullish),Netral / Sepi Berita,Normal / Sedang Transisi,Mengambang (Jauh dari Fibo),3,WAIT & SEE,TIDAK ADA,2026-09-28 11:55:04,Biasa / Mengikuti Pasar
11:55,SMGA,Transaksi Sepi (Skip Broksum),Small Cap (Lapis 3),Fair Value (Wajar),0.0,1.6174273,79.0,86,74,95,-2.4691358024691357,3006400,Normal,38,Negatif,Downtrend,Bearish,Bearish MACD,Konsolidasi / Transisi,Normal,Distribusi (Turun),Gap Down (-2.5%),Seimbang / Adu Mekanik,Normal,Sedang,Doji (Ragu-ragu),Area Tengah,< 1 Miliar,Di Bawah VWAP (Lemah),Akumulasi Pro (Smart Money),Gorengan Sepi (< 5M),Normal (50-150%),Distribution (Fase Jualan),Spesialis Tiang Jemuran (Banting Pucuk),Jarum Bawah (Sinyal Pantulan Kuat),Turun 3 Hari Beruntun,TP: 85 | CL: 75,Normal,Sangat Menarik (> 1:3),Golden Cross (Awal Bullish),Netral / Sepi Berita,Normal / Sedang Transisi,Mendekati Fibo 50.0%,0,WAIT & SEE,TIDAK ADA,2026-09-28 11:55:04,Biasa / Mengikuti Pasar
11:55,UNTD,Transaksi Sepi (Skip Broksum),Small Cap (Lapis 3),Fair Value (Wajar),0.0,0.98835063,75.0,80,73,85,0.0,7678500,Normal,32,Negatif,Downtrend,Bearish,Strong Bearish,Strong Downtrend (5<20<50),Normal,Akumulasi (Naik),Normal,Seimbang / Adu Mekanik,Normal,Sedang,Normal,Dekat Support (Low Risk),< 1 Miliar,Di Bawah VWAP (Lemah),Akumulasi Pro (Smart Money),Gorengan Sepi (< 5M),Sepi (< 50%),Mark-Down (Fase Runtuh),Normal,Normal,Sideways / Stagnan,TP: 79 | CL: 71,Normal,Sangat Menarik (> 1:3),Netral / Sideways,Netral / Sepi Berita,Normal / Sedang Transisi,Mendekati Fibo 78.6%,1,WAIT & SEE,TIDAK ADA,2026-09-28 11:55:04,Biasa / Mengikuti Pasar
11:55,TOSK,Token Mati (Perlu Update),Small Cap (Lapis 3),Fair Value (Wajar),0.0,1.9840715,71.0,81,69,90,-11.25,31654200,Normal,35,Negatif,Downtrend,Death Cross,Bearish MACD,Konsolidasi / Transisi,Normal,Distribusi (Turun),Gap Down (-2.5%),Dominan Jual (Guyur),Normal,Tinggi,Normal,Dekat Support (Low Risk),> 1 Miliar,Di Bawah VWAP (Lemah),Distribusi Pro (Guyuran),Gorengan Sepi (< 5M),Normal (50-150%),Distribution (Fase Jualan),Spesialis Tiang Jemuran (Banting Pucuk),Normal,Turun 2 Hari Beruntun,TP: 78 | CL: 65,Open = High (Tekanan Jual),Sangat Menarik (> 1:3),Netral / Sideways,Netral / Sepi Berita,Normal / Sedang Transisi,Dekat Support Fibo 61.8% (Golden Ratio),0,WAIT & SEE,TIDAK ADA,2026-09-28 11:55:04,Biasa / Mengikuti Pasar
11:55,MPIX,Token Mati (Perlu Update),Small Cap (Lapis 3),Fair Value (Wajar),0.0,1.902996,194.0,156,106,228,6.593406593406594,13068000,Normal,68,Positif,Uptrend,Bullish,Strong Bullish,Perfect Uptrend (5>20>50),Normal,Akumulasi (Naik),Normal,Seimbang / Adu Mekanik,Normal,Tinggi,Normal,Rawan Pucuk (High Risk),> 1 Miliar,Persis di VWAP,Distribusi Pro (Guyuran),Gorengan Sepi (< 5M),Sepi (< 50%),Mark-Up (Fase Pesta),Spesialis Tiang Jemuran (Banting Pucuk),Normal,Naik 1 Hari Beruntun,TP: 233 | CL: 167,Open = Low (Bullish Kuat),Tidak Ideal (< 1:1),Netral / Sideways,Netral / Sepi Berita,Normal / Sedang Transisi,Mengambang (Jauh dari Fibo),6,WAIT & SEE,TIDAK ADA,2026-09-28 11:55:04,Biasa / Mengikuti Pasar
11:55,ALII,Transaksi Sepi (Skip Broksum),Big Cap (Lapis 1),Overvalued (Mahal),23.477623,4.7254443,640.0,749,585,810,-6.569343065693431,624100,Normal,25,Negatif,Downtrend,Bearish,Strong Bearish,Strong Downtrend (5<20<50),Normal,Distribusi (Turun),Normal,Seimbang / Adu Mekanik,Normal,Tinggi,Normal,Area Tengah,< 1 Miliar,Di Bawah VWAP (Lemah),Distribusi Pro (Guyuran),Gorengan Sepi (< 5M),Normal (50-150%),Mark-Down (Fase Runtuh),Normal,Normal,Turun 3 Hari Beruntun,TP: 696 | CL: 602,Normal,Sangat Menarik (> 1:3),Golden Cross (Awal Bullish),Netral / Sepi Berita,Normal / Sedang Transisi,Mengambang (Jauh dari Fibo),0,WAIT & SEE,TIDAK ADA,2026-09-28 11:55:04,Biasa / Mengikuti Pasar
11:55,MKAP,Token Mati (Perlu Update),Mid Cap (Lapis 2),Overvalued (Mahal),124.44444,10.708993,1120.0,1120,1100,1150,-0.4444444444444444,1688200,Tembus MA20,46,Negatif,Downtrend,Bearish,Bullish MACD,Strong Downtrend (5<20<50),Normal,Distribusi (Turun),Normal,Dominan Jual (Guyur),Squeeze,Rendah,Normal,Dekat Support (Low Risk),> 1 Miliar,Persis di VWAP,Distribusi Pro (Guyuran),Gorengan Sepi (< 5M),Normal (50-150%),Sideways,Spesialis Tiang Jemuran (Banting Pucuk),Normal,Turun 1 Hari Beruntun,TP: 1146 | CL: 1102,Normal,Ideal (1:2),Golden Cross (Awal Bullish),Netral / Sepi Berita,Normal / Sedang Transisi,Dekat Support Fibo Bottom / 100%,2,WAIT & SEE,TIDAK ADA,2026-09-28 11:55:04,Biasa / Mengikuti Pasar
11:55,MEJA,Token Mati (Perlu Update),Small Cap (Lapis 3),Overvalued (Mahal),0.0,4.5129204,157.0,118,105,157,9.79020979020979,40255200,Tembus MA20,77,Positif,Uptrend,Bullish,Strong Bullish,Perfect Uptrend (5>20>50),Normal,Akumulasi (Naik),Gap Up (+9.8%),Dominan Beli (Hajar Kanan),Breakout Upper,Tinggi,Doji (Ragu-ragu),Rawan Pucuk (High Risk),> 1 Miliar,Di Atas VWAP (Kuat),Akumulasi Pro (Smart Money),Ritel Aktif (5M - 50M),Normal (50-150%),Mark-Up (Fase Pesta),Normal,Jarum Bawah (Sinyal Pantulan Kuat),Naik 4 Hari Beruntun,TP: 168 | CL: 149,Normal,Tidak Ideal (< 1:1),Overbought (Jenuh Beli - Rawan),Netral / Sepi Berita,Normal / Sedang Transisi,Mengambang (Jauh dari Fibo),9,BELI,TIDAK ADA,2026-09-28 11:55:04,Biasa / Mengikuti Pasar
11:55,LIVE,Transaksi Sepi (Skip Broksum),Small Cap (Lapis 3),Fair Value (Wajar),0.0,2.1069336,154.0,181,151,220,-4.3478260869565215,2257800,Normal,20,Negatif,Downtrend,Bearish,Strong Bearish,Strong Downtrend (5<20<50),Normal,Distribusi (Turun),Normal,Seimbang / Adu Mekanik,Normal,Tinggi,Normal,Dekat Support (Low Risk),< 1 Miliar,Di Bawah VWAP (Lemah),Distribusi Pro (Guyuran),Gorengan Sepi (< 5M),Normal (50-150%),Mark-Down (Fase Runtuh),Spesialis Tiang Jemuran (Banting Pucuk),Normal,Turun 3 Hari Beruntun,TP: 168 | CL: 144,Open = High (Tekanan Jual),Sangat Menarik (> 1:3),Oversold (Jenuh Jual - Peluang),Netral / Sepi Berita,Normal / Sedang Transisi,Golden Rebound Fibo Bottom / 100% 🎯,0,WAIT & SEE,TIDAK ADA,2026-09-28 11:55:04,Biasa / Mengikuti Pasar
11:55,HYGN,Transaksi Sepi (Skip Broksum),Small Cap (Lapis 3),Fair Value (Wajar),0.0,2.6929314,181.0,185,177,199,0.5555555555555556,623200,Normal,50,Positif,Downtrend,Bearish,Bearish MACD,Konsolidasi / Transisi,Normal,Distribusi (Turun),Normal,Seimbang / Adu Mekanik,Normal,Sedang,Normal,Dekat Support (Low Risk),< 1 Miliar,Persis di VWAP,Distribusi Pro (Guyuran),Gorengan Sepi (< 5M),Sepi (< 50%),Distribution (Fase Jualan),Normal,Normal,Naik 1 Hari Beruntun,TP: 190 | CL: 174,Open = Low (Bullish Kuat),Sangat Menarik (> 1:3),Oversold (Jenuh Jual - Peluang),Netral / Sepi Berita,Normal / Sedang Transisi,Mendekati Fibo 38.2%,1,WAIT & SEE,TIDAK ADA,2026-09-28 11:55:04,Biasa / Mengikuti Pasar
11:55,BAIK,Token Mati (Perlu Update),Small Cap (Lapis 3),Fair Value (Wajar),0.0,1.9137019,232.0,256,228,308,-7.199999999999999,8282700,Normal,28,Negatif,Downtrend,Bullish,Bullish MACD,Awal Reversal (5>20),Normal,Akumulasi (Naik),Gap Down (-3.2%),Dominan Jual (Guyur),Normal,Tinggi,Normal,Dekat Support (Low Risk),> 1 Miliar,Di Bawah VWAP (Lemah),Distribusi Pro (Guyuran),Ritel Aktif (5M - 50M),Sepi (< 50%),Mark-Down (Fase Runtuh),Spesialis Tiang Jemuran (Banting Pucuk),Normal,Turun 2 Hari Beruntun,TP: 266 | CL: 208,Normal,Sangat Menarik (> 1:3),Netral / Sideways,Netral / Sepi Berita,Normal / Sedang Transisi,Dekat Support Fibo Bottom / 100%,3,WAIT & SEE,TIDAK ADA,2026-09-28 11:55:04,Biasa / Mengikuti Pasar
11:55,VISI,Token Mati (Perlu Update),Mid Cap (Lapis 2),Overvalued (Mahal),0.0,22.882114,1330.0,1125,940,1470,-4.316546762589928,1907700,Normal,71,Negatif,Uptrend,Bullish,Strong Bullish,Perfect Uptrend (5>20>50),Normal,Akumulasi (Naik),Normal,Dominan Jual (Guyur),Normal,Tinggi,Normal,Rawan Pucuk (High Risk),> 1 Miliar,Persis di VWAP,Akumulasi Pro (Smart Money),Gorengan Sepi (< 5M),Sepi (< 50%),Mark-Up (Fase Pesta),Spesialis Tiang Jemuran (Banting Pucuk),Normal,Turun 1 Hari Beruntun,TP: 1485 | CL: 1226,Normal,Tidak Ideal (< 1:1),Death Cross (Awal Bearish),Netral / Sepi Berita,Normal / Sedang Transisi,Dekat Support Fibo 23.6%,5,WAIT & SEE,TIDAK ADA,2026-09-28 11:55:04,Biasa / Mengikuti Pasar
11:55,AREA,Transaksi Sepi (Skip Broksum),Small Cap (Lapis 3),Overvalued (Mahal),0.0,3.3277524,320.0,327,292,360,1.910828025477707,1656800,Normal,52,Positif,Downtrend,Bearish,Bearish MACD,Konsolidasi / Transisi,Normal,Distribusi (Turun),Normal,Dominan Beli (Hajar Kanan),Normal,Sedang,Doji (Ragu-ragu),Area Tengah,< 1 Miliar,Persis di VWAP,Distribusi Pro (Guyuran),Gorengan Sepi (< 5M),Normal (50-150%),Distribution (Fase Jualan),Spesialis Tiang Jemuran (Banting Pucuk),Jarum Bawah (Sinyal Pantulan Kuat),Naik 1 Hari Beruntun,TP: 356 | CL: 295,Normal,Menengah (1:1),Golden Cross (Awal Bullish),Netral / Sepi Berita,Normal / Sedang Transisi,Mengambang (Jauh dari Fibo),3,WAIT & SEE,TIDAK ADA,2026-09-28 11:55:04,Biasa / Mengikuti Pasar
11:55,MHKI,Transaksi Sepi (Skip Broksum),Small Cap (Lapis 3),Fair Value (Wajar),17.549168,0.89241064,116.0,134,115,154,-4.132231404958678,1154600,Normal,27,Negatif,Downtrend,Bearish,Strong Bearish,Strong Downtrend (5<20<50),Normal,Distribusi (Turun),Normal,Dominan Jual (Guyur),Bottom Rebound,Tinggi,Normal,Dekat Support (Low Risk),< 1 Miliar,Di Bawah VWAP (Lemah),Distribusi Pro (Guyuran),Gorengan Sepi (< 5M),Normal (50-150%),Mark-Down (Fase Runtuh),Spesialis Tiang Jemuran (Banting Pucuk),Normal,Turun 2 Hari Beruntun,TP: 125 | CL: 109,Open = High (Tekanan Jual),Sangat Menarik (> 1:3),Oversold (Jenuh Jual - Peluang),Netral / Sepi Berita,Normal / Sedang Transisi,Mengambang (Jauh dari Fibo),0,WAIT & SEE,TIDAK ADA,2026-09-28 11:55:04,Biasa / Mengikuti Pasar
11:55,ATLA,Transaksi Sepi (Skip Broksum),Small Cap (Lapis 3),Overvalued (Mahal),143.33333,1.6022059,43.0,49,43,50,-14.000000000000002,1470500,Tembus MA20,0,Negatif,Downtrend,Death Cross,Strong Bearish,Strong Downtrend (5<20<50),Normal,Distribusi (Turun),Gap Down (-14.0%),Tidak Ada Transaksi,Normal,Sedang,Doji (Ragu-ragu),Dekat Support (Low Risk),< 1 Miliar,Di Bawah VWAP (Lemah),Netral,Gorengan Sepi (< 5M),Ledakan Ekstrem (> 300%),Mark-Down (Fase Runtuh),Solid (Jarang Dibanting),Normal,Turun 1 Hari Beruntun,TP: 43 | CL: 42,Normal,Di Area Support,Oversold (Jenuh Jual - Peluang),Netral / Sepi Berita,Normal / Sedang Transisi,Golden Rebound Fibo Bottom / 100% 🎯,1,WAIT & SEE,TIDAK ADA,2026-09-28 11:55:04,Biasa / Mengikuti Pasar
11:55,DATA,Transaksi Sepi (Skip Broksum),Mid Cap (Lapis 2),Overvalued (Mahal),17.119566,5.2260475,1575.0,1732,1555,1965,-1.5625,390600,Normal,27,Negatif,Downtrend,Bearish,Strong Bearish,Strong Downtrend (5<20<50),Normal,Distribusi (Turun),Normal,Seimbang / Adu Mekanik,Normal,Tinggi,Normal,Dekat Support (Low Risk),< 1 Miliar,Di Bawah VWAP (Lemah),Distribusi Pro (Guyuran),Gorengan Sepi (< 5M),Sepi (< 50%),Mark-Down (Fase Runtuh),Spesialis Tiang Jemuran (Banting Pucuk),Normal,Turun 2 Hari Beruntun,TP: 1690 | CL: 1497,Open = High (Tekanan Jual),Sangat Menarik (> 1:3),Oversold (Jenuh Jual - Peluang),Netral / Sepi Berita,Normal / Sedang Transisi,Golden Rebound Fibo Bottom / 100% 🎯,0,WAIT & SEE,TIDAK ADA,2026-09-28 11:55:04,Biasa / Mengikuti Pasar
11:55,SOLA,Transaksi Sepi (Skip Broksum),Small Cap (Lapis 3),Fair Value (Wajar),0.0,1.2457825,71.0,88,65,97,-2.73972602739726,5111300,Normal,19,Negatif,Downtrend,Bearish,Strong Bearish,Strong Downtrend (5<20<50),Normal,Distribusi (Turun),Normal,Seimbang / Adu Mekanik,Normal,Tinggi,Doji (Ragu-ragu),Area Tengah,< 1 Miliar,Di Bawah VWAP (Lemah),Distribusi Pro (Guyuran),Gorengan Sepi (< 5M),Normal (50-150%),Mark-Down (Fase Runtuh),Spesialis Tiang Jemuran (Banting Pucuk),Normal,Turun 3 Hari Beruntun,TP: 78 | CL: 66,Normal,Sangat Menarik (> 1:3),Golden Cross (Awal Bullish),Netral / Sepi Berita,Normal / Sedang Transisi,Mengambang (Jauh dari Fibo),0,WAIT & SEE,TIDAK ADA,2026-09-28 11:55:04,Biasa / Mengikuti Pasar
11:55,BATR,Transaksi Sepi (Skip Broksum),Small Cap (Lapis 3),Fair Value (Wajar),0.0,1.6815729,91.0,92,85,99,1.1111111111111112,371400,Normal,47,Positif,Downtrend,Bearish,Strong Bearish,Strong Downtrend (5<20<50),Normal,Distribusi (Turun),Normal,Dominan Beli (Hajar Kanan),Squeeze,Rendah,Doji (Ragu-ragu),Area Tengah,< 1 Miliar,Di Bawah VWAP (Lemah),Distribusi Pro (Guyuran),Gorengan Sepi (< 5M),Sepi (< 50%),Mark-Down (Fase Runtuh),Normal,Jarum Bawah (Sinyal Pantulan Kuat),Naik 1 Hari Beruntun,TP: 97 | CL: 86,Normal,Menengah (1:1),Netral / Sideways,Netral / Sepi Berita,Normal / Sedang Transisi,Mendekati Fibo 61.8% (Golden Ratio),2,WAIT & SEE,TIDAK ADA,2026-09-28 11:55:04,Biasa / Mengikuti Pasar
11:55,SPRE,Transaksi Sepi (Skip Broksum),Small Cap (Lapis 3),Fair Value (Wajar),0.0,1.5021014,94.0,95,84,108,4.444444444444445,2720500,Normal,50,Positif,Downtrend,Bearish,Bearish MACD,Konsolidasi / Transisi,Normal,Distribusi (Turun),Normal,Dominan Beli (Hajar Kanan),Normal,Tinggi,Normal,Rawan Pucuk (High Risk),< 1 Miliar,Di Atas VWAP (Kuat),Akumulasi Pro (Smart Money),Gorengan Sepi (< 5M),Normal (50-150%),Distribution (Fase Jualan),Normal,Normal,Naik 1 Hari Beruntun,TP: 108 | CL: 84,Normal,Menengah (1:1),Golden Cross (Awal Bullish),Netral / Sepi Berita,Normal / Sedang Transisi,Dekat Support Fibo 38.2%,2,WAIT & SEE,TIDAK ADA,2026-09-28 11:55:04,Biasa / Mengikuti Pasar
11:55,PART,Token Mati (Perlu Update),Small Cap (Lapis 3),Fair Value (Wajar),0.0,1.622258,113.0,108,94,123,0.8928571428571428,13420600,Normal,56,Positif,Uptrend,Bullish,Strong Bullish,Perfect Uptrend (5>20>50),Normal,Akumulasi (Naik),Normal,Seimbang / Adu Mekanik,Normal,Tinggi,Normal,Rawan Pucuk (High Risk),> 1 Miliar,Persis di VWAP,Akumulasi Pro (Smart Money),Ritel Aktif (5M - 50M),Sepi (< 50%),Mark-Up (Fase Pesta),Spesialis Tiang Jemuran (Banting Pucuk),Normal,Naik 1 Hari Beruntun,TP: 126 | CL: 104,Normal,Tidak Ideal (< 1:1),Death Cross (Awal Bearish),Netral / Sepi Berita,Normal / Sedang Transisi,Dekat Support Fibo 38.2%,6,WAIT & SEE,TIDAK ADA,2026-09-28 11:55:04,Biasa / Mengikuti Pasar
11:55,GOLF,Transaksi Sepi (Skip Broksum),Mid Cap (Lapis 2),Overvalued (Mahal),60.80586,0.40332574,166.0,170,158,189,-3.488372093023256,1186900,Normal,44,Negatif,Downtrend,Bullish,Bearish MACD,Perfect Uptrend (5>20>50),Normal,Distribusi (Turun),Normal,Seimbang / Adu Mekanik,Normal,Tinggi,Normal,Area Tengah,< 1 Miliar,Di Bawah VWAP (Lemah),Akumulasi Pro (Smart Money),Gorengan Sepi (< 5M),Sepi (< 50%),Distribution (Fase Jualan),Normal,Normal,Turun 2 Hari Beruntun,TP: 183 | CL: 154,Open = High (Tekanan Jual),Ideal (1:2),Netral / Sideways,Netral / Sepi Berita,Normal / Sedang Transisi,Mendekati Fibo 78.6%,1,WAIT & SEE,TIDAK ADA,2026-09-28 11:55:04,Biasa / Mengikuti Pasar
11:55,ISEA,Transaksi Sepi (Skip Broksum),Small Cap (Lapis 3),Fair Value (Wajar),0.0,0.55694795,76.0,86,72,94,-1.2987012987012987,1982600,Normal,30,Negatif,Downtrend,Bearish,Strong Bearish,Konsolidasi / Transisi,Normal,Distribusi (Turun),Normal,Seimbang / Adu Mekanik,Normal,Tinggi,Normal,Area Tengah,< 1 Miliar,Di Bawah VWAP (Lemah),Distribusi Pro (Guyuran),Gorengan Sepi (< 5M),Sepi (< 50%),Distribution (Fase Jualan),Spesialis Tiang Jemuran (Banting Pucuk),Normal,Turun 4 Hari Beruntun,TP: 84 | CL: 70,Normal,Sangat Menarik (> 1:3),Netral / Sideways,Netral / Sepi Berita,Normal / Sedang Transisi,Dekat Support Fibo 61.8% (Golden Ratio),0,WAIT & SEE,TIDAK ADA,2026-09-28 11:55:04,Biasa / Mengikuti Pasar
11:55,BLES,Token Mati (Perlu Update),Mid Cap (Lapis 2),Undervalued (Murah),7.61563,1.3577973,192.0,197,175,220,2.6737967914438503,7848000,Normal,46,Positif,Downtrend,Bearish,Strong Bearish,Konsolidasi / Transisi,Normal,Distribusi (Turun),Normal,Dominan Beli (Hajar Kanan),Normal,Sedang,Marubozu (Strong Bullish),Area Tengah,> 1 Miliar,Persis di VWAP,Akumulasi Pro (Smart Money),Gorengan Sepi (< 5M),Normal (50-150%),Distribution (Fase Jualan),Spesialis Tiang Jemuran (Banting Pucuk),Normal,Naik 1 Hari Beruntun,TP: 206 | CL: 182,Open = Low (Bullish Kuat),Ideal (1:2),Golden Cross (Awal Bullish),Netral / Sepi Berita,Normal / Sedang Transisi,Mendekati Fibo 50.0%,2,WAIT & SEE,TIDAK ADA,2026-09-28 11:55:04,Biasa / Mengikuti Pasar
11:55,GUNA,Transaksi Sepi (Skip Broksum),Small Cap (Lapis 3),Fair Value (Wajar),0.0,0.9199632,224.0,220,212,240,1.8181818181818181,46000,Normal,72,Positif,Uptrend,Bullish,Bearish MACD,Perfect Uptrend (5>20>50),Normal,Akumulasi (Naik),Normal,Seimbang / Adu Mekanik,Squeeze,Rendah,Normal,Area Tengah,< 1 Miliar,Persis di VWAP,Distribusi Pro (Guyuran),Gorengan Sepi (< 5M),Sepi (< 50%),Mark-Up (Fase Pesta),Normal,Normal,Naik 1 Hari Beruntun,TP: 236 | CL: 215,Open = Low (Bullish Kuat),Menengah (1:1),Golden Cross (Awal Bullish),Netral / Sepi Berita,Normal / Sedang Transisi,Mendekati Fibo 23.6%,5,WAIT & SEE,TIDAK ADA,2026-09-28 11:55:04,Biasa / Mengikuti Pasar
11:55,LABS,Transaksi Sepi (Skip Broksum),Small Cap (Lapis 3),Overvalued (Mahal),0.0,3.705384,147.0,170,145,218,-2.6490066225165565,947800,Normal,37,Negatif,Downtrend,Bearish,Strong Bearish,Konsolidasi / Transisi,Normal,Distribusi (Turun),Normal,Seimbang / Adu Mekanik,Normal,Tinggi,Normal,Dekat Support (Low Risk),< 1 Miliar,Di Bawah VWAP (Lemah),Distribusi Pro (Guyuran),Gorengan Sepi (< 5M),Sepi (< 50%),Distribution (Fase Jualan),Normal,Normal,Turun 2 Hari Beruntun,TP: 159 | CL: 138,Open = High (Tekanan Jual),Sangat Menarik (> 1:3),Oversold (Jenuh Jual - Peluang),Netral / Sepi Berita,Normal / Sedang Transisi,Mengambang (Jauh dari Fibo),0,WAIT & SEE,TIDAK ADA,2026-09-28 11:55:04,Biasa / Mengikuti Pasar
11:55,DOSS,Transaksi Sepi (Skip Broksum),Small Cap (Lapis 3),Fair Value (Wajar),0.0,1.2855511,162.0,170,161,192,-5.263157894736842,1521200,Normal,44,Negatif,Downtrend,Bullish,Bearish MACD,Perfect Uptrend (5>20>50),Normal,Distribusi (Turun),Normal,Dominan Jual (Guyur),Normal,Sedang,Normal,Dekat Support (Low Risk),< 1 Miliar,Di Bawah VWAP (Lemah),Akumulasi Pro (Smart Money),Gorengan Sepi (< 5M),Sepi (< 50%),Distribution (Fase Jualan),Spesialis Tiang Jemuran (Banting Pucuk),Normal,Turun 2 Hari Beruntun,TP: 176 | CL: 152,Open = High (Tekanan Jual),Sangat Menarik (> 1:3),Netral / Sideways,Netral / Sepi Berita,Normal / Sedang Transisi,Dekat Support Fibo 50.0%,1,WAIT & SEE,TIDAK ADA,2026-09-28 11:55:04,Biasa / Mengikuti Pasar
11:55,NEST,Token Mati (Perlu Update),Small Cap (Lapis 3),Overvalued (Mahal),127.303185,8.222439,760.0,744,705,785,-0.6535947712418301,2096400,Normal,59,Negatif,Uptrend,Bullish,Strong Bullish,Perfect Uptrend (5>20>50),Normal,Distribusi (Turun),Normal,Seimbang / Adu Mekanik,Normal,Sedang,Doji (Ragu-ragu),Area Tengah,> 1 Miliar,Persis di VWAP,Akumulasi Pro (Smart Money),Gorengan Sepi (< 5M),Sepi (< 50%),Mark-Up (Fase Pesta),Normal,Jarum Bawah (Sinyal Pantulan Kuat),Turun 1 Hari Beruntun,TP: 798 | CL: 734,Normal,Tidak Ideal (< 1:1),Death Cross (Awal Bearish),Netral / Sepi Berita,Normal / Sedang Transisi,Mendekati Fibo 23.6%,4,WAIT & SEE,TIDAK ADA,2026-09-28 11:55:04,Biasa / Mengikuti Pasar
11:55,VERN,Transaksi Sepi (Skip Broksum),Mid Cap (Lapis 2),Fair Value (Wajar),0.0,2.0521867,228.0,234,218,258,-0.8695652173913043,3571900,Normal,49,Negatif,Downtrend,Bearish,Bearish MACD,Konsolidasi / Transisi,Normal,Distribusi (Turun),Normal,Seimbang / Adu Mekanik,Normal,Sedang,Normal,Area Tengah,< 1 Miliar,Di Bawah VWAP (Lemah),Akumulasi Pro (Smart Money),Gorengan Sepi (< 5M),Sepi (< 50%),Distribution (Fase Jualan),Normal,Normal,Turun 1 Hari Beruntun,TP: 245 | CL: 216,Open = High (Tekanan Jual),Sangat Menarik (> 1:3),Netral / Sideways,Netral / Sepi Berita,Normal / Sedang Transisi,Dekat Support Fibo 23.6%,0,WAIT & SEE,TIDAK ADA,2026-09-28 11:55:04,Biasa / Mengikuti Pasar
11:55,DAAZ,Transaksi Sepi (Skip Broksum),Mid Cap (Lapis 2),Fair Value (Wajar),13.144443,2.1411443,1800.0,1666,1540,1935,0.5586592178770949,375800,Normal,65,Positif,Uptrend,Golden Cross,Strong Bullish,Perfect Uptrend (5>20>50),Normal,Akumulasi (Naik),Normal,Seimbang / Adu Mekanik,Breakout Upper,Sedang,Doji (Ragu-ragu),Rawan Pucuk (High Risk),< 1 Miliar,Di Atas VWAP (Kuat),Akumulasi Pro (Smart Money),Gorengan Sepi (< 5M),Normal (50-150%),Mark-Up (Fase Pesta),Normal,Jarum Bawah (Sinyal Pantulan Kuat),Naik 3 Hari Beruntun,TP: 1962 | CL: 1691,Normal,Tidak Ideal (< 1:1),Netral / Sideways,Netral / Sepi Berita,Normal / Sedang Transisi,Mendekati Fibo 38.2%,6,WAIT & SEE,TIDAK ADA,2026-09-28 11:55:04,Biasa / Mengikuti Pasar
11:55,BOAT,Transaksi Sepi (Skip Broksum),Small Cap (Lapis 3),Overvalued (Mahal),0.0,17857.143,125.0,138,123,150,-9.420289855072465,3936400,Normal,31,Negatif,Downtrend,Bearish,Strong Bearish,Konsolidasi / Transisi,Normal,Akumulasi (Naik),Normal,Dominan Jual (Guyur),Normal,Sedang,Normal,Dekat Support (Low Risk),< 1 Miliar,Di Bawah VWAP (Lemah),Distribusi Pro (Guyuran),Gorengan Sepi (< 5M),Normal (50-150%),Distribution (Fase Jualan),Spesialis Tiang Jemuran (Banting Pucuk),Normal,Turun 2 Hari Beruntun,TP: 135 | CL: 118,Open = High (Tekanan Jual),Sangat Menarik (> 1:3),Netral / Sideways,Netral / Sepi Berita,Normal / Sedang Transisi,Mendekati Fibo 61.8% (Golden Ratio),1,WAIT & SEE,TIDAK ADA,2026-09-28 11:55:04,Biasa / Mengikuti Pasar
11:55,NAIK,Transaksi Sepi (Skip Broksum),Small Cap (Lapis 3),Undervalued (Murah),9.555555,1.3433092,87.0,92,85,101,1.1627906976744187,2666900,Normal,40,Positif,Downtrend,Bearish,Strong Bearish,Konsolidasi / Transisi,Normal,Akumulasi (Naik),Gap Up (+2.3%),Seimbang / Adu Mekanik,Bottom Rebound,Sedang,Normal,Dekat Support (Low Risk),< 1 Miliar,Di Bawah VWAP (Lemah),Distribusi Pro (Guyuran),Gorengan Sepi (< 5M),Sepi (< 50%),Distribution (Fase Jualan),Spesialis Tiang Jemuran (Banting Pucuk),Normal,Naik 1 Hari Beruntun,TP: 93 | CL: 82,Open = High (Tekanan Jual),Sangat Menarik (> 1:3),Oversold (Jenuh Jual - Peluang),Netral / Sepi Berita,Supply Banjir (Distribusi) 🌊,Mendekati Fibo 78.6%,3,WAIT & SEE,TIDAK ADA,2026-09-28 11:55:04,Biasa / Mengikuti Pasar
11:55,AADI,Token Mati (Perlu Update),Big Cap (Lapis 1),Overvalued (Mahal),6.3395514,25433.84,11750.0,11688,10450,12925,4.444444444444445,4771300,Normal,60,Positif,Uptrend,Bearish,Bearish MACD,Konsolidasi / Transisi,Normal,Akumulasi (Naik),Normal,Dominan Beli (Hajar Kanan),Normal,Tinggi,Normal,Rawan Pucuk (High Risk),> 1 Miliar,Di Atas VWAP (Kuat),Distribusi Pro (Guyuran),Sultan (> 50M/hari),Normal (50-150%),Mark-Up (Fase Pesta),Spesialis Tiang Jemuran (Banting Pucuk),Normal,Naik 2 Hari Beruntun,TP: 12433 | CL: 11294,Normal,Tidak Ideal (< 1:1),Golden Cross (Awal Bullish),Netral / Sepi Berita,Normal / Sedang Transisi,Dekat Support Fibo 23.6%,5,WAIT & SEE,TIDAK ADA,2026-09-28 11:55:04,Biasa / Mengikuti Pasar
11:55,MDIY,Transaksi Sepi (Skip Broksum),Big Cap (Lapis 1),Overvalued (Mahal),19.843784,5.4892755,940.0,950,910,980,-1.5706806282722512,178300,Normal,47,Negatif,Downtrend,Bullish,Bearish MACD,Perfect Uptrend (5>20>50),Normal,Distribusi (Turun),Normal,Seimbang / Adu Mekanik,Squeeze,Rendah,Normal,Area Tengah,< 1 Miliar,Di Bawah VWAP (Lemah),Akumulasi Pro (Smart Money),Gorengan Sepi (< 5M),Sepi (< 50%),Distribution (Fase Jualan),Normal,Normal,Turun 1 Hari Beruntun,TP: 980 | CL: 912,Normal,Menengah (1:1),Netral / Sideways,Netral / Sepi Berita,Normal / Sedang Transisi,Dekat Support Fibo 50.0%,1,WAIT & SEE,TIDAK ADA,2026-09-28 11:55:04,Biasa / Mengikuti Pasar
11:55,KSIX,Transaksi Sepi (Skip Broksum),Small Cap (Lapis 3),Fair Value (Wajar),0.0,0.6519336,384.0,408,378,438,-3.0303030303030303,37100,Normal,39,Negatif,Downtrend,Bearish,Bearish MACD,Konsolidasi / Transisi,Normal,Distribusi (Turun),Normal,Dominan Jual (Guyur),Squeeze,Rendah,Normal,Dekat Support (Low Risk),< 1 Miliar,Di Bawah VWAP (Lemah),Distribusi Pro (Guyuran),Gorengan Sepi (< 5M),Sepi (< 50%),Distribution (Fase Jualan),Normal,Normal,Turun 2 Hari Beruntun,TP: 402 | CL: 371,Open = High (Tekanan Jual),Sangat Menarik (> 1:3),Netral / Sideways,Netral / Sepi Berita,Normal / Sedang Transisi,Dekat Support Fibo 50.0%,0,WAIT & SEE,TIDAK ADA,2026-09-28 11:55:04,Biasa / Mengikuti Pasar
11:55,RATU,Token Mati (Perlu Update),Big Cap (Lapis 1),Overvalued (Mahal),27.174282,190000.0,4000.0,4351,3990,4850,0.2506265664160401,1228700,Normal,33,Positif,Downtrend,Bearish,Strong Bearish,Strong Downtrend (5<20<50),Normal,Distribusi (Turun),Normal,Dominan Jual (Guyur),Bottom Rebound,Tinggi,Normal,Dekat Support (Low Risk),> 1 Miliar,Di Bawah VWAP (Lemah),Distribusi Pro (Guyuran),Ritel Aktif (5M - 50M),Sepi (< 50%),Mark-Down (Fase Runtuh),Spesialis Tiang Jemuran (Banting Pucuk),Normal,Naik 1 Hari Beruntun,TP: 4243 | CL: 3837,Normal,Sangat Menarik (> 1:3),Oversold (Jenuh Jual - Peluang),Netral / Sepi Berita,Normal / Sedang Transisi,Golden Rebound Fibo Bottom / 100% 🎯,1,WAIT & SEE,TIDAK ADA,2026-09-28 11:55:04,Biasa / Mengikuti Pasar
11:55,YOII,Transaksi Sepi (Skip Broksum),Small Cap (Lapis 3),Fair Value (Wajar),0.0,1.1720215,75.0,81,72,93,1.3513513513513513,5749200,Normal,35,Positif,Downtrend,Bearish,Strong Bearish,Strong Downtrend (5<20<50),Normal,Distribusi (Turun),Gap Up (+4.1%),Seimbang / Adu Mekanik,Normal,Sedang,Normal,Area Tengah,< 1 Miliar,Di Bawah VWAP (Lemah),Distribusi Pro (Guyuran),Gorengan Sepi (< 5M),Sepi (< 50%),Mark-Down (Fase Runtuh),Normal,Normal,Naik 1 Hari Beruntun,TP: 81 | CL: 70,Normal,Sangat Menarik (> 1:3),Oversold (Jenuh Jual - Peluang),Netral / Sepi Berita,Normal / Sedang Transisi,Mendekati Fibo Bottom / 100%,2,WAIT & SEE,TIDAK ADA,2026-09-28 11:55:04,Biasa / Mengikuti Pasar
11:55,HGII,Transaksi Sepi (Skip Broksum),Small Cap (Lapis 3),Fair Value (Wajar),0.0,1.1950822,139.0,140,135,147,0.0,205500,Normal,53,Negatif,Downtrend,Death Cross,Bearish MACD,Konsolidasi / Transisi,Normal,Distribusi (Turun),Normal,Seimbang / Adu Mekanik,Squeeze,Rendah,Doji (Ragu-ragu),Dekat Support (Low Risk),< 1 Miliar,Persis di VWAP,Distribusi Pro (Guyuran),Gorengan Sepi (< 5M),Sepi (< 50%),Distribution (Fase Jualan),Normal,Normal,Sideways / Stagnan,TP: 147 | CL: 133,Normal,Ideal (1:2),Netral / Sideways,Netral / Sepi Berita,Normal / Sedang Transisi,Dekat Support Fibo 61.8% (Golden Ratio),1,WAIT & SEE,TIDAK ADA,2026-09-28 11:55:04,Biasa / Mengikuti Pasar
11:55,BRRC,Transaksi Sepi (Skip Broksum),Small Cap (Lapis 3),Fair Value (Wajar),0.0,0.5807876,50.0,70,50,78,-13.793103448275861,13588800,Normal,23,Negatif,Downtrend,Bearish,Strong Bearish,Konsolidasi / Transisi,Normal,Distribusi (Turun),Gap Down (-8.6%),Dominan Jual (Guyur),Normal,Tinggi,Normal,Dekat Support (Low Risk),< 1 Miliar,Di Bawah VWAP (Lemah),Distribusi Pro (Guyuran),Gorengan Sepi (< 5M),Normal (50-150%),Distribution (Fase Jualan),Spesialis Tiang Jemuran (Banting Pucuk),Normal,Turun 3 Hari Beruntun,TP: 57 | CL: 44,Open = High (Tekanan Jual),Di Area Support,Oversold (Jenuh Jual - Peluang),Netral / Sepi Berita,Normal / Sedang Transisi,Golden Rebound Fibo Bottom / 100% 🎯,0,WAIT & SEE,TIDAK ADA,2026-09-28 11:55:04,Biasa / Mengikuti Pasar
11:55,DGWG,Token Mati (Perlu Update),Mid Cap (Lapis 2),Fair Value (Wajar),6.911541,1.6754568,318.0,332,314,364,0.0,5205100,Normal,41,Negatif,Downtrend,Bearish,Strong Bearish,Konsolidasi / Transisi,Normal,Distribusi (Turun),Normal,Seimbang / Adu Mekanik,Normal,Sedang,Doji (Ragu-ragu),Dekat Support (Low Risk),> 1 Miliar,Persis di VWAP,Akumulasi Pro (Smart Money),Gorengan Sepi (< 5M),Normal (50-150%),Distribution (Fase Jualan),Solid (Jarang Dibanting),Normal,Sideways / Stagnan,TP: 330 | CL: 309,Normal,Sangat Menarik (> 1:3),Oversold (Jenuh Jual - Peluang),Netral / Sepi Berita,Normal / Sedang Transisi,Mendekati Fibo 61.8% (Golden Ratio),0,WAIT & SEE,TIDAK ADA,2026-09-28 11:55:04,Biasa / Mengikuti Pasar
11:55,CBDK,Token Mati (Perlu Update),Big Cap (Lapis 1),Fair Value (Wajar),7.718984,1.8425481,3460.0,3793,3430,4230,-2.535211267605634,1046500,Normal,34,Negatif,Downtrend,Bearish,Strong Bearish,Konsolidasi / Transisi,Normal,Distribusi (Turun),Normal,Dominan Jual (Guyur),Bottom Rebound,Tinggi,Normal,Dekat Support (Low Risk),> 1 Miliar,Di Bawah VWAP (Lemah),Distribusi Pro (Guyuran),Ritel Aktif (5M - 50M),Normal (50-150%),Distribution (Fase Jualan),Spesialis Tiang Jemuran (Banting Pucuk),Normal,Turun 3 Hari Beruntun,TP: 3664 | CL: 3323,Open = High (Tekanan Jual),Sangat Menarik (> 1:3),Oversold (Jenuh Jual - Peluang),Netral / Sepi Berita,Normal / Sedang Transisi,Golden Rebound Fibo 78.6% 🎯,0,WAIT & SEE,TIDAK ADA,2026-09-28 11:55:04,Biasa / Mengikuti Pasar
11:55,OBAT,Transaksi Sepi (Skip Broksum),Small Cap (Lapis 3),Fair Value (Wajar),0.0,1.0708231,220.0,239,218,280,-3.508771929824561,188300,Normal,34,Negatif,Downtrend,Bearish,Strong Bearish,Strong Downtrend (5<20<50),Normal,Distribusi (Turun),Normal,Dominan Jual (Guyur),Normal,Sedang,Normal,Dekat Support (Low Risk),< 1 Miliar,Di Bawah VWAP (Lemah),Distribusi Pro (Guyuran),Gorengan Sepi (< 5M),Sepi (< 50%),Mark-Down (Fase Runtuh),Spesialis Tiang Jemuran (Banting Pucuk),Normal,Turun 3 Hari Beruntun,TP: 240 | CL: 206,Normal,Sangat Menarik (> 1:3),Oversold (Jenuh Jual - Peluang),Netral / Sepi Berita,Normal / Sedang Transisi,Golden Rebound Fibo Bottom / 100% 🎯,0,WAIT & SEE,TIDAK ADA,2026-09-28 11:55:04,Biasa / Mengikuti Pasar
11:55,MINE,Transaksi Sepi (Skip Broksum),Mid Cap (Lapis 2),Undervalued (Murah),6.235349,1.1141875,266.0,284,238,320,-2.9197080291970803,603900,Normal,45,Negatif,Downtrend,Death Cross,Bearish MACD,Konsolidasi / Transisi,Normal,Distribusi (Turun),Normal,Seimbang / Adu Mekanik,Normal,Tinggi,Normal,Rawan Pucuk (High Risk),< 1 Miliar,Di Bawah VWAP (Lemah),Distribusi Pro (Guyuran),Gorengan Sepi (< 5M),Sepi (< 50%),Distribution (Fase Jualan),Normal,Jarum Bawah (Sinyal Pantulan Kuat),Turun 3 Hari Beruntun,TP: 296 | CL: 245,Normal,Ideal (1:2),Netral / Sideways,Netral / Sepi Berita,Normal / Sedang Transisi,Golden Rebound Fibo 50.0% 🎯,0,WAIT & SEE,TIDAK ADA,2026-09-28 11:55:04,Biasa / Mengikuti Pasar
11:55,ASPR,Token Mati (Perlu Update),Small Cap (Lapis 3),Fair Value (Wajar),0.0,1.8819137,124.0,142,123,158,0.8130081300813009,13406600,Normal,36,Positif,Downtrend,Bearish,Strong Bearish,Strong Downtrend (5<20<50),Normal,Akumulasi (Naik),Normal,Dominan Jual (Guyur),Normal,Tinggi,Doji (Ragu-ragu),Dekat Support (Low Risk),> 1 Miliar,Di Bawah VWAP (Lemah),Distribusi Pro (Guyuran),Gorengan Sepi (< 5M),Normal (50-150%),Mark-Down (Fase Runtuh),Normal,Normal,Naik 1 Hari Beruntun,TP: 138 | CL: 114,Normal,Sangat Menarik (> 1:3),Oversold (Jenuh Jual - Peluang),Netral / Sepi Berita,Normal / Sedang Transisi,Golden Rebound Fibo Bottom / 100% 🎯,2,WAIT & SEE,TIDAK ADA,2026-09-28 11:55:04,Biasa / Mengikuti Pasar
11:55,PSAT,Transaksi Sepi (Skip Broksum),Mid Cap (Lapis 2),Fair Value (Wajar),0.0,0.93030643,820.0,871,810,925,-3.5294117647058822,41600,Normal,29,Negatif,Downtrend,Bearish,Strong Bearish,Strong Downtrend (5<20<50),Normal,Akumulasi (Naik),Normal,Dominan Jual (Guyur),Normal,Sedang,Normal,Dekat Support (Low Risk),< 1 Miliar,Di Bawah VWAP (Lemah),Distribusi Pro (Guyuran),Gorengan Sepi (< 5M),Sepi (< 50%),Mark-Down (Fase Runtuh),Spesialis Tiang Jemuran (Banting Pucuk),Normal,Turun 1 Hari Beruntun,TP: 876 | CL: 782,Open = High (Tekanan Jual),Sangat Menarik (> 1:3),Netral / Sideways,Netral / Sepi Berita,Normal / Sedang Transisi,Mendekati Fibo 78.6%,1,WAIT & SEE,TIDAK ADA,2026-09-28 11:55:04,Biasa / Mengikuti Pasar
11:55,COIN,Token Mati (Perlu Update),Big Cap (Lapis 1),Overvalued (Mahal),0.0,7.39573,765.0,801,655,940,-5.555555555555555,23088900,Normal,47,Negatif,Downtrend,Bullish,Bearish MACD,Perfect Uptrend (5>20>50),Normal,Distribusi (Turun),Normal,Dominan Jual (Guyur),Normal,Tinggi,Normal,Rawan Pucuk (High Risk),> 1 Miliar,Di Bawah VWAP (Lemah),Distribusi Pro (Guyuran),Sultan (> 50M/hari),Sepi (< 50%),Distribution (Fase Jualan),Normal,Normal,Turun 2 Hari Beruntun,TP: 861 | CL: 700,Normal,Ideal (1:2),Netral / Sideways,Netral / Sepi Berita,Normal / Sedang Transisi,Mengambang (Jauh dari Fibo),1,WAIT & SEE,TIDAK ADA,2026-09-28 11:55:04,Biasa / Mengikuti Pasar
11:55,CDIA,Token Mati (Perlu Update),Big Cap (Lapis 1),Overvalued (Mahal),57.42574,72500.0,585.0,661,575,750,-3.3057851239669422,45133900,Normal,31,Negatif,Downtrend,Bearish,Strong Bearish,Strong Downtrend (5<20<50),Normal,Distribusi (Turun),Normal,Seimbang / Adu Mekanik,Bottom Rebound,Tinggi,Normal,Dekat Support (Low Risk),> 1 Miliar,Di Bawah VWAP (Lemah),Distribusi Pro (Guyuran),Ritel Aktif (5M - 50M),Normal (50-150%),Mark-Down (Fase Runtuh),Spesialis Tiang Jemuran (Banting Pucuk),Normal,Turun 1 Hari Beruntun,TP: 627 | CL: 556,Open = High (Tekanan Jual),Sangat Menarik (> 1:3),Oversold (Jenuh Jual - Peluang),Netral / Sepi Berita,Normal / Sedang Transisi,Mengambang (Jauh dari Fibo),0,WAIT & SEE,TIDAK ADA,2026-09-28 11:55:04,Biasa / Mengikuti Pasar
11:55,BLOG,Transaksi Sepi (Skip Broksum),Mid Cap (Lapis 2),Fair Value (Wajar),8.019713,1.9290143,358.0,368,356,386,0.0,97400,Normal,39,Negatif,Downtrend,Bearish,Strong Bearish,Strong Downtrend (5<20<50),Normal,Akumulasi (Naik),Normal,Seimbang / Adu Mekanik,Bottom Rebound,Sedang,Doji (Ragu-ragu),Dekat Support (Low Risk),< 1 Miliar,Di Bawah VWAP (Lemah),Distribusi Pro (Guyuran),Gorengan Sepi (< 5M),Sepi (< 50%),Mark-Down (Fase Runtuh),Normal,Normal,Sideways / Stagnan,TP: 370 | CL: 349,Normal,Sangat Menarik (> 1:3),Oversold (Jenuh Jual - Peluang),Netral / Sepi Berita,Supply Kering (Siap Pump) 🏜️,Golden Rebound Fibo 61.8% (Golden Ratio) 🎯,1,WAIT & SEE,TIDAK ADA,2026-09-28 11:55:04,Biasa / Mengikuti Pasar
11:55,MERI,Transaksi Sepi (Skip Broksum),Small Cap (Lapis 3),Fair Value (Wajar),0.0,2.415969,103.0,118,99,132,-3.7383177570093453,1680400,Normal,27,Negatif,Downtrend,Bearish,Strong Bearish,Konsolidasi / Transisi,Normal,Distribusi (Turun),Normal,Seimbang / Adu Mekanik,Normal,Tinggi,Normal,Area Tengah,< 1 Miliar,Di Bawah VWAP (Lemah),Distribusi Pro (Guyuran),Gorengan Sepi (< 5M),Sepi (< 50%),Distribution (Fase Jualan),Spesialis Tiang Jemuran (Banting Pucuk),Normal,Turun 3 Hari Beruntun,TP: 111 | CL: 97,Open = High (Tekanan Jual),Sangat Menarik (> 1:3),Oversold (Jenuh Jual - Peluang),Netral / Sepi Berita,Normal / Sedang Transisi,Golden Rebound Fibo 78.6% 🎯,0,WAIT & SEE,TIDAK ADA,2026-09-28 11:55:04,Biasa / Mengikuti Pasar
11:55,KAQI,Token Mati (Perlu Update),Small Cap (Lapis 3),Fair Value (Wajar),0.0,1.3936604,86.0,95,83,109,-2.272727272727273,14554800,Normal,34,Negatif,Downtrend,Bearish,Strong Bearish,Konsolidasi / Transisi,Normal,Distribusi (Turun),Gap Up (+2.3%),Dominan Jual (Guyur),Normal,Tinggi,Normal,Area Tengah,> 1 Miliar,Di Bawah VWAP (Lemah),Akumulasi Pro (Smart Money),Gorengan Sepi (< 5M),Sepi (< 50%),Distribution (Fase Jualan),Normal,Normal,Turun 4 Hari Beruntun,TP: 94 | CL: 80,Open = High (Tekanan Jual),Sangat Menarik (> 1:3),Oversold (Jenuh Jual - Peluang),Netral / Sepi Berita,Normal / Sedang Transisi,Mendekati Fibo 78.6%,1,WAIT & SEE,TIDAK ADA,2026-09-28 11:55:04,Biasa / Mengikuti Pasar
11:55,YUPI,Transaksi Sepi (Skip Broksum),Big Cap (Lapis 1),Overvalued (Mahal),17.116255,6.1380424,1250.0,1305,1250,1420,-1.574803149606299,9400,Normal,36,Negatif,Downtrend,Bearish,Strong Bearish,Strong Downtrend (5<20<50),Normal,Distribusi (Turun),Normal,Dominan Jual (Guyur),Bottom Rebound,Sedang,Normal,Dekat Support (Low Risk),< 1 Miliar,Di Bawah VWAP (Lemah),Distribusi Pro (Guyuran),Gorengan Sepi (< 5M),Sepi (< 50%),Mark-Down (Fase Runtuh),Spesialis Tiang Jemuran (Banting Pucuk),Normal,Turun 1 Hari Beruntun,TP: 1307 | CL: 1211,Open = High (Tekanan Jual),Di Area Support,Oversold (Jenuh Jual - Peluang),Netral / Sepi Berita,Supply Kering (Siap Pump) 🏜️,Mengambang (Jauh dari Fibo),0,WAIT & SEE,TIDAK ADA,2026-09-28 11:55:04,Biasa / Mengikuti Pasar
11:55,FORE,Token Mati (Perlu Update),Mid Cap (Lapis 2),Overvalued (Mahal),67.94872,9.611199,795.0,800,730,845,1.9230769230769231,1414400,Normal,51,Positif,Downtrend,Golden Cross,Bearish MACD,Perfect Uptrend (5>20>50),Normal,Akumulasi (Naik),Normal,Dominan Beli (Hajar Kanan),Squeeze,Rendah,Normal,Area Tengah,> 1 Miliar,Di Bawah VWAP (Lemah),Distribusi Pro (Guyuran),Gorengan Sepi (< 5M),Sepi (< 50%),Distribution (Fase Jualan),Normal,Normal,Naik 1 Hari Beruntun,TP: 838 | CL: 765,Normal,Tidak Ideal (< 1:1),Netral / Sideways,Netral / Sepi Berita,Normal / Sedang Transisi,Mendekati Fibo 38.2%,5,WAIT & SEE,TIDAK ADA,2026-09-28 11:55:04,Biasa / Mengikuti Pasar
11:55,MDLA,Transaksi Sepi (Skip Broksum),Mid Cap (Lapis 2),Undervalued (Murah),6.9340587,0.9296221,204.0,207,202,226,-0.9708737864077669,459400,Normal,41,Negatif,Downtrend,Bearish,Strong Bearish,Strong Downtrend (5<20<50),Normal,Distribusi (Turun),Normal,Seimbang / Adu Mekanik,Squeeze,Rendah,Normal,Dekat Support (Low Risk),< 1 Miliar,Persis di VWAP,Akumulasi Pro (Smart Money),Gorengan Sepi (< 5M),Sepi (< 50%),Mark-Down (Fase Runtuh),Normal,Normal,Turun 2 Hari Beruntun,TP: 211 | CL: 199,Open = Low (Bullish Kuat),Sangat Menarik (> 1:3),Netral / Sideways,Netral / Sepi Berita,Supply Kering (Siap Pump) 🏜️,Golden Rebound Fibo 78.6% 🎯,0,WAIT & SEE,TIDAK ADA,2026-09-28 11:55:04,Biasa / Mengikuti Pasar
11:55,DKHH,Transaksi Sepi (Skip Broksum),Small Cap (Lapis 3),Fair Value (Wajar),0.0,0.8694287,72.0,70,65,84,1.4084507042253522,12501900,Normal,61,Positif,Uptrend,Bearish,Bearish MACD,Konsolidasi / Transisi,Normal,Akumulasi (Naik),Gap Up (+2.8%),Seimbang / Adu Mekanik,Normal,Sedang,Normal,Rawan Pucuk (High Risk),< 1 Miliar,Persis di VWAP,Distribusi Pro (Guyuran),Gorengan Sepi (< 5M),Normal (50-150%),Mark-Up (Fase Pesta),Spesialis Tiang Jemuran (Banting Pucuk),Normal,Naik 2 Hari Beruntun,TP: 77 | CL: 68,Normal,Ideal (1:2),Netral / Sideways,Netral / Sepi Berita,Normal / Sedang Transisi,Dekat Support Fibo 50.0%,5,WAIT & SEE,TIDAK ADA,2026-09-28 11:55:04,Biasa / Mengikuti Pasar
11:55,AYLS,Token Mati (Perlu Update),Small Cap (Lapis 3),Overvalued (Mahal),0.0,5.818721,222.0,170,135,238,7.766990291262135,26648900,Tembus MA20,74,Positif,Uptrend,Bullish,Strong Bullish,Perfect Uptrend (5>20>50),Normal,Akumulasi (Naik),Normal,Dominan Beli (Hajar Kanan),Breakout Upper,Tinggi,Normal,Rawan Pucuk (High Risk),> 1 Miliar,Di Atas VWAP (Kuat),Distribusi Pro (Guyuran),Ritel Aktif (5M - 50M),Normal (50-150%),Mark-Up (Fase Pesta),Spesialis Tiang Jemuran (Banting Pucuk),Normal,Naik 5 Hari Beruntun,TP: 260 | CL: 196,Normal,Tidak Ideal (< 1:1),Netral / Sideways,Netral / Sepi Berita,Normal / Sedang Transisi,Mengambang (Jauh dari Fibo),8,BELI,TIDAK ADA,2026-09-28 11:55:04,Biasa / Mengikuti Pasar
11:55,DADA,Transaksi Sepi (Skip Broksum),Small Cap (Lapis 3),Undervalued (Murah),12.855007,0.8802457,43.0,49,43,50,-14.000000000000002,1593300,Tembus MA20,0,Negatif,Downtrend,Death Cross,Strong Bearish,Strong Downtrend (5<20<50),Normal,Distribusi (Turun),Gap Down (-14.0%),Tidak Ada Transaksi,Normal,Sedang,Doji (Ragu-ragu),Dekat Support (Low Risk),< 1 Miliar,Di Bawah VWAP (Lemah),Netral,Gorengan Sepi (< 5M),Ledakan Ekstrem (> 300%),Mark-Down (Fase Runtuh),Solid (Jarang Dibanting),Normal,Turun 1 Hari Beruntun,TP: 43 | CL: 42,Normal,Di Area Support,Oversold (Jenuh Jual - Peluang),Netral / Sepi Berita,Normal / Sedang Transisi,Golden Rebound Fibo Bottom / 100% 🎯,1,WAIT & SEE,TIDAK ADA,2026-09-28 11:55:04,Biasa / Mengikuti Pasar
11:55,ASPI,Transaksi Sepi (Skip Broksum),Small Cap (Lapis 3),Overvalued (Mahal),0.0,8.583208,610.0,554,374,805,-6.153846153846154,1074400,Normal,57,Negatif,Uptrend,Bullish,Strong Bullish,Perfect Uptrend (5>20>50),Normal,Distribusi (Turun),Gap Down (-2.3%),Seimbang / Adu Mekanik,Normal,Tinggi,Normal,Rawan Pucuk (High Risk),< 1 Miliar,Di Bawah VWAP (Lemah),Distribusi Pro (Guyuran),Gorengan Sepi (< 5M),Sepi (< 50%),Mark-Up (Fase Pesta),Spesialis Tiang Jemuran (Banting Pucuk),Normal,Turun 2 Hari Beruntun,TP: 743 | CL: 521,Normal,Tidak Ideal (< 1:1),Netral / Sideways,Netral / Sepi Berita,Normal / Sedang Transisi,Dekat Support Fibo 38.2%,4,WAIT & SEE,TIDAK ADA,2026-09-28 11:55:04,Biasa / Mengikuti Pasar
11:55,ESTA,Transaksi Sepi (Skip Broksum),Small Cap (Lapis 3),Fair Value (Wajar),0.0,1.9112047,139.0,172,135,222,-9.740259740259742,1400700,Normal,25,Negatif,Downtrend,Bearish,Strong Bearish,Strong Downtrend (5<20<50),Normal,Distribusi (Turun),Gap Down (-2.6%),Dominan Jual (Guyur),Normal,Tinggi,Normal,Dekat Support (Low Risk),< 1 Miliar,Di Bawah VWAP (Lemah),Distribusi Pro (Guyuran),Gorengan Sepi (< 5M),Sepi (< 50%),Mark-Down (Fase Runtuh),Spesialis Tiang Jemuran (Banting Pucuk),Normal,Turun 5 Hari Beruntun,TP: 163 | CL: 122,Open = High (Tekanan Jual),Sangat Menarik (> 1:3),Oversold (Jenuh Jual - Peluang),Netral / Sepi Berita,Normal / Sedang Transisi,Mendekati Fibo Bottom / 100%,0,WAIT & SEE,TIDAK ADA,2026-09-28 11:55:04,Biasa / Mengikuti Pasar
11:55,BESS,Transaksi Sepi (Skip Broksum),Mid Cap (Lapis 2),Overvalued (Mahal),246.91357,4.304014,800.0,891,735,995,-3.614457831325301,10900,Normal,32,Negatif,Downtrend,Bearish,Strong Bearish,Strong Downtrend (5<20<50),Normal,Distribusi (Turun),Normal,Dominan Jual (Guyur),Normal,Tinggi,Normal,Area Tengah,< 1 Miliar,Di Bawah VWAP (Lemah),Akumulasi Pro (Smart Money),Gorengan Sepi (< 5M),Sepi (< 50%),Mark-Down (Fase Runtuh),Spesialis Tiang Jemuran (Banting Pucuk),Normal,Turun 1 Hari Beruntun,TP: 879 | CL: 746,Open = High (Tekanan Jual),Sangat Menarik (> 1:3),Netral / Sideways,Netral / Sepi Berita,Normal / Sedang Transisi,Dekat Support Fibo 78.6%,0,WAIT & SEE,TIDAK ADA,2026-09-28 11:55:04,Biasa / Mengikuti Pasar
11:55,AMAN,Transaksi Sepi (Skip Broksum),Small Cap (Lapis 3),Fair Value (Wajar),16.209476,0.8888727,195.0,222,190,246,-5.339805825242718,748100,Tembus MA20,18,Negatif,Downtrend,Bearish,Strong Bearish,Strong Downtrend (5<20<50),Normal,Distribusi (Turun),Normal,Dominan Jual (Guyur),Normal,Tinggi,Normal,Dekat Support (Low Risk),< 1 Miliar,Di Bawah VWAP (Lemah),Distribusi Pro (Guyuran),Gorengan Sepi (< 5M),Anomali Tinggi (150-300%),Mark-Down (Fase Runtuh),Spesialis Tiang Jemuran (Banting Pucuk),Normal,Turun 2 Hari Beruntun,TP: 210 | CL: 184,Normal,Sangat Menarik (> 1:3),Oversold (Jenuh Jual - Peluang),Netral / Sepi Berita,Normal / Sedang Transisi,Mendekati Fibo Bottom / 100%,1,WAIT & SEE,TIDAK ADA,2026-09-28 11:55:04,Biasa / Mengikuti Pasar
11:55,CARE,Transaksi Sepi (Skip Broksum),Big Cap (Lapis 1),Overvalued (Mahal),1905.2632,3.9798589,356.0,408,356,498,-5.82010582010582,599700,Normal,18,Negatif,Downtrend,Bearish,Strong Bearish,Strong Downtrend (5<20<50),Normal,Distribusi (Turun),Normal,Dominan Jual (Guyur),Bottom Rebound,Tinggi,Normal,Dekat Support (Low Risk),< 1 Miliar,Di Bawah VWAP (Lemah),Akumulasi Pro (Smart Money),Sultan (> 50M/hari),Sepi (< 50%),Mark-Down (Fase Runtuh),Normal,Normal,Turun 6 Hari Beruntun,TP: 384 | CL: 337,Open = High (Tekanan Jual),Di Area Support,Oversold (Jenuh Jual - Peluang),Netral / Sepi Berita,Supply Banjir (Distribusi) 🌊,Golden Rebound Fibo Bottom / 100% 🎯,0,WAIT & SEE,TIDAK ADA,2026-09-28 11:55:04,Biasa / Mengikuti Pasar
11:55,PIPA,Token Mati (Perlu Update),Small Cap (Lapis 3),Overvalued (Mahal),0.0,7.7912374,146.0,186,128,236,3.546099290780142,58210900,Normal,40,Positif,Downtrend,Bearish,Strong Bearish,Konsolidasi / Transisi,Normal,Distribusi (Turun),Gap Down (-9.2%),Seimbang / Adu Mekanik,Normal,Tinggi,Normal,Rawan Pucuk (High Risk),> 1 Miliar,Di Bawah VWAP (Lemah),Distribusi Pro (Guyuran),Ritel Aktif (5M - 50M),Normal (50-150%),Distribution (Fase Jualan),Normal,Normal,Naik 1 Hari Beruntun,TP: 173 | CL: 127,Open = Low (Bullish Kuat),Sangat Menarik (> 1:3),Oversold (Jenuh Jual - Peluang),Netral / Sepi Berita,Normal / Sedang Transisi,Mengambang (Jauh dari Fibo),1,WAIT & SEE,TIDAK ADA,2026-09-28 11:55:04,Biasa / Mengikuti Pasar
11:55,NCKL,Token Mati (Perlu Update),Big Cap (Lapis 1),Undervalued (Murah),5.3178916,1.2921362,900.0,937,885,1015,-0.5524861878453038,14168500,Normal,44,Negatif,Downtrend,Bearish,Strong Bearish,Konsolidasi / Transisi,Normal,Distribusi (Turun),Normal,Seimbang / Adu Mekanik,Bottom Rebound,Sedang,Normal,Dekat Support (Low Risk),> 1 Miliar,Di Bawah VWAP (Lemah),Distribusi Pro (Guyuran),Ritel Aktif (5M - 50M),Sepi (< 50%),Distribution (Fase Jualan),Normal,Jarum Bawah (Sinyal Pantulan Kuat),Turun 3 Hari Beruntun,TP: 953 | CL: 864,Normal,Sangat Menarik (> 1:3),Oversold (Jenuh Jual - Peluang),Netral / Sepi Berita,Normal / Sedang Transisi,Mendekati Fibo 50.0%,0,WAIT & SEE,TIDAK ADA,2026-09-28 11:55:04,Biasa / Mengikuti Pasar
11:55,AWAN,Transaksi Sepi (Skip Broksum),Small Cap (Lapis 3),Overvalued (Mahal),0.0,7.245695,154.0,162,147,176,-0.6451612903225806,2613500,Tembus MA20,39,Negatif,Downtrend,Bearish,Strong Bearish,Konsolidasi / Transisi,Akumulasi Kuat,Distribusi (Turun),Gap Down (-3.2%),Seimbang / Adu Mekanik,Bottom Rebound,Sedang,Normal,Area Tengah,< 1 Miliar,Di Bawah VWAP (Lemah),Akumulasi Pro (Smart Money),Gorengan Sepi (< 5M),Ledakan Ekstrem (> 300%),Distribution (Fase Jualan),Normal,Normal,Turun 3 Hari Beruntun,TP: 163 | CL: 147,Normal,Sangat Menarik (> 1:3),Golden Cross (Awal Bullish),Netral / Sepi Berita,Normal / Sedang Transisi,Dekat Support Fibo 61.8% (Golden Ratio),2,WAIT & SEE,TIDAK ADA,2026-09-28 11:55:04,Biasa / Mengikuti Pasar
11:55,MBMA,Token Mati (Perlu Update),Big Cap (Lapis 1),Overvalued (Mahal),48.792267,33666.668,510.0,520,486,570,2.0,28222300,Normal,47,Positif,Downtrend,Bearish,Strong Bearish,Strong Downtrend (5<20<50),Normal,Distribusi (Turun),Normal,Seimbang / Adu Mekanik,Normal,Sedang,Normal,Area Tengah,> 1 Miliar,Persis di VWAP,Distribusi Pro (Guyuran),Ritel Aktif (5M - 50M),Sepi (< 50%),Mark-Down (Fase Runtuh),Normal,Normal,Naik 1 Hari Beruntun,TP: 545 | CL: 486,Open = Low (Bullish Kuat),Ideal (1:2),Golden Cross (Awal Bullish),Netral / Sepi Berita,Normal / Sedang Transisi,Dekat Support Fibo 61.8% (Golden Ratio),1,WAIT & SEE,TIDAK ADA,2026-09-28 11:55:04,Biasa / Mengikuti Pasar
11:55,RAAM,Transaksi Sepi (Skip Broksum),Mid Cap (Lapis 2),Fair Value (Wajar),0.0,0.90176815,166.0,178,163,208,-1.7751479289940828,1142300,Normal,33,Negatif,Downtrend,Bearish,Strong Bearish,Strong Downtrend (5<20<50),Normal,Akumulasi (Naik),Gap Up (+2.4%),Seimbang / Adu Mekanik,Bottom Rebound,Tinggi,Normal,Dekat Support (Low Risk),< 1 Miliar,Di Bawah VWAP (Lemah),Akumulasi Pro (Smart Money),Gorengan Sepi (< 5M),Sepi (< 50%),Mark-Down (Fase Runtuh),Normal,Normal,Turun 2 Hari Beruntun,TP: 178 | CL: 157,Open = High (Tekanan Jual),Sangat Menarik (> 1:3),Netral / Sideways,Netral / Sepi Berita,Normal / Sedang Transisi,Dekat Support Fibo Bottom / 100%,2,WAIT & SEE,TIDAK ADA,2026-09-28 11:55:04,Biasa / Mengikuti Pasar
11:55,DOOH,Token Mati (Perlu Update),Mid Cap (Lapis 2),Overvalued (Mahal),36.81687,9.600719,384.0,374,326,482,5.4945054945054945,125897000,Tembus MA20,55,Positif,Uptrend,Bullish,Bearish MACD,Perfect Uptrend (5>20>50),Normal,Akumulasi (Naik),Normal,Seimbang / Adu Mekanik,Normal,Tinggi,Normal,Rawan Pucuk (High Risk),> 1 Miliar,Persis di VWAP,Akumulasi Pro (Smart Money),Sultan (> 50M/hari),Normal (50-150%),Mark-Up (Fase Pesta),Normal,Normal,Naik 1 Hari Beruntun,TP: 447 | CL: 342,Normal,Ideal (1:2),Netral / Sideways,Netral / Sepi Berita,Normal / Sedang Transisi,Mengambang (Jauh dari Fibo),6,WAIT & SEE,TIDAK ADA,2026-09-28 11:55:04,Biasa / Mengikuti Pasar
11:55,CGAS,Transaksi Sepi (Skip Broksum),Small Cap (Lapis 3),Undervalued (Murah),11.229946,0.9708866,147.0,149,140,157,1.3793103448275863,994200,Normal,45,Positif,Downtrend,Bearish,Strong Bearish,Strong Downtrend (5<20<50),Normal,Distribusi (Turun),Normal,Seimbang / Adu Mekanik,Squeeze,Rendah,Normal,Area Tengah,< 1 Miliar,Di Bawah VWAP (Lemah),Distribusi Pro (Guyuran),Gorengan Sepi (< 5M),Sepi (< 50%),Mark-Down (Fase Runtuh),Spesialis Tiang Jemuran (Banting Pucuk),Normal,Naik 1 Hari Beruntun,TP: 156 | CL: 140,Normal,Menengah (1:1),Netral / Sideways,Netral / Sepi Berita,Normal / Sedang Transisi,Dekat Support Fibo 78.6%,1,WAIT & SEE,TIDAK ADA,2026-09-28 11:55:04,Biasa / Mengikuti Pasar
11:55,NICE,Transaksi Sepi (Skip Broksum),Mid Cap (Lapis 2),Overvalued (Mahal),0.0,9.844756,338.0,359,318,406,-0.5882352941176471,460600,Normal,49,Negatif,Downtrend,Bearish,Bearish MACD,Konsolidasi / Transisi,Normal,Distribusi (Turun),Gap Down (-4.1%),Dominan Beli (Hajar Kanan),Bottom Rebound,Sedang,Normal,Area Tengah,< 1 Miliar,Di Bawah VWAP (Lemah),Distribusi Pro (Guyuran),Gorengan Sepi (< 5M),Sepi (< 50%),Distribution (Fase Jualan),Normal,Normal,Turun 5 Hari Beruntun,TP: 368 | CL: 317,Open = Low (Bullish Kuat),Sangat Menarik (> 1:3),Oversold (Jenuh Jual - Peluang),Netral / Sepi Berita,Normal / Sedang Transisi,Mendekati Fibo 50.0%,1,WAIT & SEE,TIDAK ADA,2026-09-28 11:55:04,Biasa / Mengikuti Pasar
11:55,MSJA,Token Mati (Perlu Update),Mid Cap (Lapis 2),Overvalued (Mahal),53.760098,61785.71,865.0,730,426,920,0.0,5777200,Normal,73,Negatif,Uptrend,Bullish,Strong Bullish,Perfect Uptrend (5>20>50),Normal,Akumulasi (Naik),Normal,Seimbang / Adu Mekanik,Normal,Tinggi,Doji (Ragu-ragu),Rawan Pucuk (High Risk),> 1 Miliar,Persis di VWAP,Akumulasi Pro (Smart Money),Ritel Aktif (5M - 50M),Sepi (< 50%),Mark-Up (Fase Pesta),Normal,Normal,Sideways / Stagnan,TP: 986 | CL: 784,Normal,Tidak Ideal (< 1:1),Overbought (Jenuh Beli - Rawan),Netral / Sepi Berita,Normal / Sedang Transisi,Mengambang (Jauh dari Fibo),5,WAIT & SEE,TIDAK ADA,2026-09-28 11:55:04,Biasa / Mengikuti Pasar
11:55,SMLE,Token Mati (Perlu Update),Small Cap (Lapis 3),Overvalued (Mahal),0.0,5.6096573,252.0,214,172,298,-10.638297872340425,12084900,Normal,65,Negatif,Uptrend,Bullish,Strong Bullish,Perfect Uptrend (5>20>50),Normal,Akumulasi (Naik),Normal,Dominan Jual (Guyur),Normal,Tinggi,Normal,Rawan Pucuk (High Risk),> 1 Miliar,Di Bawah VWAP (Lemah),Akumulasi Pro (Smart Money),Ritel Aktif (5M - 50M),Sepi (< 50%),Mark-Up (Fase Pesta),Normal,Normal,Turun 1 Hari Beruntun,TP: 285 | CL: 229,Normal,Tidak Ideal (< 1:1),Death Cross (Awal Bearish),Netral / Sepi Berita,Normal / Sedang Transisi,Dekat Support Fibo 23.6%,5,WAIT & SEE,TIDAK ADA,2026-09-28 11:55:04,Biasa / Mengikuti Pasar
11:55,ACRO,Transaksi Sepi (Skip Broksum),Small Cap (Lapis 3),Fair Value (Wajar),0.0,0.9542349,50.0,63,49,76,-9.090909090909092,10766400,Normal,23,Negatif,Downtrend,Bearish,Strong Bearish,Konsolidasi / Transisi,Normal,Akumulasi (Naik),Normal,Dominan Jual (Guyur),Normal,Tinggi,Normal,Dekat Support (Low Risk),< 1 Miliar,Di Bawah VWAP (Lemah),Distribusi Pro (Guyuran),Gorengan Sepi (< 5M),Sepi (< 50%),Distribution (Fase Jualan),Normal,Normal,Turun 3 Hari Beruntun,TP: 56 | CL: 45,Open = High (Tekanan Jual),Sangat Menarik (> 1:3),Oversold (Jenuh Jual - Peluang),Netral / Sepi Berita,Normal / Sedang Transisi,Golden Rebound Fibo Bottom / 100% 🎯,1,WAIT & SEE,TIDAK ADA,2026-09-28 11:55:04,Biasa / Mengikuti Pasar
11:55,MANG,Transaksi Sepi (Skip Broksum),Small Cap (Lapis 3),Fair Value (Wajar),0.0,1.0501137,36.0,39,35,49,0.0,9178100,Normal,36,Negatif,Downtrend,Bearish,Strong Bearish,Konsolidasi / Transisi,Normal,Distribusi (Turun),Normal,Seimbang / Adu Mekanik,Normal,Tinggi,Doji (Ragu-ragu),Dekat Support (Low Risk),< 1 Miliar,Di Bawah VWAP (Lemah),Akumulasi Pro (Smart Money),Gorengan Sepi (< 5M),Normal (50-150%),Distribution (Fase Jualan),Solid (Jarang Dibanting),Normal,Sideways / Stagnan,TP: 39 | CL: 33,Normal,Sangat Menarik (> 1:3),Oversold (Jenuh Jual - Peluang),Netral / Sepi Berita,Normal / Sedang Transisi,Mendekati Fibo Bottom / 100%,0,WAIT & SEE,TIDAK ADA,2026-09-28 11:55:04,Biasa / Mengikuti Pasar
11:55,WIFI,Token Mati (Perlu Update),Mid Cap (Lapis 2),Fair Value (Wajar),17.048246,1.233976,1735.0,1962,1695,2250,0.5797101449275363,7363900,Normal,31,Positif,Downtrend,Bearish,Strong Bearish,Strong Downtrend (5<20<50),Normal,Distribusi (Turun),Normal,Dominan Beli (Hajar Kanan),Normal,Tinggi,Normal,Dekat Support (Low Risk),> 1 Miliar,Di Bawah VWAP (Lemah),Distribusi Pro (Guyuran),Ritel Aktif (5M - 50M),Normal (50-150%),Mark-Down (Fase Runtuh),Spesialis Tiang Jemuran (Banting Pucuk),Normal,Naik 1 Hari Beruntun,TP: 1837 | CL: 1666,Normal,Sangat Menarik (> 1:3),Oversold (Jenuh Jual - Peluang),Netral / Sepi Berita,Normal / Sedang Transisi,Mendekati Fibo 78.6%,2,WAIT & SEE,TIDAK ADA,2026-09-28 11:55:04,Biasa / Mengikuti Pasar
11:55,FAPA,Transaksi Sepi (Skip Broksum),Big Cap (Lapis 1),Overvalued (Mahal),20.381184,6.2089443,7400.0,7447,6375,8950,-0.33670033670033667,700,Normal,45,Negatif,Downtrend,Bearish,Strong Bearish,Konsolidasi / Transisi,Normal,Distribusi (Turun),Normal,Tidak Ada Transaksi,Squeeze,Rendah,Doji (Ragu-ragu),Rawan Pucuk (High Risk),< 1 Miliar,Persis di VWAP,Akumulasi Pro (Smart Money),Gorengan Sepi (< 5M),Sepi (< 50%),Distribution (Fase Jualan),Normal,Normal,Turun 2 Hari Beruntun,TP: 7456 | CL: 7362,Normal,Ideal (1:2),Netral / Sideways,Netral / Sepi Berita,Supply Kering (Siap Pump) 🏜️,Golden Rebound Fibo 61.8% (Golden Ratio) 🎯,0,WAIT & SEE,TIDAK ADA,2026-09-28 11:55:04,Biasa / Mengikuti Pasar
11:55,DCII,Transaksi Sepi (Skip Broksum),Big Cap (Lapis 1),Overvalued (Mahal),416.66666,101.95291,198000.0,199351,185050,202275,-1.4925373134328357,600,Normal,48,Negatif,Downtrend,Bullish,Strong Bearish,Perfect Uptrend (5>20>50),Normal,Distribusi (Turun),Normal,Dominan Jual (Guyur),Squeeze,Rendah,Normal,Area Tengah,< 1 Miliar,Di Bawah VWAP (Lemah),Distribusi Pro (Guyuran),Gorengan Sepi (< 5M),Normal (50-150%),Distribution (Fase Jualan),Normal,Normal,Turun 1 Hari Beruntun,TP: 201195 | CL: 195869,Open = High (Tekanan Jual),Tidak Ideal (< 1:1),Death Cross (Awal Bearish),Netral / Sepi Berita,Normal / Sedang Transisi,Dekat Support Fibo 38.2%,1,WAIT & SEE,TIDAK ADA,2026-09-28 11:55:04,Biasa / Mengikuti Pasar
11:55,KETR,Token Mati (Perlu Update),Mid Cap (Lapis 2),Overvalued (Mahal),39.781593,2.3614502,1015.0,922,805,1060,4.102564102564102,41996100,Normal,66,Positif,Uptrend,Bullish,Bearish MACD,Perfect Uptrend (5>20>50),Normal,Akumulasi (Naik),Normal,Dominan Beli (Hajar Kanan),Normal,Tinggi,Normal,Rawan Pucuk (High Risk),> 1 Miliar,Di Atas VWAP (Kuat),Akumulasi Pro (Smart Money),Ritel Aktif (5M - 50M),Normal (50-150%),Mark-Up (Fase Pesta),Spesialis Tiang Jemuran (Banting Pucuk),Normal,Naik 2 Hari Beruntun,TP: 1147 | CL: 926,Normal,Tidak Ideal (< 1:1),Netral / Sideways,Netral / Sepi Berita,Normal / Sedang Transisi,Mengambang (Jauh dari Fibo),6,WAIT & SEE,TIDAK ADA,2026-09-28 11:55:04,Biasa / Mengikuti Pasar
11:55,DGNS,Transaksi Sepi (Skip Broksum),Small Cap (Lapis 3),Undervalued (Murah),4.7451873,1.4692532,246.0,264,236,300,-2.380952380952381,1240400,Normal,43,Negatif,Downtrend,Bearish,Bearish MACD,Konsolidasi / Transisi,Normal,Distribusi (Turun),Normal,Dominan Jual (Guyur),Normal,Tinggi,Normal,Area Tengah,< 1 Miliar,Di Bawah VWAP (Lemah),Distribusi Pro (Guyuran),Gorengan Sepi (< 5M),Normal (50-150%),Distribution (Fase Jualan),Spesialis Tiang Jemuran (Banting Pucuk),Normal,Turun 2 Hari Beruntun,TP: 271 | CL: 228,Normal,Sangat Menarik (> 1:3),Oversold (Jenuh Jual - Peluang),Netral / Sepi Berita,Normal / Sedang Transisi,Golden Rebound Fibo 61.8% (Golden Ratio) 🎯,0,WAIT & SEE,TIDAK ADA,2026-09-28 11:55:04,Biasa / Mengikuti Pasar
11:55,UFOE,Transaksi Sepi (Skip Broksum),Small Cap (Lapis 3),Overvalued (Mahal),27.006752,1.6463163,144.0,144,134,178,5.109489051094891,531800,Normal,53,Positif,Downtrend,Bearish,Strong Bearish,Konsolidasi / Transisi,Normal,Distribusi (Turun),Normal,Seimbang / Adu Mekanik,Normal,Sedang,Normal,Area Tengah,< 1 Miliar,Di Atas VWAP (Kuat),Distribusi Pro (Guyuran),Gorengan Sepi (< 5M),Normal (50-150%),Distribution (Fase Jualan),Spesialis Tiang Jemuran (Banting Pucuk),Normal,Naik 1 Hari Beruntun,TP: 155 | CL: 136,Open = Low (Bullish Kuat),Sangat Menarik (> 1:3),Golden Cross (Awal Bullish),Netral / Sepi Berita,Supply Kering (Siap Pump) 🏜️,Mendekati Fibo 78.6%,2,WAIT & SEE,TIDAK ADA,2026-09-28 11:55:04,Biasa / Mengikuti Pasar
11:55,CHEK,Transaksi Sepi (Skip Broksum),Small Cap (Lapis 3),Fair Value (Wajar),0.0,2.4885526,125.0,131,125,161,-2.34375,303800,Normal,37,Negatif,Downtrend,Bearish,Strong Bearish,Strong Downtrend (5<20<50),Normal,Akumulasi (Naik),Normal,Dominan Jual (Guyur),Bottom Rebound,Sedang,Normal,Dekat Support (Low Risk),< 1 Miliar,Di Bawah VWAP (Lemah),Distribusi Pro (Guyuran),Gorengan Sepi (< 5M),Sepi (< 50%),Mark-Down (Fase Runtuh),Normal,Normal,Turun 3 Hari Beruntun,TP: 130 | CL: 121,Open = High (Tekanan Jual),Di Area Support,Oversold (Jenuh Jual - Peluang),Netral / Sepi Berita,Supply Kering (Siap Pump) 🏜️,Mendekati Fibo Bottom / 100%,1,WAIT & SEE,TIDAK ADA,2026-09-28 11:55:04,Biasa / Mengikuti Pasar
11:55,PMUI,Transaksi Sepi (Skip Broksum),Small Cap (Lapis 3),Fair Value (Wajar),0.0,1.3639497,97.0,104,94,124,-5.825242718446602,3907200,Normal,43,Negatif,Downtrend,Bullish,Bearish MACD,Perfect Uptrend (5>20>50),Normal,Akumulasi (Naik),Normal,Seimbang / Adu Mekanik,Normal,Sedang,Normal,Area Tengah,< 1 Miliar,Di Bawah VWAP (Lemah),Distribusi Pro (Guyuran),Gorengan Sepi (< 5M),Sepi (< 50%),Distribution (Fase Jualan),Spesialis Tiang Jemuran (Banting Pucuk),Normal,Turun 2 Hari Beruntun,TP: 106 | CL: 90,Open = High (Tekanan Jual),Sangat Menarik (> 1:3),Netral / Sideways,Netral / Sepi Berita,Supply Banjir (Distribusi) 🌊,Dekat Support Fibo 61.8% (Golden Ratio),2,WAIT & SEE,TIDAK ADA,2026-09-28 11:55:04,Biasa / Mengikuti Pasar
11:55,EMAS,Token Mati (Perlu Update),Big Cap (Lapis 1),Overvalued (Mahal),0.0,300000.0,7500.0,8052,7300,9525,-1.639344262295082,3424000,Normal,42,Negatif,Downtrend,Bearish,Strong Bearish,Konsolidasi / Transisi,Normal,Akumulasi (Naik),Normal,Seimbang / Adu Mekanik,Normal,Tinggi,Normal,Dekat Support (Low Risk),> 1 Miliar,Di Bawah VWAP (Lemah),Distribusi Pro (Guyuran),Sultan (> 50M/hari),Sepi (< 50%),Distribution (Fase Jualan),Normal,Normal,Turun 1 Hari Beruntun,TP: 8014 | CL: 7157,Open = High (Tekanan Jual),Sangat Menarik (> 1:3),Oversold (Jenuh Jual - Peluang),Netral / Sepi Berita,Normal / Sedang Transisi,Golden Rebound Fibo 50.0% 🎯,1,WAIT & SEE,TIDAK ADA,2026-09-28 11:55:04,Biasa / Mengikuti Pasar
11:55,PJHB,Transaksi Sepi (Skip Broksum),Small Cap (Lapis 3),Fair Value (Wajar),0.0,0.6844086,157.0,178,154,194,-3.0864197530864197,1141000,Normal,23,Negatif,Downtrend,Bearish,Strong Bearish,Konsolidasi / Transisi,Normal,Distribusi (Turun),Normal,Seimbang / Adu Mekanik,Normal,Tinggi,Normal,Dekat Support (Low Risk),< 1 Miliar,Di Bawah VWAP (Lemah),Distribusi Pro (Guyuran),Gorengan Sepi (< 5M),Normal (50-150%),Distribution (Fase Jualan),Spesialis Tiang Jemuran (Banting Pucuk),Normal,Turun 5 Hari Beruntun,TP: 169 | CL: 148,Normal,Sangat Menarik (> 1:3),Oversold (Jenuh Jual - Peluang),Netral / Sepi Berita,Normal / Sedang Transisi,Mendekati Fibo Bottom / 100%,0,WAIT & SEE,TIDAK ADA,2026-09-28 11:55:04,Biasa / Mengikuti Pasar
11:55,RLCO,Transaksi Sepi (Skip Broksum),Big Cap (Lapis 1),Overvalued (Mahal),285.4062,38.17124,3970.0,4369,3810,4850,-0.75,237900,Normal,35,Negatif,Downtrend,Bearish,Strong Bearish,Strong Downtrend (5<20<50),Normal,Distribusi (Turun),Normal,Dominan Beli (Hajar Kanan),Normal,Tinggi,Hammer (Potensi Reversal),Area Tengah,< 1 Miliar,Di Bawah VWAP (Lemah),Distribusi Pro (Guyuran),Gorengan Sepi (< 5M),Normal (50-150%),Mark-Down (Fase Runtuh),Normal,Jarum Bawah (Sinyal Pantulan Kuat),Turun 2 Hari Beruntun,TP: 4215 | CL: 3806,Open = High (Tekanan Jual),Sangat Menarik (> 1:3),Oversold (Jenuh Jual - Peluang),Netral / Sepi Berita,Normal / Sedang Transisi,Mendekati Fibo 61.8% (Golden Ratio),1,WAIT & SEE,TIDAK ADA,2026-09-28 11:55:04,Biasa / Mengikuti Pasar
11:55,SUPA,Token Mati (Perlu Update),Big Cap (Lapis 1),Overvalued (Mahal),63.636364,2.011965,490.0,507,452,550,-2.0,5591000,Normal,37,Negatif,Downtrend,Bearish,Bullish MACD,Strong Downtrend (5<20<50),Normal,Akumulasi (Naik),Normal,Dominan Jual (Guyur),Normal,Sedang,Normal,Area Tengah,> 1 Miliar,Persis di VWAP,Akumulasi Pro (Smart Money),Ritel Aktif (5M - 50M),Sepi (< 50%),Mark-Down (Fase Runtuh),Normal,Normal,Turun 1 Hari Beruntun,TP: 514 | CL: 473,Normal,Ideal (1:2),Death Cross (Awal Bearish),Netral / Sepi Berita,Normal / Sedang Transisi,Dekat Support Fibo 78.6%,2,WAIT & SEE,TIDAK ADA,2026-09-28 11:55:04,Biasa / Mengikuti Pasar
11:55,WBSA,Token Mati (Perlu Update),Mid Cap (Lapis 2),Fair Value (Wajar),0.0,0.0,610.0,672,600,755,-2.4,3572300,Normal,37,Negatif,Downtrend,Bearish,Strong Bearish,Konsolidasi / Transisi,Normal,Distribusi (Turun),Normal,Seimbang / Adu Mekanik,Bottom Rebound,Tinggi,Normal,Dekat Support (Low Risk),> 1 Miliar,Di Bawah VWAP (Lemah),Distribusi Pro (Guyuran),Ritel Aktif (5M - 50M),Sepi (< 50%),Distribution (Fase Jualan),Normal,Normal,Turun 3 Hari Beruntun,TP: 652 | CL: 581,Open = High (Tekanan Jual),Sangat Menarik (> 1:3),Oversold (Jenuh Jual - Peluang),Netral / Sepi Berita,Normal / Sedang Transisi,Mendekati Fibo Bottom / 100%,0,WAIT & SEE,TIDAK ADA,2026-09-28 11:55:04,Biasa / Mengikuti Pasar
11:55,JECX,Transaksi Sepi (Skip Broksum),Mid Cap (Lapis 2),Overvalued (Mahal),63.958706,7.3123045,1425.0,1429,1260,1880,1.0638297872340425,495100,Normal,51,Positif,Downtrend,Bullish,Strong Bullish,Perfect Uptrend (5>20>50),Normal,Akumulasi (Naik),Normal,Seimbang / Adu Mekanik,Normal,Tinggi,Doji (Ragu-ragu),Rawan Pucuk (High Risk),< 1 Miliar,Di Bawah VWAP (Lemah),Akumulasi Pro (Smart Money),Ritel Aktif (5M - 50M),Sepi (< 50%),Distribution (Fase Jualan),Normal,Normal,Naik 1 Hari Beruntun,TP: 1550 | CL: 1341,Normal,Ideal (1:2),Death Cross (Awal Bearish),Netral / Sepi Berita,Normal / Sedang Transisi,Mendekati Fibo 78.6%,5,WAIT & SEE,TIDAK ADA,2026-09-28 11:55:04,Biasa / Mengikuti Pasar
11:55,JELI,Token Mati (Perlu Update),Small Cap (Lapis 3),Overvalued (Mahal),32.881084,3.9095488,412.0,518,408,610,-5.93607305936073,3212600,Normal,23,Negatif,Downtrend,Bearish,Strong Bearish,Strong Downtrend (5<20<50),Normal,Distribusi (Turun),Normal,Dominan Jual (Guyur),Normal,Tinggi,Normal,Dekat Support (Low Risk),> 1 Miliar,Di Bawah VWAP (Lemah),Distribusi Pro (Guyuran),Gorengan Sepi (< 5M),Normal (50-150%),Mark-Down (Fase Runtuh),Normal,Normal,Turun 3 Hari Beruntun,TP: 463 | CL: 377,Open = High (Tekanan Jual),Sangat Menarik (> 1:3),Oversold (Jenuh Jual - Peluang),Netral / Sepi Berita,Normal / Sedang Transisi,Golden Rebound Fibo Bottom / 100% 🎯,0,WAIT & SEE,TIDAK ADA,2026-09-28 11:55:04,Biasa / Mengikuti Pasar
11:55,EMMI,Token Mati (Perlu Update),Small Cap (Lapis 3),Overvalued (Mahal),0.0,5.1425796,450.0,366,302,458,1.3513513513513513,3603000,Normal,75,Positif,Uptrend,Bullish,Strong Bullish,Awal Reversal (5>20),Normal,Akumulasi (Naik),Normal,Dominan Beli (Hajar Kanan),Breakout Upper,Tinggi,Normal,Rawan Pucuk (High Risk),> 1 Miliar,Di Atas VWAP (Kuat),Akumulasi Pro (Smart Money),Ritel Aktif (5M - 50M),Sepi (< 50%),Accumulation (Kumpul Barang),Normal,Normal,Naik 8 Hari Beruntun,TP: 487 | CL: 425,Normal,Tidak Ideal (< 1:1),Overbought (Jenuh Beli - Rawan),Netral / Sepi Berita,Normal / Sedang Transisi,Dekat Support Fibo 50.0%,7,BELI,TIDAK ADA,2026-09-28 11:55:04,Biasa / Mengikuti Pasar
11:55,BACH,Token Mati (Perlu Update),Mid Cap (Lapis 2),Fair Value (Wajar),8.818898,1.9016571,340.0,416,330,470,-0.5847953216374269,10996900,Normal,23,Negatif,Downtrend,Bearish,Strong Bearish,Strong Downtrend (5<20<50),Normal,Distribusi (Turun),Normal,Dominan Beli (Hajar Kanan),Bottom Rebound,Tinggi,Normal,Area Tengah,> 1 Miliar,Di Bawah VWAP (Lemah),Distribusi Pro (Guyuran),Ritel Aktif (5M - 50M),Sepi (< 50%),Mark-Down (Fase Runtuh),Normal,Jarum Bawah (Sinyal Pantulan Kuat),Turun 3 Hari Beruntun,TP: 367 | CL: 321,Normal,Sangat Menarik (> 1:3),Oversold (Jenuh Jual - Peluang),Netral / Sepi Berita,Normal / Sedang Transisi,Mendekati Fibo Bottom / 100%,1,WAIT & SEE,TIDAK ADA,2026-09-28 11:55:04,Biasa / Mengikuti Pasar
11:55,PRDL,Token Mati (Perlu Update),Small Cap (Lapis 3),Overvalued (Mahal),0.0,3.1230993,192.0,227,192,290,-4.0,5718400,Normal,30,Negatif,Downtrend,Bearish,Strong Bearish,Strong Downtrend (5<20<50),Normal,Akumulasi (Naik),Normal,Dominan Jual (Guyur),Normal,Tinggi,Normal,Dekat Support (Low Risk),> 1 Miliar,Di Bawah VWAP (Lemah),Distribusi Pro (Guyuran),Ritel Aktif (5M - 50M),Sepi (< 50%),Mark-Down (Fase Runtuh),Spesialis Tiang Jemuran (Banting Pucuk),Normal,Turun 3 Hari Beruntun,TP: 214 | CL: 176,Normal,Di Area Support,Oversold (Jenuh Jual - Peluang),Netral / Sepi Berita,Normal / Sedang Transisi,Mengambang (Jauh dari Fibo),1,WAIT & SEE,TIDAK ADA,2026-09-28 11:55:04,Biasa / Mengikuti Pasar
11:55,RANS,Token Mati (Perlu Update),Mid Cap (Lapis 2),Overvalued (Mahal),40.289253,5.8600793,195.0,202,189,232,1.0362694300518136,22115000,Normal,41,Positif,Downtrend,Bearish,Strong Bearish,Strong Downtrend (5<20<50),Normal,Distribusi (Turun),Normal,Seimbang / Adu Mekanik,Normal,Tinggi,Normal,Area Tengah,> 1 Miliar,Persis di VWAP,Distribusi Pro (Guyuran),Ritel Aktif (5M - 50M),Sepi (< 50%),Mark-Down (Fase Runtuh),Spesialis Tiang Jemuran (Banting Pucuk),Normal,Naik 1 Hari Beruntun,TP: 207 | CL: 186,Normal,Sangat Menarik (> 1:3),Golden Cross (Awal Bullish),Netral / Sepi Berita,Normal / Sedang Transisi,Mendekati Fibo Bottom / 100%,1,WAIT & SEE,TIDAK ADA,2026-09-28 11:55:04,Biasa / Mengikuti Pasar
11:55,WMPP,Token Mati (Perlu Update),Small Cap (Lapis 3),Overvalued (Mahal),23.021584,3.6968577,32.0,29,26,33,18.51851851851852,164073000,Tembus MA20,56,Positif,Uptrend,Bearish,Strong Bearish,Konsolidasi / Transisi,Akumulasi Kuat,Akumulasi (Naik),Gap Up (+7.4%),Dominan Beli (Hajar Kanan),Normal,Tinggi,Normal,Rawan Pucuk (High Risk),> 1 Miliar,Di Atas VWAP (Kuat),Akumulasi Pro (Smart Money),Gorengan Sepi (< 5M),Ledakan Ekstrem (> 300%),Mark-Up (Fase Pesta),Normal,Normal,Naik 1 Hari Beruntun,TP: 34 | CL: 30,Normal,Tidak Ideal (< 1:1),Netral / Sideways,Netral / Sepi Berita,Normal / Sedang Transisi,Mendekati Fibo 38.2%,8,BELI,TIDAK ADA,2026-09-28 11:55:04,⚠️ Anomali (Sudah Terbang)
11:55,RMKE,Token Mati (Perlu Update),Mid Cap (Lapis 2),Overvalued (Mahal),24.537354,4.0392647,360.0,410,356,442,-5.263157894736842,80749000,Tembus MA20,30,Negatif,Downtrend,Bearish,Strong Bearish,Strong Downtrend (5<20<50),Normal,Distribusi (Turun),Normal,Dominan Jual (Guyur),Normal,Tinggi,Normal,Dekat Support (Low Risk),> 1 Miliar,Di Bawah VWAP (Lemah),Distribusi Pro (Guyuran),Ritel Aktif (5M - 50M),Normal (50-150%),Mark-Down (Fase Runtuh),Normal,Normal,Turun 4 Hari Beruntun,TP: 387 | CL: 341,Normal,Sangat Menarik (> 1:3),Oversold (Jenuh Jual - Peluang),Netral / Sepi Berita,Normal / Sedang Transisi,Golden Rebound Fibo Bottom / 100% 🎯,1,WAIT & SEE,TIDAK ADA,2026-09-28 11:55:04,Biasa / Mengikuti Pasar
11:55,OBMD,Transaksi Sepi (Skip Broksum),Small Cap (Lapis 3),Fair Value (Wajar),0.0,0.72687143,191.0,194,178,250,-0.5208333333333333,557600,Normal,47,Negatif,Downtrend,Bullish,Bearish MACD,Awal Reversal (5>20),Normal,Akumulasi (Naik),Gap Down (-3.1%),Seimbang / Adu Mekanik,Normal,Sedang,Normal,Area Tengah,< 1 Miliar,Di Bawah VWAP (Lemah),Distribusi Pro (Guyuran),Gorengan Sepi (< 5M),Sepi (< 50%),Mark-Down (Fase Runtuh),Spesialis Tiang Jemuran (Banting Pucuk),Normal,Turun 2 Hari Beruntun,TP: 213 | CL: 175,Normal,Sangat Menarik (> 1:3),Oversold (Jenuh Jual - Peluang),Netral / Sepi Berita,Normal / Sedang Transisi,Golden Rebound Fibo 61.8% (Golden Ratio) 🎯,2,WAIT & SEE,TIDAK ADA,2026-09-28 11:55:04,Biasa / Mengikuti Pasar
11:55,AVIA,Token Mati (Perlu Update),Big Cap (Lapis 1),Fair Value (Wajar),10.529595,2.0781968,338.0,351,330,378,-1.744186046511628,4168700,Normal,45,Negatif,Downtrend,Bearish,Strong Bearish,Konsolidasi / Transisi,Normal,Distribusi (Turun),Normal,Seimbang / Adu Mekanik,Normal,Tinggi,Normal,Dekat Support (Low Risk),> 1 Miliar,Persis di VWAP,Akumulasi Pro (Smart Money),Gorengan Sepi (< 5M),Sepi (< 50%),Distribution (Fase Jualan),Normal,Normal,Turun 1 Hari Beruntun,TP: 354 | CL: 326,Open = High (Tekanan Jual),Sangat Menarik (> 1:3),Netral / Sideways,Netral / Sepi Berita,Normal / Sedang Transisi,Dekat Support Fibo 61.8% (Golden Ratio),0,WAIT & SEE,TIDAK ADA,2026-09-28 11:55:04,Biasa / Mengikuti Pasar
11:55,NASI,Token Mati (Perlu Update),Small Cap (Lapis 3),Overvalued (Mahal),35.36658,2.6131127,179.0,189,142,364,-10.050251256281408,19705000,Normal,48,Negatif,Downtrend,Bullish,Bearish MACD,Perfect Uptrend (5>20>50),Normal,Distribusi (Turun),Gap Down (-2.0%),Seimbang / Adu Mekanik,Normal,Tinggi,Normal,Rawan Pucuk (High Risk),> 1 Miliar,Di Bawah VWAP (Lemah),Distribusi Pro (Guyuran),Ritel Aktif (5M - 50M),Sepi (< 50%),Distribution (Fase Jualan),Spesialis Tiang Jemuran (Banting Pucuk),Normal,Turun 4 Hari Beruntun,TP: 223 | CL: 149,Open = High (Tekanan Jual),Sangat Menarik (> 1:3),Netral / Sideways,Netral / Sepi Berita,Normal / Sedang Transisi,Mengambang (Jauh dari Fibo),1,WAIT & SEE,TIDAK ADA,2026-09-28 11:55:04,Biasa / Mengikuti Pasar
11:55,BSML,Token Mati (Perlu Update),Mid Cap (Lapis 2),Overvalued (Mahal),166.61617,7.66433,550.0,537,505,575,1.8518518518518516,3754500,Normal,59,Positif,Uptrend,Bullish,Strong Bullish,Perfect Uptrend (5>20>50),Normal,Akumulasi (Naik),Normal,Dominan Beli (Hajar Kanan),Normal,Sedang,Normal,Area Tengah,> 1 Miliar,Persis di VWAP,Akumulasi Pro (Smart Money),Gorengan Sepi (< 5M),Sepi (< 50%),Mark-Up (Fase Pesta),Normal,Normal,Naik 1 Hari Beruntun,TP: 577 | CL: 531,Normal,Tidak Ideal (< 1:1),Netral / Sideways,Netral / Sepi Berita,Normal / Sedang Transisi,Dekat Support Fibo 38.2%,7,BELI,TIDAK ADA,2026-09-28 11:55:04,Biasa / Mengikuti Pasar
11:55,DRMA,Transaksi Sepi (Skip Broksum),Mid Cap (Lapis 2),Fair Value (Wajar),6.25,1.5948689,925.0,986,910,1040,0.0,412200,Normal,32,Negatif,Downtrend,Bearish,Strong Bearish,Konsolidasi / Transisi,Normal,Distribusi (Turun),Normal,Dominan Jual (Guyur),Bottom Rebound,Sedang,Doji (Ragu-ragu),Dekat Support (Low Risk),< 1 Miliar,Di Bawah VWAP (Lemah),Distribusi Pro (Guyuran),Gorengan Sepi (< 5M),Sepi (< 50%),Distribution (Fase Jualan),Normal,Normal,Sideways / Stagnan,TP: 961 | CL: 900,Normal,Sangat Menarik (> 1:3),Oversold (Jenuh Jual - Peluang),Netral / Sepi Berita,Normal / Sedang Transisi,Mendekati Fibo 61.8% (Golden Ratio),0,WAIT & SEE,TIDAK ADA,2026-09-28 11:55:04,Biasa / Mengikuti Pasar
11:55,ADMF,Transaksi Sepi (Skip Broksum),Big Cap (Lapis 1),Undervalued (Murah),5.7670126,0.6854409,8650.0,8711,8625,8775,0.0,20200,Normal,46,Negatif,Downtrend,Bearish,Bearish MACD,Konsolidasi / Transisi,Normal,Distribusi (Turun),Normal,Dominan Jual (Guyur),Squeeze,Rendah,Normal,Dekat Support (Low Risk),< 1 Miliar,Persis di VWAP,Distribusi Pro (Guyuran),Gorengan Sepi (< 5M),Normal (50-150%),Distribution (Fase Jualan),Normal,Normal,Sideways / Stagnan,TP: 8759 | CL: 8576,Normal,Sangat Menarik (> 1:3),Netral / Sideways,Netral / Sepi Berita,Supply Kering (Siap Pump) 🏜️,Golden Rebound Fibo 23.6% 🎯,0,WAIT & SEE,TIDAK ADA,2026-09-28 11:55:04,Biasa / Mengikuti Pasar
11:55,ADMG,Transaksi Sepi (Skip Broksum),Small Cap (Lapis 3),Overvalued (Mahal),16.50619,8000.0,240.0,257,224,310,0.8403361344537815,1008900,Normal,41,Positif,Downtrend,Bearish,Strong Bearish,Konsolidasi / Transisi,Normal,Distribusi (Turun),Normal,Dominan Beli (Hajar Kanan),Normal,Tinggi,Normal,Area Tengah,< 1 Miliar,Persis di VWAP,Akumulasi Pro (Smart Money),Gorengan Sepi (< 5M),Normal (50-150%),Distribution (Fase Jualan),Normal,Jarum Bawah (Sinyal Pantulan Kuat),Naik 1 Hari Beruntun,TP: 256 | CL: 229,Normal,Sangat Menarik (> 1:3),Golden Cross (Awal Bullish),Netral / Sepi Berita,Normal / Sedang Transisi,Golden Rebound Fibo 61.8% (Golden Ratio) 🎯,2,WAIT & SEE,TIDAK ADA,2026-09-28 11:55:04,Biasa / Mengikuti Pasar
11:55,ADRO,Token Mati (Perlu Update),Big Cap (Lapis 1),Overvalued (Mahal),7.2202163,16250.0,2610.0,2650,2540,2860,0.38461538461538464,14829100,Normal,49,Positif,Downtrend,Bearish,Strong Bearish,Konsolidasi / Transisi,Normal,Distribusi (Turun),Normal,Dominan Beli (Hajar Kanan),Normal,Sedang,Normal,Dekat Support (Low Risk),> 1 Miliar,Persis di VWAP,Akumulasi Pro (Smart Money),Sultan (> 50M/hari),Sepi (< 50%),Distribution (Fase Jualan),Normal,Jarum Bawah (Sinyal Pantulan Kuat),Naik 2 Hari Beruntun,TP: 2712 | CL: 2541,Normal,Sangat Menarik (> 1:3),Golden Cross (Awal Bullish),Netral / Sepi Berita,Normal / Sedang Transisi,Golden Rebound Fibo 50.0% 🎯,2,WAIT & SEE,TIDAK ADA,2026-09-28 11:55:04,Biasa / Mengikuti Pasar
11:55,AGII,Transaksi Sepi (Skip Broksum),Big Cap (Lapis 1),Overvalued (Mahal),101.44928,2.721496,3360.0,3244,2880,3800,-2.608695652173913,90400,Normal,56,Negatif,Uptrend,Bullish,Strong Bullish,Perfect Uptrend (5>20>50),Normal,Distribusi (Turun),Normal,Seimbang / Adu Mekanik,Normal,Tinggi,Normal,Rawan Pucuk (High Risk),< 1 Miliar,Di Bawah VWAP (Lemah),Akumulasi Pro (Smart Money),Gorengan Sepi (< 5M),Sepi (< 50%),Mark-Up (Fase Pesta),Normal,Jarum Bawah (Sinyal Pantulan Kuat),Turun 3 Hari Beruntun,TP: 3709 | CL: 3127,Normal,Tidak Ideal (< 1:1),Death Cross (Awal Bearish),Netral / Sepi Berita,Normal / Sedang Transisi,Golden Rebound Fibo 38.2% 🎯,4,WAIT & SEE,TIDAK ADA,2026-09-28 11:55:04,Biasa / Mengikuti Pasar
11:55,AGRO,Token Mati (Perlu Update),Mid Cap (Lapis 2),Fair Value (Wajar),0.0,1.1421417,135.0,147,130,158,-3.571428571428571,10168200,Tembus MA20,28,Negatif,Downtrend,Bearish,Strong Bearish,Strong Downtrend (5<20<50),Normal,Distribusi (Turun),Normal,Seimbang / Adu Mekanik,Normal,Tinggi,Normal,Area Tengah,> 1 Miliar,Di Bawah VWAP (Lemah),Distribusi Pro (Guyuran),Gorengan Sepi (< 5M),Anomali Tinggi (150-300%),Mark-Down (Fase Runtuh),Spesialis Tiang Jemuran (Banting Pucuk),Normal,Turun 1 Hari Beruntun,TP: 141 | CL: 130,Normal,Sangat Menarik (> 1:3),Golden Cross (Awal Bullish),Netral / Sepi Berita,Normal / Sedang Transisi,Mendekati Fibo Bottom / 100%,1,WAIT & SEE,TIDAK ADA,2026-09-28 11:55:04,Biasa / Mengikuti Pasar
11:55,AGRS,Transaksi Sepi (Skip Broksum),Mid Cap (Lapis 2),Undervalued (Murah),9.946713,0.45281067,56.0,60,54,68,-1.7543859649122806,4882200,Normal,31,Negatif,Downtrend,Bearish,Strong Bearish,Strong Downtrend (5<20<50),Normal,Distribusi (Turun),Normal,Seimbang / Adu Mekanik,Bottom Rebound,Tinggi,Normal,Area Tengah,< 1 Miliar,Di Bawah VWAP (Lemah),Akumulasi Pro (Smart Money),Gorengan Sepi (< 5M),Normal (50-150%),Mark-Down (Fase Runtuh),Normal,Normal,Turun 2 Hari Beruntun,TP: 59 | CL: 53,Open = High (Tekanan Jual),Sangat Menarik (> 1:3),Golden Cross (Awal Bullish),Netral / Sepi Berita,Normal / Sedang Transisi,Mendekati Fibo Bottom / 100%,0,WAIT & SEE,TIDAK ADA,2026-09-28 11:55:04,Biasa / Mengikuti Pasar
11:55,AHAP,Token Mati (Perlu Update),Small Cap (Lapis 3),Fair Value (Wajar),0.0,2.7582676,97.0,95,76,129,15.476190476190476,172514500,Tembus MA20,52,Positif,Uptrend,Bearish,Strong Bearish,Strong Downtrend (5<20<50),Normal,Akumulasi (Naik),Gap Up (+19.0%),Dominan Jual (Guyur),Normal,Tinggi,Normal,Rawan Pucuk (High Risk),> 1 Miliar,Di Atas VWAP (Kuat),Distribusi Pro (Guyuran),Ritel Aktif (5M - 50M),Normal (50-150%),Accumulation (Kumpul Barang),Normal,Normal,Naik 1 Hari Beruntun,TP: 114 | CL: 85,Normal,Ideal (1:2),Golden Cross (Awal Bullish),Netral / Sepi Berita,Normal / Sedang Transisi,Dekat Support Fibo 61.8% (Golden Ratio),6,WAIT & SEE,TIDAK ADA,2026-09-28 11:55:04,⚠️ Anomali (Sudah Terbang)
11:55,AIMS,Transaksi Sepi (Skip Broksum),Small Cap (Lapis 3),Overvalued (Mahal),25.411463,366.0232,474.0,497,404,630,0.423728813559322,59200,Normal,51,Positif,Downtrend,Bearish,Bearish MACD,Konsolidasi / Transisi,Normal,Distribusi (Turun),Normal,Dominan Jual (Guyur),Bottom Rebound,Sedang,Doji (Ragu-ragu),Rawan Pucuk (High Risk),< 1 Miliar,Di Bawah VWAP (Lemah),Distribusi Pro (Guyuran),Gorengan Sepi (< 5M),Sepi (< 50%),Distribution (Fase Jualan),Spesialis Tiang Jemuran (Banting Pucuk),Normal,Naik 1 Hari Beruntun,TP: 535 | CL: 433,Normal,Ideal (1:2),Golden Cross (Awal Bullish),Netral / Sepi Berita,Normal / Sedang Transisi,Dekat Support Fibo 50.0%,2,WAIT & SEE,TIDAK ADA,2026-09-28 11:55:04,Biasa / Mengikuti Pasar
11:55,PNSE,Transaksi Sepi (Skip Broksum),Small Cap (Lapis 3),Overvalued (Mahal),0.0,3.2562683,480.0,492,464,530,-0.4149377593360996,1100,Normal,39,Negatif,Downtrend,Bearish,Strong Bearish,Strong Downtrend (5<20<50),Normal,Distribusi (Turun),Normal,Dominan Beli (Hajar Kanan),Squeeze,Rendah,Doji (Ragu-ragu),Area Tengah,< 1 Miliar,Persis di VWAP,Akumulasi Pro (Smart Money),Gorengan Sepi (< 5M),Sepi (< 50%),Mark-Down (Fase Runtuh),Solid (Jarang Dibanting),Jarum Bawah (Sinyal Pantulan Kuat),Turun 2 Hari Beruntun,TP: 507 | CL: 461,Normal,Sangat Menarik (> 1:3),Netral / Sideways,Netral / Sepi Berita,Supply Kering (Siap Pump) 🏜️,Mendekati Fibo Bottom / 100%,1,WAIT & SEE,TIDAK ADA,2026-09-28 11:55:04,Biasa / Mengikuti Pasar
11:55,PPRO,Token Mati (Perlu Update),Mid Cap (Lapis 2),Fair Value (Wajar),0.0,-0.28930584,20.0,15,15,20,33.33333333333333,420596000,Tembus MA20,67,Positif,Uptrend,Bullish,Strong Bullish,Awal Reversal (5>20),Akumulasi Kuat,Akumulasi (Naik),Gap Up (+13.3%),Dominan Beli (Hajar Kanan),Breakout Upper,Tinggi,Normal,Rawan Pucuk (High Risk),> 1 Miliar,Di Atas VWAP (Kuat),Akumulasi Pro (Smart Money),Gorengan Sepi (< 5M),Ledakan Ekstrem (> 300%),Accumulation (Kumpul Barang),Normal,Normal,Naik 1 Hari Beruntun,TP: 21 | CL: 18,Normal,Tidak Ideal (< 1:1),Netral / Sideways,Netral / Sepi Berita,Normal / Sedang Transisi,Mengambang (Jauh dari Fibo),10,BELI,TIDAK ADA,2026-09-28 11:55:04,⚠️ Anomali (Sudah Terbang)
